state,project_type,current_stage,total_area_ha,total_parcels,affected_families,compensation_delay_days,active_legal_disputes,pending_statutory_approvals,rr_progress_pct,documentation_deficiency_score,landowner_resistance_index,survey_amendments_count,base_budget_cr,daily_delay_cost_lakhs,delay_days,risk_score,risk_level
Tamil Nadu,Industrial Park,Section 11 (Preliminary Notification),119.3,141,78,25,2,1,77.5,3,2,1,487.6,4.08,97,40.7,MEDIUM
Rajasthan,Highway Expansion,R&R Scheme Implementation,362.2,429,238,36,4,3,43.5,4,2,0,1480.5,11.31,174,73.1,HIGH
Gujarat,Industrial Park,Section 11 (Preliminary Notification),140.2,166,92,18,2,1,82.0,5,4,2,573.1,5.07,125,52.5,MEDIUM
Uttar Pradesh,Railway Dedicated Freight,Section 23 (Award Enquiry & Valuation),273.6,324,180,57,2,0,68.6,3,7,3,1118.3,9.2,139,58.4,MEDIUM
Tamil Nadu,Railway Dedicated Freight,R&R Scheme Implementation,87.8,104,57,46,4,2,32.3,5,8,1,358.9,3.5,211,88.6,HIGH
Bihar,Highway Expansion,Section 30 (Physical Possession Taken),27.5,32,17,18,3,2,72.6,7,7,5,112.4,1.5,181,76.0,HIGH
Odisha,Highway Expansion,Section 19 (Declaration of Acquisition),90.1,106,58,63,3,0,44.9,9,9,2,368.3,3.54,180,75.6,HIGH
Tamil Nadu,Industrial Park,Section 23 (Award Enquiry & Valuation),28.6,33,18,47,6,3,68.3,5,7,4,116.9,2.07,245,99.0,HIGH
Gujarat,Railway Dedicated Freight,Section 23 (Award Enquiry & Valuation),104.8,124,68,46,2,2,48.4,4,4,2,428.4,3.86,137,57.5,MEDIUM
Uttar Pradesh,Railway Dedicated Freight,Section 19 (Declaration of Acquisition),80.9,95,52,36,5,1,92.0,9,9,1,330.7,3.54,173,72.7,HIGH
Rajasthan,Industrial Park,Section 19 (Declaration of Acquisition),112.4,133,73,1,3,1,29.3,8,9,3,459.4,4.25,167,70.1,HIGH
Gujarat,Industrial Park,Section 30 (Physical Possession Taken),16.0,20,11,54,0,3,43.4,5,3,1,65.4,1.59,143,60.1,MEDIUM
Gujarat,Highway Expansion,Section 23 (Award Enquiry & Valuation),36.7,43,23,21,1,1,80.2,9,8,1,150.0,2.42,117,49.1,MEDIUM
Odisha,Metro Rail Corridor,Section 23 (Award Enquiry & Valuation),82.6,97,53,129,2,1,56.9,9,1,5,337.6,3.0,196,82.3,HIGH
Karnataka,Highway Expansion,Section 11 (Preliminary Notification),315.6,373,207,77,4,0,59.6,1,2,1,1290.0,10.21,116,48.7,MEDIUM
Uttar Pradesh,Industrial Park,R&R Scheme Implementation,63.4,75,41,40,2,2,75.5,6,8,0,259.1,2.79,152,63.8,HIGH
Maharashtra,Metro Rail Corridor,R&R Scheme Implementation,70.2,83,46,13,6,2,57.6,5,8,2,286.9,2.82,205,86.1,HIGH
Gujarat,Port Connectivity Highway,Section 11 (Preliminary Notification),140.4,166,92,10,3,2,46.3,6,6,2,573.9,5.0,159,66.8,HIGH
Karnataka,Highway Expansion,R&R Scheme Implementation,107.6,127,70,19,4,1,49.0,3,8,0,439.8,4.42,156,65.5,HIGH
Maharashtra,Highway Expansion,Section 19 (Declaration of Acquisition),50.5,59,32,29,7,2,35.3,3,8,1,206.4,2.71,217,91.1,HIGH
Uttar Pradesh,Highway Expansion,R&R Scheme Implementation,67.9,80,44,16,3,2,79.2,5,2,0,277.5,2.54,118,49.6,MEDIUM
Andhra Pradesh,Highway Expansion,R&R Scheme Implementation,39.6,46,25,33,3,1,79.6,7,3,2,161.9,1.98,134,56.3,MEDIUM
Bihar,Highway Expansion,Section 11 (Preliminary Notification),353.2,418,232,8,1,2,51.2,4,7,2,1443.7,11.29,120,50.4,MEDIUM
Karnataka,Solar Energy Park,Section 30 (Physical Possession Taken),29.0,34,18,171,3,1,48.2,6,3,1,118.5,1.83,198,83.2,HIGH
Madhya Pradesh,Highway Expansion,R&R Scheme Implementation,61.5,72,40,5,2,2,85.7,5,2,2,251.4,2.76,98,41.2,MEDIUM
Andhra Pradesh,Highway Expansion,R&R Scheme Implementation,17.6,20,11,121,4,0,66.6,2,6,1,71.9,1.5,172,72.2,HIGH
Bihar,Industrial Park,Section 30 (Physical Possession Taken),40.1,47,26,110,4,1,84.2,1,2,1,163.9,2.0,156,65.5,HIGH
Odisha,Railway Dedicated Freight,Section 11 (Preliminary Notification),166.6,197,109,34,1,3,49.8,6,2,2,681.0,5.5,146,61.3,HIGH
Tamil Nadu,Industrial Park,Section 30 (Physical Possession Taken),37.5,44,24,58,4,3,68.3,5,2,2,153.3,1.74,185,77.7,HIGH
Rajasthan,Highway Expansion,Section 11 (Preliminary Notification),23.3,27,15,26,4,1,76.5,9,4,2,95.2,1.5,143,60.1,MEDIUM
Madhya Pradesh,Railway Dedicated Freight,Section 19 (Declaration of Acquisition),79.3,93,51,45,2,1,91.4,7,7,1,324.1,3.08,131,55.0,MEDIUM
Odisha,Highway Expansion,Section 11 (Preliminary Notification),16.0,20,11,19,5,0,30.6,1,6,2,65.4,1.5,148,62.2,HIGH
Uttar Pradesh,Highway Expansion,Section 19 (Declaration of Acquisition),23.9,28,15,16,1,2,97.2,6,5,0,97.7,1.52,104,43.7,MEDIUM
Odisha,Solar Energy Park,Section 19 (Declaration of Acquisition),179.8,213,118,39,3,2,90.9,7,4,0,734.9,6.35,136,57.1,MEDIUM
Tamil Nadu,Highway Expansion,Section 11 (Preliminary Notification),162.6,192,106,31,1,1,66.1,3,2,2,664.6,5.47,76,31.9,MEDIUM
Uttar Pradesh,Railway Dedicated Freight,Section 23 (Award Enquiry & Valuation),261.7,310,172,39,2,0,70.9,9,8,3,1069.7,8.77,118,49.6,MEDIUM
Madhya Pradesh,Railway Dedicated Freight,Section 11 (Preliminary Notification),207.8,246,136,15,2,3,48.7,2,2,1,849.4,6.85,130,54.6,MEDIUM
Tamil Nadu,Railway Dedicated Freight,R&R Scheme Implementation,129.9,153,85,21,1,1,73.6,1,8,1,531.0,4.8,97,40.7,MEDIUM
Maharashtra,Solar Energy Park,R&R Scheme Implementation,20.4,24,13,4,0,1,37.1,9,4,2,83.4,1.68,101,42.4,MEDIUM
Rajasthan,Highway Expansion,Section 23 (Award Enquiry & Valuation),167.7,198,110,2,1,1,62.5,7,5,0,685.5,5.62,88,37.0,MEDIUM
Madhya Pradesh,Metro Rail Corridor,Section 19 (Declaration of Acquisition),201.8,239,132,13,3,1,66.6,1,1,1,824.9,6.71,82,34.4,MEDIUM
Maharashtra,Port Connectivity Highway,Section 23 (Award Enquiry & Valuation),175.5,207,115,3,5,2,80.8,4,2,1,717.4,5.92,127,53.3,MEDIUM
Bihar,Metro Rail Corridor,R&R Scheme Implementation,86.0,101,56,5,3,3,55.6,3,8,3,351.5,3.53,178,74.8,HIGH
Madhya Pradesh,Solar Energy Park,Section 23 (Award Enquiry & Valuation),41.5,49,27,75,4,2,34.8,7,1,2,169.6,2.16,197,82.7,HIGH
Bihar,Highway Expansion,Section 11 (Preliminary Notification),201.6,238,132,2,1,1,92.0,5,3,4,824.0,6.62,82,34.4,MEDIUM
Uttar Pradesh,Railway Dedicated Freight,Section 23 (Award Enquiry & Valuation),144.9,171,95,48,1,2,70.8,9,2,2,592.3,5.17,124,52.1,MEDIUM
Maharashtra,Highway Expansion,Section 19 (Declaration of Acquisition),410.1,485,269,14,3,1,57.2,3,5,1,1676.3,12.8,114,47.9,MEDIUM
Rajasthan,Industrial Park,Section 11 (Preliminary Notification),31.9,37,20,92,5,1,67.4,6,4,3,130.4,2.28,204,85.7,HIGH
Tamil Nadu,Port Connectivity Highway,Section 30 (Physical Possession Taken),40.6,48,26,30,6,3,86.3,2,4,2,166.0,2.18,195,81.9,HIGH
Gujarat,Highway Expansion,R&R Scheme Implementation,38.8,45,25,16,3,1,61.7,3,4,2,158.6,2.11,120,50.4,MEDIUM
Odisha,Metro Rail Corridor,R&R Scheme Implementation,172.3,204,113,33,1,1,54.0,4,4,1,704.3,6.02,116,48.7,MEDIUM
Andhra Pradesh,Highway Expansion,Section 23 (Award Enquiry & Valuation),35.7,42,23,22,2,4,68.3,6,4,2,145.9,1.83,167,70.1,HIGH
Rajasthan,Metro Rail Corridor,Section 11 (Preliminary Notification),21.9,25,13,37,1,0,67.0,1,6,1,89.5,1.5,92,38.6,MEDIUM
Maharashtra,Railway Dedicated Freight,Section 30 (Physical Possession Taken),669.4,793,440,5,2,2,64.0,6,2,2,2736.2,20.0,122,51.2,MEDIUM
Gujarat,Port Connectivity Highway,Section 11 (Preliminary Notification),17.5,20,11,261,1,3,89.3,4,4,0,71.5,1.71,246,99.0,HIGH
Rajasthan,Metro Rail Corridor,R&R Scheme Implementation,195.3,231,128,25,3,1,77.3,8,7,3,798.3,6.83,160,67.2,HIGH
Maharashtra,Railway Dedicated Freight,Section 11 (Preliminary Notification),60.5,71,39,19,0,0,53.6,9,7,0,247.3,2.36,83,34.9,MEDIUM
Karnataka,Highway Expansion,Section 30 (Physical Possession Taken),199.3,236,131,56,3,1,37.9,8,1,1,814.6,6.84,151,63.4,HIGH
Karnataka,Highway Expansion,Section 23 (Award Enquiry & Valuation),95.9,113,62,20,4,0,50.3,8,9,3,392.0,3.31,156,65.5,HIGH
Bihar,Highway Expansion,Section 19 (Declaration of Acquisition),246.9,292,162,81,3,1,80.4,2,7,1,1009.2,8.16,160,67.2,HIGH
Rajasthan,Highway Expansion,Section 11 (Preliminary Notification),275.6,326,181,27,1,2,54.5,2,6,4,1126.5,8.97,138,58.0,MEDIUM
Karnataka,Solar Energy Park,Section 19 (Declaration of Acquisition),15.9,20,11,57,1,1,51.3,6,2,3,65.0,1.5,136,57.1,MEDIUM
Maharashtra,Metro Rail Corridor,R&R Scheme Implementation,22.8,27,15,5,4,1,79.2,5,6,1,93.2,1.85,133,55.9,MEDIUM
Bihar,Railway Dedicated Freight,Section 23 (Award Enquiry & Valuation),43.8,51,28,84,2,1,85.6,6,5,2,179.0,2.6,157,65.9,HIGH
Maharashtra,Highway Expansion,Section 23 (Award Enquiry & Valuation),125.7,148,82,60,2,2,17.8,9,9,2,513.8,4.58,203,85.3,HIGH
Bihar,Solar Energy Park,Section 11 (Preliminary Notification),234.2,277,153,11,1,2,33.2,7,1,3,957.3,7.73,135,56.7,MEDIUM
Rajasthan,Industrial Park,Section 23 (Award Enquiry & Valuation),76.6,90,50,7,2,1,76.7,5,5,2,313.1,3.49,103,43.3,MEDIUM
Gujarat,Highway Expansion,Section 11 (Preliminary Notification),108.4,128,71,17,2,2,46.8,7,3,1,443.1,3.88,137,57.5,MEDIUM
Tamil Nadu,Industrial Park,Section 11 (Preliminary Notification),35.9,42,23,168,3,2,61.3,8,9,2,146.7,1.81,265,99.0,HIGH
Madhya Pradesh,Railway Dedicated Freight,Section 19 (Declaration of Acquisition),178.5,211,117,13,2,1,47.4,1,1,1,729.6,5.94,108,45.4,MEDIUM
Gujarat,Highway Expansion,Section 23 (Award Enquiry & Valuation),357.1,423,235,27,2,1,79.0,7,6,2,1459.6,11.22,133,55.9,MEDIUM
Uttar Pradesh,Railway Dedicated Freight,Section 11 (Preliminary Notification),46.3,54,30,1,4,1,79.7,4,3,1,189.3,2.33,121,50.8,MEDIUM
Maharashtra,Railway Dedicated Freight,Section 19 (Declaration of Acquisition),83.3,98,54,23,2,2,61.5,5,1,3,340.5,3.27,125,52.5,MEDIUM
Uttar Pradesh,Highway Expansion,Section 30 (Physical Possession Taken),24.0,28,15,38,4,1,69.4,2,3,2,98.1,1.63,138,58.0,MEDIUM
Gujarat,Solar Energy Park,Section 19 (Declaration of Acquisition),96.9,114,63,138,0,3,53.7,5,2,2,396.1,3.66,184,77.3,HIGH
Bihar,Industrial Park,Section 19 (Declaration of Acquisition),84.9,100,55,33,0,2,41.4,9,8,0,347.0,3.33,153,64.3,HIGH
Madhya Pradesh,Metro Rail Corridor,Section 11 (Preliminary Notification),30.6,36,20,77,1,3,70.5,1,3,0,125.1,1.72,138,58.0,MEDIUM
Madhya Pradesh,Railway Dedicated Freight,R&R Scheme Implementation,73.4,86,47,36,3,0,42.4,3,7,1,300.0,2.95,141,59.2,MEDIUM
Andhra Pradesh,Railway Dedicated Freight,R&R Scheme Implementation,55.7,66,36,2,5,1,66.8,4,6,1,227.7,2.19,135,56.7,MEDIUM
Madhya Pradesh,Metro Rail Corridor,R&R Scheme Implementation,88.8,105,58,17,1,0,84.0,9,7,1,363.0,3.5,104,43.7,MEDIUM
Tamil Nadu,Railway Dedicated Freight,Section 19 (Declaration of Acquisition),103.1,122,67,39,2,1,42.1,2,7,3,421.4,3.56,136,57.1,MEDIUM
Madhya Pradesh,Highway Expansion,Section 11 (Preliminary Notification),15.9,20,11,135,2,2,59.8,7,1,1,65.0,1.61,195,81.9,HIGH
Gujarat,Railway Dedicated Freight,Section 23 (Award Enquiry & Valuation),158.1,187,103,88,0,0,78.0,9,4,0,646.2,5.41,96,40.3,MEDIUM
Andhra Pradesh,Industrial Park,Section 19 (Declaration of Acquisition),139.8,165,91,12,0,1,80.2,4,4,0,571.4,4.98,67,28.1,LOW
Gujarat,Railway Dedicated Freight,Section 19 (Declaration of Acquisition),60.6,71,39,11,0,0,76.7,5,5,0,247.7,2.66,45,18.9,LOW
Gujarat,Highway Expansion,Section 11 (Preliminary Notification),20.4,24,13,10,1,1,83.9,4,5,1,83.4,1.53,91,38.2,MEDIUM
Odisha,Industrial Park,Section 30 (Physical Possession Taken),155.6,184,102,115,2,2,57.1,7,8,0,636.0,5.7,208,87.4,HIGH
Andhra Pradesh,Highway Expansion,Section 19 (Declaration of Acquisition),325.5,385,213,86,1,2,68.5,8,4,3,1330.5,10.04,163,68.5,HIGH
Gujarat,Highway Expansion,Section 30 (Physical Possession Taken),42.5,50,27,67,4,2,28.6,8,1,5,173.7,1.89,220,92.4,HIGH
Odisha,Highway Expansion,Section 30 (Physical Possession Taken),54.1,64,35,22,6,1,55.1,3,5,0,221.1,2.57,171,71.8,HIGH
Odisha,Railway Dedicated Freight,R&R Scheme Implementation,35.3,41,22,32,1,3,71.9,2,1,0,144.3,1.91,101,42.4,MEDIUM
Andhra Pradesh,Industrial Park,Section 11 (Preliminary Notification),101.0,119,66,28,3,2,43.2,6,3,1,412.8,3.96,147,61.7,HIGH
Uttar Pradesh,Railway Dedicated Freight,Section 30 (Physical Possession Taken),31.8,37,20,13,2,1,89.8,1,8,0,130.0,2.05,84,35.3,MEDIUM
Bihar,Highway Expansion,Section 11 (Preliminary Notification),59.0,69,38,32,1,1,75.0,9,5,1,241.2,2.47,105,44.1,MEDIUM
Tamil Nadu,Solar Energy Park,R&R Scheme Implementation,134.4,159,88,1,4,3,97.1,7,7,2,549.4,4.97,164,68.9,HIGH
Bihar,Solar Energy Park,Section 11 (Preliminary Notification),97.1,115,63,6,1,2,57.9,8,1,0,396.9,3.57,109,45.8,MEDIUM
Madhya Pradesh,Solar Energy Park,Section 19 (Declaration of Acquisition),63.9,75,41,98,0,2,83.2,7,6,3,261.2,2.84,163,68.5,HIGH
Tamil Nadu,Highway Expansion,Section 30 (Physical Possession Taken),69.5,82,45,63,3,1,76.6,5,8,1,284.1,2.74,145,60.9,MEDIUM
Madhya Pradesh,Railway Dedicated Freight,Section 11 (Preliminary Notification),97.6,115,63,25,1,1,52.9,5,6,2,398.9,3.82,113,47.5,MEDIUM
Gujarat,Port Connectivity Highway,Section 23 (Award Enquiry & Valuation),15.6,20,11,33,2,2,47.3,7,4,2,63.8,1.5,145,60.9,MEDIUM
Maharashtra,Industrial Park,Section 11 (Preliminary Notification),23.2,27,15,21,4,2,62.9,7,8,3,94.8,1.5,197,82.7,HIGH
Andhra Pradesh,Highway Expansion,Section 30 (Physical Possession Taken),228.1,270,150,61,3,1,40.6,2,8,3,932.4,7.26,170,71.4,HIGH
Tamil Nadu,Highway Expansion,R&R Scheme Implementation,23.1,27,15,69,2,2,66.7,2,6,2,94.4,1.81,145,60.9,MEDIUM
Tamil Nadu,Railway Dedicated Freight,R&R Scheme Implementation,137.7,163,90,65,5,1,75.5,7,8,0,562.8,4.85,191,80.2,HIGH
Gujarat,Solar Energy Park,Section 30 (Physical Possession Taken),267.6,317,176,58,2,2,72.9,5,6,2,1093.8,8.86,163,68.5,HIGH
Uttar Pradesh,Railway Dedicated Freight,Section 19 (Declaration of Acquisition),46.6,55,30,10,1,3,66.1,2,4,2,190.5,2.22,114,47.9,MEDIUM
Odisha,Railway Dedicated Freight,Section 19 (Declaration of Acquisition),61.3,72,40,19,4,3,51.3,1,6,2,250.6,3.01,177,74.3,HIGH
Gujarat,Highway Expansion,R&R Scheme Implementation,99.1,117,65,29,4,1,65.8,9,9,1,405.1,3.65,168,70.6,HIGH
Karnataka,Metro Rail Corridor,R&R Scheme Implementation,228.5,270,150,18,4,1,38.0,8,8,1,934.0,7.83,184,77.3,HIGH
Odisha,Industrial Park,Section 30 (Physical Possession Taken),299.6,355,197,63,5,2,74.1,2,7,2,1224.6,9.61,193,81.1,HIGH
Andhra Pradesh,Railway Dedicated Freight,Section 19 (Declaration of Acquisition),149.5,177,98,18,3,2,50.7,2,5,2,611.1,5.36,141,59.2,MEDIUM
Odisha,Industrial Park,R&R Scheme Implementation,24.1,28,15,7,0,1,79.6,3,7,1,98.5,1.5,73,30.7,LOW
Uttar Pradesh,Port Connectivity Highway,Section 19 (Declaration of Acquisition),125.6,148,82,23,0,3,62.6,4,1,2,513.4,4.74,109,45.8,MEDIUM
Odisha,Highway Expansion,R&R Scheme Implementation,67.8,80,44,176,4,1,52.2,9,8,3,277.1,3.09,274,99.0,HIGH
Andhra Pradesh,Railway Dedicated Freight,Section 11 (Preliminary Notification),78.6,93,51,12,7,1,37.5,6,5,1,321.3,3.18,205,86.1,HIGH
Uttar Pradesh,Highway Expansion,Section 23 (Award Enquiry & Valuation),20.0,23,12,43,1,0,91.8,3,7,3,81.7,1.5,104,43.7,MEDIUM
Bihar,Industrial Park,Section 11 (Preliminary Notification),36.2,42,23,26,0,0,83.0,8,7,2,148.0,1.81,82,34.4,MEDIUM
Tamil Nadu,Metro Rail Corridor,R&R Scheme Implementation,171.3,202,112,3,1,0,79.3,6,8,0,700.2,5.68,79,33.2,MEDIUM
Tamil Nadu,Metro Rail Corridor,Section 23 (Award Enquiry & Valuation),75.5,89,49,30,1,3,79.7,8,7,1,308.6,3.25,164,68.9,HIGH
Madhya Pradesh,Industrial Park,Section 23 (Award Enquiry & Valuation),50.9,60,33,55,3,1,63.2,2,6,1,208.1,2.36,154,64.7,HIGH
Bihar,Railway Dedicated Freight,R&R Scheme Implementation,63.5,75,41,32,1,1,54.4,8,6,2,259.6,2.73,123,51.7,MEDIUM
Bihar,Solar Energy Park,R&R Scheme Implementation,207.7,246,136,93,2,2,62.1,5,5,2,849.0,6.83,183,76.9,HIGH
Odisha,Railway Dedicated Freight,Section 19 (Declaration of Acquisition),153.2,181,100,15,2,2,54.8,4,5,3,626.2,5.68,144,60.5,MEDIUM
Tamil Nadu,Highway Expansion,R&R Scheme Implementation,46.8,55,30,4,0,2,71.4,3,4,1,191.3,2.35,89,37.4,MEDIUM
Andhra Pradesh,Metro Rail Corridor,Section 30 (Physical Possession Taken),27.5,32,17,124,6,1,48.3,9,7,1,112.4,1.83,265,99.0,HIGH
Rajasthan,Industrial Park,R&R Scheme Implementation,44.0,52,28,21,1,2,75.8,7,3,2,179.8,2.13,109,45.8,MEDIUM
Rajasthan,Railway Dedicated Freight,Section 30 (Physical Possession Taken),268.5,318,176,39,8,0,47.4,7,5,0,1097.5,8.68,194,81.5,HIGH
Uttar Pradesh,Solar Energy Park,R&R Scheme Implementation,102.1,120,66,71,3,0,45.5,6,3,2,417.3,3.73,154,64.7,HIGH
Tamil Nadu,Solar Energy Park,Section 19 (Declaration of Acquisition),91.2,108,60,18,3,1,56.7,9,8,3,372.8,3.68,166,69.7,HIGH
Tamil Nadu,Highway Expansion,Section 30 (Physical Possession Taken),105.7,125,69,57,0,1,93.8,3,5,4,432.0,3.79,84,35.3,MEDIUM
Rajasthan,Port Connectivity Highway,Section 11 (Preliminary Notification),60.6,71,39,7,2,1,47.2,1,6,1,247.7,2.88,92,38.6,MEDIUM
Tamil Nadu,Highway Expansion,Section 30 (Physical Possession Taken),179.6,212,117,15,1,2,90.7,7,1,1,734.1,5.99,99,41.6,MEDIUM
Odisha,Highway Expansion,Section 19 (Declaration of Acquisition),89.1,105,58,7,1,1,21.0,9,4,1,364.2,3.74,128,53.8,MEDIUM
Karnataka,Highway Expansion,Section 30 (Physical Possession Taken),27.4,32,17,75,2,2,31.8,6,9,2,112.0,2.17,190,79.8,HIGH
Maharashtra,Solar Energy Park,R&R Scheme Implementation,28.8,34,18,11,1,0,91.5,2,5,1,117.7,1.82,64,26.9,LOW
Bihar,Metro Rail Corridor,R&R Scheme Implementation,92.0,109,60,57,1,0,71.4,8,1,3,376.0,3.89,101,42.4,MEDIUM
Madhya Pradesh,Highway Expansion,Section 19 (Declaration of Acquisition),290.8,344,191,129,4,1,90.3,9,4,3,1188.6,9.47,201,84.4,HIGH
Uttar Pradesh,Railway Dedicated Freight,Section 23 (Award Enquiry & Valuation),51.9,61,33,34,4,3,81.9,8,6,0,212.1,2.2,182,76.4,HIGH
Karnataka,Metro Rail Corridor,R&R Scheme Implementation,218.7,259,143,35,0,2,74.0,9,7,0,893.9,7.28,114,47.9,MEDIUM
Rajasthan,Highway Expansion,Section 11 (Preliminary Notification),159.4,188,104,28,9,3,45.3,1,7,1,651.5,5.66,251,99.0,HIGH
Bihar,Solar Energy Park,Section 19 (Declaration of Acquisition),43.5,51,28,18,2,2,89.3,3,8,0,177.8,2.36,105,44.1,MEDIUM
Tamil Nadu,Industrial Park,Section 30 (Physical Possession Taken),18.7,22,12,29,2,2,73.7,3,5,1,76.4,1.57,126,52.9,MEDIUM
Madhya Pradesh,Railway Dedicated Freight,Section 30 (Physical Possession Taken),25.7,30,16,42,1,2,46.5,9,6,3,105.0,1.77,170,71.4,HIGH
Tamil Nadu,Port Connectivity Highway,Section 11 (Preliminary Notification),145.4,172,95,192,2,2,45.9,3,2,1,594.3,5.16,206,86.5,HIGH
Andhra Pradesh,Railway Dedicated Freight,R&R Scheme Implementation,37.3,44,24,125,2,0,28.0,1,2,1,152.5,2.09,145,60.9,MEDIUM
Andhra Pradesh,Port Connectivity Highway,Section 19 (Declaration of Acquisition),61.4,72,40,89,3,1,82.7,3,3,3,251.0,2.51,147,61.7,HIGH
Madhya Pradesh,Metro Rail Corridor,Section 11 (Preliminary Notification),84.7,100,55,99,0,1,27.0,2,4,1,346.2,3.38,138,58.0,MEDIUM
Madhya Pradesh,Metro Rail Corridor,R&R Scheme Implementation,144.3,170,94,28,1,1,89.5,9,6,3,589.8,4.84,101,42.4,MEDIUM
Rajasthan,Highway Expansion,Section 19 (Declaration of Acquisition),27.0,31,17,48,2,1,78.0,1,6,2,110.4,1.67,125,52.5,MEDIUM
Madhya Pradesh,Solar Energy Park,Section 30 (Physical Possession Taken),67.1,79,43,101,3,0,81.3,2,3,2,274.3,2.8,120,50.4,MEDIUM
Odisha,Railway Dedicated Freight,Section 19 (Declaration of Acquisition),81.4,96,53,22,2,1,68.0,1,1,1,332.7,3.2,83,34.9,MEDIUM
Tamil Nadu,Highway Expansion,Section 23 (Award Enquiry & Valuation),92.8,109,60,147,1,0,40.7,9,3,2,379.3,3.44,167,70.1,HIGH
Karnataka,Highway Expansion,Section 19 (Declaration of Acquisition),185.6,219,121,24,3,3,61.3,7,4,1,758.6,6.36,167,70.1,HIGH
Gujarat,Metro Rail Corridor,Section 23 (Award Enquiry & Valuation),33.8,40,22,41,1,0,37.6,1,9,4,138.2,1.9,112,47.0,MEDIUM
Madhya Pradesh,Railway Dedicated Freight,Section 19 (Declaration of Acquisition),179.9,213,118,56,4,1,60.8,6,8,3,735.3,6.06,202,84.8,HIGH
Uttar Pradesh,Industrial Park,Section 23 (Award Enquiry & Valuation),133.1,157,87,135,7,3,14.7,5,4,0,544.0,4.53,286,99.0,HIGH
Andhra Pradesh,Solar Energy Park,Section 30 (Physical Possession Taken),96.2,113,62,13,1,1,35.3,5,7,3,393.2,3.69,118,49.6,MEDIUM
Odisha,Highway Expansion,R&R Scheme Implementation,135.2,160,88,62,2,0,27.7,4,9,2,552.6,5.1,168,70.6,HIGH
Bihar,Industrial Park,Section 23 (Award Enquiry & Valuation),68.1,80,44,33,5,1,76.3,3,2,3,278.4,3.18,152,63.8,HIGH
Gujarat,Highway Expansion,Section 23 (Award Enquiry & Valuation),29.9,35,19,14,3,0,77.7,8,3,1,122.2,1.93,92,38.6,MEDIUM
Karnataka,Solar Energy Park,Section 30 (Physical Possession Taken),124.6,147,81,67,3,1,91.9,7,1,1,509.3,4.51,131,55.0,MEDIUM
Gujarat,Industrial Park,Section 23 (Award Enquiry & Valuation),89.4,105,58,36,4,0,65.5,5,8,1,365.4,3.67,142,59.6,MEDIUM
Madhya Pradesh,Railway Dedicated Freight,Section 11 (Preliminary Notification),117.0,138,76,49,2,1,53.0,9,2,3,478.2,4.21,132,55.4,MEDIUM
Rajasthan,Industrial Park,Section 30 (Physical Possession Taken),56.2,66,36,18,3,2,43.1,7,7,0,229.7,2.55,158,66.4,HIGH
Andhra Pradesh,Railway Dedicated Freight,Section 11 (Preliminary Notification),252.4,299,166,30,3,2,54.8,2,7,1,1031.7,8.07,154,64.7,HIGH
Andhra Pradesh,Railway Dedicated Freight,Section 30 (Physical Possession Taken),103.5,122,67,43,2,2,51.6,7,3,0,423.1,4.14,154,64.7,HIGH
Bihar,Industrial Park,Section 23 (Award Enquiry & Valuation),23.9,28,15,23,5,1,32.3,7,2,2,97.7,1.84,170,71.4,HIGH
Rajasthan,Railway Dedicated Freight,Section 11 (Preliminary Notification),74.7,88,48,10,6,1,74.3,4,3,2,305.3,3.13,153,64.3,HIGH
Tamil Nadu,Railway Dedicated Freight,Section 23 (Award Enquiry & Valuation),156.2,185,102,147,4,2,52.9,8,8,1,638.5,5.82,250,99.0,HIGH
Maharashtra,Railway Dedicated Freight,Section 30 (Physical Possession Taken),173.1,205,113,32,1,0,91.5,4,9,1,707.5,6.04,98,41.2,MEDIUM
Odisha,Industrial Park,Section 23 (Award Enquiry & Valuation),83.2,98,54,60,3,2,82.2,7,8,0,340.1,3.45,181,76.0,HIGH
Andhra Pradesh,Railway Dedicated Freight,Section 11 (Preliminary Notification),240.1,284,157,24,1,1,31.1,4,2,2,981.4,7.92,113,47.5,MEDIUM
Uttar Pradesh,Highway Expansion,Section 11 (Preliminary Notification),46.2,54,30,20,3,2,71.4,8,9,3,188.8,2.07,179,75.2,HIGH
Andhra Pradesh,Industrial Park,Section 23 (Award Enquiry & Valuation),67.9,80,44,24,1,1,77.3,3,6,0,277.5,2.76,76,31.9,MEDIUM
Gujarat,Industrial Park,Section 19 (Declaration of Acquisition),243.9,289,160,24,3,1,83.4,2,2,2,996.9,7.97,114,47.9,MEDIUM
Andhra Pradesh,Highway Expansion,Section 30 (Physical Possession Taken),241.6,286,158,35,2,2,75.6,6,9,2,987.5,7.9,160,67.2,HIGH
Andhra Pradesh,Highway Expansion,Section 30 (Physical Possession Taken),130.7,154,85,35,2,2,76.3,7,5,1,534.2,4.86,139,58.4,MEDIUM
Maharashtra,Highway Expansion,Section 23 (Award Enquiry & Valuation),210.9,249,138,31,1,1,55.0,7,6,2,862.1,6.9,129,54.2,MEDIUM
Maharashtra,Railway Dedicated Freight,Section 19 (Declaration of Acquisition),24.3,28,15,7,4,3,42.5,6,1,0,99.3,1.71,165,69.3,HIGH
Karnataka,Railway Dedicated Freight,Section 11 (Preliminary Notification),215.2,255,141,31,5,0,85.0,8,2,2,879.6,7.17,129,54.2,MEDIUM
Tamil Nadu,Industrial Park,R&R Scheme Implementation,53.7,63,35,8,1,0,57.5,6,1,0,219.5,2.56,58,24.4,LOW
Uttar Pradesh,Metro Rail Corridor,R&R Scheme Implementation,34.6,40,22,6,1,2,90.1,6,4,3,141.4,1.99,93,39.1,MEDIUM
Andhra Pradesh,Metro Rail Corridor,Section 23 (Award Enquiry & Valuation),42.4,50,27,121,3,2,90.0,3,2,1,173.3,1.93,172,72.2,HIGH
Andhra Pradesh,Railway Dedicated Freight,Section 19 (Declaration of Acquisition),69.1,81,45,42,4,3,26.1,2,1,1,282.4,2.52,192,80.6,HIGH
Odisha,Industrial Park,Section 19 (Declaration of Acquisition),43.9,52,28,48,4,1,69.3,7,3,0,179.4,2.07,134,56.3,MEDIUM
Maharashtra,Railway Dedicated Freight,Section 30 (Physical Possession Taken),53.6,63,35,23,4,0,51.8,6,4,0,219.1,2.43,127,53.3,MEDIUM
Uttar Pradesh,Port Connectivity Highway,Section 11 (Preliminary Notification),29.5,34,18,108,1,2,32.2,1,4,1,120.6,1.61,169,71.0,HIGH
Bihar,Metro Rail Corridor,Section 19 (Declaration of Acquisition),50.1,59,32,46,1,1,55.6,2,3,1,204.8,2.42,107,44.9,MEDIUM
Karnataka,Highway Expansion,R&R Scheme Implementation,99.9,118,65,66,3,1,46.1,2,2,0,408.3,4.08,129,54.2,MEDIUM
Tamil Nadu,Metro Rail Corridor,Section 11 (Preliminary Notification),73.3,86,47,21,4,1,43.2,1,8,2,299.6,3.24,147,61.7,HIGH
Rajasthan,Railway Dedicated Freight,Section 11 (Preliminary Notification),57.6,68,37,145,2,0,42.1,3,2,0,235.4,2.74,147,61.7,HIGH
Tamil Nadu,Metro Rail Corridor,Section 23 (Award Enquiry & Valuation),152.2,180,100,77,0,1,98.4,5,5,3,622.1,5.55,122,51.2,MEDIUM
Gujarat,Highway Expansion,Section 19 (Declaration of Acquisition),239.0,283,157,87,1,1,91.7,4,7,3,976.9,7.65,126,52.9,MEDIUM
Andhra Pradesh,Highway Expansion,Section 23 (Award Enquiry & Valuation),156.4,185,102,9,2,2,73.9,2,9,0,639.3,5.38,113,47.5,MEDIUM
Karnataka,Solar Energy Park,Section 19 (Declaration of Acquisition),55.3,65,36,14,3,2,76.1,8,3,1,226.0,2.7,135,56.7,MEDIUM
Gujarat,Highway Expansion,Section 30 (Physical Possession Taken),151.4,179,99,15,0,1,55.1,9,1,0,618.8,5.24,71,29.8,LOW
Uttar Pradesh,Industrial Park,Section 23 (Award Enquiry & Valuation),31.5,37,20,14,1,1,83.2,8,9,2,128.8,1.82,119,50.0,MEDIUM
Rajasthan,Highway Expansion,Section 23 (Award Enquiry & Valuation),29.0,34,18,87,3,1,66.6,7,1,2,118.5,2.2,171,71.8,HIGH
Maharashtra,Metro Rail Corridor,R&R Scheme Implementation,57.4,68,37,1,4,1,61.8,2,8,3,234.6,2.66,136,57.1,MEDIUM
Karnataka,Metro Rail Corridor,Section 23 (Award Enquiry & Valuation),179.9,213,118,4,3,2,73.8,6,2,1,735.3,6.5,123,51.7,MEDIUM
Karnataka,Railway Dedicated Freight,Section 19 (Declaration of Acquisition),43.3,51,28,14,3,4,86.5,4,7,1,177.0,1.87,174,73.1,HIGH
Andhra Pradesh,Railway Dedicated Freight,R&R Scheme Implementation,21.5,25,13,10,2,2,56.2,5,3,1,87.9,1.5,120,50.4,MEDIUM
Madhya Pradesh,Highway Expansion,Section 23 (Award Enquiry & Valuation),29.1,34,18,12,3,2,53.0,9,6,1,118.9,1.91,151,63.4,HIGH
Karnataka,Highway Expansion,Section 23 (Award Enquiry & Valuation),210.7,249,138,72,0,1,15.3,9,6,2,861.2,7.05,153,64.3,HIGH
Odisha,Railway Dedicated Freight,Section 30 (Physical Possession Taken),115.5,136,75,37,4,1,33.0,4,4,0,472.1,3.89,148,62.2,HIGH
Rajasthan,Metro Rail Corridor,Section 23 (Award Enquiry & Valuation),44.2,52,28,0,3,3,76.1,8,8,2,180.7,2.22,179,75.2,HIGH
Rajasthan,Solar Energy Park,Section 11 (Preliminary Notification),96.0,113,62,25,3,3,47.1,5,5,0,392.4,4.24,173,72.7,HIGH
Odisha,Solar Energy Park,R&R Scheme Implementation,90.0,106,58,24,2,1,70.3,9,7,1,367.9,3.62,122,51.2,MEDIUM
Bihar,Industrial Park,Section 11 (Preliminary Notification),121.5,143,79,5,2,1,75.8,2,5,2,496.6,4.6,93,39.1,MEDIUM
Odisha,Industrial Park,R&R Scheme Implementation,41.6,49,27,51,0,2,75.0,4,4,4,170.0,2.06,120,50.4,MEDIUM
Odisha,Metro Rail Corridor,Section 30 (Physical Possession Taken),214.8,254,141,54,0,0,33.8,3,6,2,878.0,7.19,119,50.0,MEDIUM
Rajasthan,Highway Expansion,Section 23 (Award Enquiry & Valuation),52.0,61,33,57,3,2,50.2,7,3,1,212.5,2.49,173,72.7,HIGH
Tamil Nadu,Solar Energy Park,Section 23 (Award Enquiry & Valuation),133.5,158,87,59,6,2,92.6,2,6,1,545.7,5.04,183,76.9,HIGH
Rajasthan,Metro Rail Corridor,Section 23 (Award Enquiry & Valuation),16.6,20,11,0,1,0,88.9,3,6,2,67.9,1.69,56,23.5,LOW
Madhya Pradesh,Metro Rail Corridor,R&R Scheme Implementation,61.6,72,40,138,1,3,89.8,9,6,0,251.8,2.84,198,83.2,HIGH
Andhra Pradesh,Highway Expansion,Section 23 (Award Enquiry & Valuation),58.3,69,38,76,0,4,80.1,8,3,3,238.3,2.68,178,74.8,HIGH
Gujarat,Railway Dedicated Freight,Section 11 (Preliminary Notification),93.4,110,61,105,2,3,84.5,2,8,3,381.8,3.34,204,85.7,HIGH
Tamil Nadu,Railway Dedicated Freight,Section 23 (Award Enquiry & Valuation),22.6,26,14,1,2,1,32.4,6,4,1,92.4,1.5,119,50.0,MEDIUM
Maharashtra,Solar Energy Park,Section 30 (Physical Possession Taken),171.1,202,112,122,4,1,43.4,3,2,0,699.4,5.91,182,76.4,HIGH
Gujarat,Railway Dedicated Freight,Section 11 (Preliminary Notification),39.6,46,25,75,3,2,64.8,6,7,0,161.9,2.31,181,76.0,HIGH
Andhra Pradesh,Railway Dedicated Freight,Section 23 (Award Enquiry & Valuation),128.0,151,83,82,3,1,56.2,5,8,4,523.2,4.93,192,80.6,HIGH
Madhya Pradesh,Port Connectivity Highway,Section 23 (Award Enquiry & Valuation),177.6,210,116,4,0,1,58.8,4,4,1,725.9,5.9,58,24.4,LOW
Madhya Pradesh,Highway Expansion,Section 19 (Declaration of Acquisition),97.5,115,63,60,2,1,41.0,7,6,1,398.5,3.49,156,65.5,HIGH
Maharashtra,Railway Dedicated Freight,R&R Scheme Implementation,150.0,177,98,145,1,2,24.1,7,8,1,613.1,5.48,219,92.0,HIGH
Tamil Nadu,Highway Expansion,Section 11 (Preliminary Notification),123.4,146,81,51,1,0,38.3,4,5,2,504.4,4.37,99,41.6,MEDIUM
Bihar,Industrial Park,Section 19 (Declaration of Acquisition),58.9,69,38,38,7,1,84.6,3,9,1,240.8,2.37,214,89.9,HIGH
Odisha,Solar Energy Park,Section 30 (Physical Possession Taken),180.5,213,118,131,5,0,47.5,4,6,1,737.8,6.07,210,88.2,HIGH
Tamil Nadu,Highway Expansion,R&R Scheme Implementation,49.9,59,32,26,1,2,37.3,2,6,1,204.0,2.33,128,53.8,MEDIUM
Bihar,Solar Energy Park,Section 11 (Preliminary Notification),99.7,118,65,41,1,2,71.2,4,2,1,407.5,4.12,108,45.4,MEDIUM
Madhya Pradesh,Highway Expansion,Section 23 (Award Enquiry & Valuation),151.8,179,99,29,2,0,50.5,4,7,1,620.5,5.52,118,49.6,MEDIUM
Rajasthan,Solar Energy Park,Section 11 (Preliminary Notification),62.6,74,41,122,1,3,73.8,5,9,3,255.9,2.64,205,86.1,HIGH
Andhra Pradesh,Industrial Park,Section 23 (Award Enquiry & Valuation),51.1,60,33,4,4,0,74.3,1,5,0,208.9,2.74,90,37.8,MEDIUM
Maharashtra,Industrial Park,R&R Scheme Implementation,76.5,90,50,31,3,2,74.5,2,5,1,312.7,3.21,130,54.6,MEDIUM
Andhra Pradesh,Highway Expansion,Section 23 (Award Enquiry & Valuation),185.4,219,121,52,3,2,71.7,8,5,1,757.8,6.52,176,73.9,HIGH
Uttar Pradesh,Port Connectivity Highway,Section 30 (Physical Possession Taken),280.8,332,184,71,3,2,27.8,8,1,2,1147.8,9.3,183,76.9,HIGH
Uttar Pradesh,Industrial Park,Section 23 (Award Enquiry & Valuation),93.8,111,61,39,0,0,46.6,8,5,2,383.4,3.63,110,46.2,MEDIUM
Tamil Nadu,Railway Dedicated Freight,Section 30 (Physical Possession Taken),123.3,146,81,108,3,3,66.0,5,8,1,504.0,4.64,223,93.7,HIGH
Madhya Pradesh,Industrial Park,R&R Scheme Implementation,248.6,294,163,128,3,3,64.9,8,3,1,1016.1,8.03,231,97.0,HIGH
Madhya Pradesh,Highway Expansion,R&R Scheme Implementation,25.4,30,16,3,1,1,73.3,9,9,3,103.8,1.91,129,54.2,MEDIUM
Odisha,Solar Energy Park,Section 11 (Preliminary Notification),41.4,49,27,23,5,1,61.6,4,9,1,169.2,2.2,180,75.6,HIGH
Odisha,Highway Expansion,Section 30 (Physical Possession Taken),138.4,163,90,1,3,0,82.9,4,6,1,565.7,5.15,85,35.7,MEDIUM
Odisha,Industrial Park,Section 30 (Physical Possession Taken),188.6,223,123,18,3,1,35.4,7,4,3,770.9,6.7,160,67.2,HIGH
Rajasthan,Railway Dedicated Freight,Section 19 (Declaration of Acquisition),209.5,248,137,35,2,1,76.4,5,4,2,856.3,7.1,103,43.3,MEDIUM
Gujarat,Highway Expansion,Section 19 (Declaration of Acquisition),68.6,81,45,109,1,2,30.8,1,1,1,280.4,2.94,154,64.7,HIGH
Karnataka,Highway Expansion,Section 19 (Declaration of Acquisition),24.4,28,15,84,3,1,73.6,8,5,1,99.7,1.68,164,68.9,HIGH
Gujarat,Highway Expansion,Section 23 (Award Enquiry & Valuation),72.6,86,47,6,3,2,20.0,4,5,5,296.8,2.49,164,68.9,HIGH
Andhra Pradesh,Railway Dedicated Freight,Section 19 (Declaration of Acquisition),41.2,48,26,4,2,0,68.8,8,5,1,168.4,2.04,88,37.0,MEDIUM
Gujarat,Railway Dedicated Freight,Section 30 (Physical Possession Taken),49.4,58,32,40,5,0,74.2,2,1,0,201.9,2.6,109,45.8,MEDIUM
Rajasthan,Metro Rail Corridor,Section 23 (Award Enquiry & Valuation),163.0,193,107,34,2,0,53.2,4,1,0,666.3,5.86,83,34.9,MEDIUM
Andhra Pradesh,Highway Expansion,R&R Scheme Implementation,22.9,27,15,14,2,0,54.4,2,2,1,93.6,1.51,71,29.8,LOW
Gujarat,Highway Expansion,Section 11 (Preliminary Notification),190.8,226,125,103,4,1,78.5,5,1,2,779.9,6.49,171,71.8,HIGH
Rajasthan,Industrial Park,Section 19 (Declaration of Acquisition),70.8,83,46,118,1,2,52.2,8,8,2,289.4,2.99,197,82.7,HIGH
Karnataka,Highway Expansion,R&R Scheme Implementation,105.6,125,69,23,3,2,36.4,7,4,2,431.6,4.16,164,68.9,HIGH
Gujarat,Solar Energy Park,Section 30 (Physical Possession Taken),24.4,28,15,99,2,2,61.2,5,6,0,99.7,2.14,174,73.1,HIGH
Rajasthan,Solar Energy Park,Section 11 (Preliminary Notification),56.2,66,36,22,3,2,46.7,7,8,3,229.7,2.75,185,77.7,HIGH
Odisha,Metro Rail Corridor,R&R Scheme Implementation,24.4,28,15,60,3,1,93.8,5,5,1,99.7,1.56,144,60.5,MEDIUM
Madhya Pradesh,Metro Rail Corridor,Section 11 (Preliminary Notification),340.8,403,223,29,2,1,94.6,7,6,3,1393.0,10.74,133,55.9,MEDIUM
Odisha,Solar Energy Park,Section 19 (Declaration of Acquisition),179.6,212,117,6,3,1,77.7,4,4,1,734.1,6.42,109,45.8,MEDIUM
Madhya Pradesh,Highway Expansion,Section 30 (Physical Possession Taken),76.6,90,50,118,2,2,54.7,4,6,0,313.1,2.91,190,79.8,HIGH
Maharashtra,Highway Expansion,Section 11 (Preliminary Notification),40.3,47,26,27,2,0,23.4,4,6,2,164.7,2.03,127,53.3,MEDIUM
Maharashtra,Highway Expansion,R&R Scheme Implementation,286.0,338,187,60,4,0,52.2,8,3,2,1169.0,9.32,156,65.5,HIGH
Maharashtra,Industrial Park,Section 19 (Declaration of Acquisition),57.3,67,37,21,3,2,66.0,1,4,1,234.2,2.9,136,57.1,MEDIUM
Karnataka,Highway Expansion,Section 19 (Declaration of Acquisition),32.6,38,21,1,4,3,44.0,5,6,4,133.3,2.05,188,79.0,HIGH
Odisha,Metro Rail Corridor,R&R Scheme Implementation,97.8,115,63,5,6,2,83.2,2,8,0,399.8,3.68,152,63.8,HIGH
Madhya Pradesh,Port Connectivity Highway,R&R Scheme Implementation,302.8,358,198,31,3,2,48.9,4,7,1,1237.7,9.77,156,65.5,HIGH
Rajasthan,Solar Energy Park,Section 11 (Preliminary Notification),15.4,20,11,53,3,2,81.9,5,4,1,62.9,1.52,164,68.9,HIGH
Andhra Pradesh,Railway Dedicated Freight,Section 23 (Award Enquiry & Valuation),42.2,50,27,18,0,1,75.5,8,3,1,172.5,2.28,79,33.2,MEDIUM
Rajasthan,Highway Expansion,Section 19 (Declaration of Acquisition),293.8,348,193,54,5,2,57.2,2,8,1,1200.9,9.39,201,84.4,HIGH
Andhra Pradesh,Industrial Park,Section 11 (Preliminary Notification),33.8,40,22,54,2,2,47.3,2,6,1,138.2,1.98,151,63.4,HIGH
Uttar Pradesh,Metro Rail Corridor,R&R Scheme Implementation,27.0,31,17,55,1,1,80.1,2,8,1,110.4,1.59,119,50.0,MEDIUM
Rajasthan,Highway Expansion,Section 11 (Preliminary Notification),99.4,117,65,31,4,1,21.1,8,9,2,406.3,4.34,199,83.6,HIGH
Gujarat,Highway Expansion,R&R Scheme Implementation,212.9,252,140,111,4,1,20.9,3,9,3,870.2,7.12,231,97.0,HIGH
Gujarat,Solar Energy Park,Section 30 (Physical Possession Taken),79.8,94,52,30,3,1,32.7,5,9,4,326.2,3.39,184,77.3,HIGH
Tamil Nadu,Metro Rail Corridor,R&R Scheme Implementation,536.5,635,352,27,4,3,61.2,2,1,4,2192.9,16.31,169,71.0,HIGH
Odisha,Industrial Park,R&R Scheme Implementation,128.7,152,84,10,1,1,61.8,6,3,2,526.1,4.85,99,41.6,MEDIUM
Andhra Pradesh,Solar Energy Park,R&R Scheme Implementation,22.7,26,14,17,4,1,46.5,6,9,2,92.8,1.5,171,71.8,HIGH
Andhra Pradesh,Metro Rail Corridor,Section 23 (Award Enquiry & Valuation),508.8,602,334,2,1,2,62.1,2,4,0,2079.7,15.21,90,37.8,MEDIUM
Odisha,Railway Dedicated Freight,R&R Scheme Implementation,67.4,79,43,45,5,1,47.5,4,2,1,275.5,2.92,156,65.5,HIGH
Karnataka,Railway Dedicated Freight,Section 19 (Declaration of Acquisition),48.9,57,31,13,0,1,68.2,2,1,2,199.9,2.81,58,24.4,LOW
Tamil Nadu,Railway Dedicated Freight,Section 19 (Declaration of Acquisition),96.6,114,63,16,2,2,54.7,4,5,2,394.9,4.01,132,55.4,MEDIUM
Karnataka,Railway Dedicated Freight,Section 11 (Preliminary Notification),51.3,60,33,66,2,1,81.6,7,4,3,209.7,2.31,153,64.3,HIGH
Karnataka,Industrial Park,Section 23 (Award Enquiry & Valuation),24.0,28,15,18,1,2,71.2,5,5,1,98.1,1.79,100,42.0,MEDIUM
Karnataka,Metro Rail Corridor,Section 11 (Preliminary Notification),15.1,20,11,12,4,0,51.4,4,5,1,61.7,1.5,129,54.2,MEDIUM
Odisha,Solar Energy Park,Section 19 (Declaration of Acquisition),74.7,88,48,8,1,1,50.0,3,8,2,305.3,3.22,97,40.7,MEDIUM
Karnataka,Railway Dedicated Freight,Section 19 (Declaration of Acquisition),196.3,232,128,67,4,1,58.7,6,6,1,802.4,6.72,182,76.4,HIGH
Gujarat,Metro Rail Corridor,Section 30 (Physical Possession Taken),99.9,118,65,6,2,1,25.5,2,3,5,408.3,4.04,120,50.4,MEDIUM
Maharashtra,Metro Rail Corridor,R&R Scheme Implementation,729.0,863,479,27,1,3,84.3,4,9,1,2979.8,20.0,148,62.2,HIGH
Uttar Pradesh,Metro Rail Corridor,Section 19 (Declaration of Acquisition),48.8,57,31,32,1,3,46.0,8,8,2,199.5,2.14,177,74.3,HIGH
Andhra Pradesh,Industrial Park,Section 11 (Preliminary Notification),47.9,56,31,52,3,2,49.1,2,9,2,195.8,2.36,170,71.4,HIGH
Andhra Pradesh,Highway Expansion,Section 11 (Preliminary Notification),32.4,38,21,45,2,1,87.3,9,4,2,132.4,1.72,142,59.6,MEDIUM
Uttar Pradesh,Railway Dedicated Freight,R&R Scheme Implementation,32.9,38,21,75,0,3,86.2,2,8,3,134.5,1.72,161,67.6,HIGH
Odisha,Highway Expansion,R&R Scheme Implementation,48.6,57,31,2,3,2,47.3,8,3,3,198.7,2.45,159,66.8,HIGH
Rajasthan,Railway Dedicated Freight,Section 30 (Physical Possession Taken),172.4,204,113,16,1,1,47.7,8,5,1,704.7,5.75,110,46.2,MEDIUM
Odisha,Railway Dedicated Freight,Section 23 (Award Enquiry & Valuation),251.2,297,165,15,0,2,83.6,7,7,2,1026.8,8.64,119,50.0,MEDIUM
Andhra Pradesh,Metro Rail Corridor,Section 11 (Preliminary Notification),384.2,455,252,7,6,0,55.7,6,1,0,1570.4,11.89,121,50.8,MEDIUM
Andhra Pradesh,Port Connectivity Highway,R&R Scheme Implementation,41.4,49,27,15,2,0,66.6,1,1,3,169.2,2.13,56,23.5,LOW
Uttar Pradesh,Metro Rail Corridor,Section 11 (Preliminary Notification),228.1,270,150,17,5,2,42.4,2,3,1,932.4,7.59,152,63.8,HIGH
Karnataka,Industrial Park,R&R Scheme Implementation,54.8,64,35,33,2,2,93.5,7,4,2,224.0,2.27,126,52.9,MEDIUM
Odisha,Railway Dedicated Freight,Section 19 (Declaration of Acquisition),27.0,31,17,49,4,1,85.3,4,1,1,110.4,1.87,123,51.7,MEDIUM
Madhya Pradesh,Metro Rail Corridor,Section 11 (Preliminary Notification),219.0,259,143,22,1,1,80.2,9,8,1,895.2,7.33,115,48.3,MEDIUM
Uttar Pradesh,Highway Expansion,Section 19 (Declaration of Acquisition),116.1,137,76,57,3,3,77.9,3,2,0,474.6,4.25,152,63.8,HIGH
Gujarat,Highway Expansion,Section 11 (Preliminary Notification),33.0,39,21,18,1,2,82.0,4,5,2,134.9,2.0,106,44.5,MEDIUM
Andhra Pradesh,Railway Dedicated Freight,Section 23 (Award Enquiry & Valuation),71.2,84,46,15,0,1,61.4,3,6,1,291.0,3.12,65,27.3,LOW
Uttar Pradesh,Railway Dedicated Freight,Section 30 (Physical Possession Taken),48.9,57,31,35,2,0,77.1,7,6,1,199.9,2.69,110,46.2,MEDIUM
Odisha,Highway Expansion,Section 19 (Declaration of Acquisition),148.5,175,97,1,1,1,70.0,2,6,0,607.0,5.75,74,31.1,LOW
Andhra Pradesh,Highway Expansion,R&R Scheme Implementation,75.4,89,49,4,1,3,92.3,2,1,1,308.2,2.95,83,34.9,MEDIUM
Rajasthan,Highway Expansion,Section 23 (Award Enquiry & Valuation),468.6,555,308,24,3,1,67.0,2,3,0,1915.4,14.15,118,49.6,MEDIUM
Uttar Pradesh,Port Connectivity Highway,Section 11 (Preliminary Notification),20.6,24,13,129,1,1,72.2,4,3,2,84.2,1.61,148,62.2,HIGH
Tamil Nadu,Railway Dedicated Freight,Section 19 (Declaration of Acquisition),58.9,69,38,58,3,1,51.2,8,8,0,240.8,2.27,172,72.2,HIGH
Andhra Pradesh,Railway Dedicated Freight,Section 11 (Preliminary Notification),80.8,95,52,4,1,3,47.2,8,6,0,330.3,3.44,150,63.0,HIGH
Odisha,Highway Expansion,Section 11 (Preliminary Notification),84.9,100,55,84,4,2,89.5,8,2,1,347.0,3.45,170,71.4,HIGH
Maharashtra,Metro Rail Corridor,Section 11 (Preliminary Notification),53.0,62,34,59,3,2,76.8,8,1,0,216.6,2.59,150,63.0,HIGH
Madhya Pradesh,Highway Expansion,Section 30 (Physical Possession Taken),145.7,172,95,42,5,1,32.0,7,4,1,595.5,5.11,191,80.2,HIGH
Bihar,Highway Expansion,Section 30 (Physical Possession Taken),222.7,263,146,77,5,0,35.4,6,1,1,910.3,7.42,169,71.0,HIGH
Karnataka,Railway Dedicated Freight,R&R Scheme Implementation,294.2,348,193,23,1,3,77.9,7,5,1,1202.5,9.51,128,53.8,MEDIUM
Bihar,Highway Expansion,Section 19 (Declaration of Acquisition),178.5,211,117,11,3,3,59.3,5,8,3,729.6,6.15,180,75.6,HIGH
Odisha,Highway Expansion,Section 23 (Award Enquiry & Valuation),205.1,243,135,32,2,3,80.3,8,2,3,838.3,6.6,159,66.8,HIGH
Gujarat,Highway Expansion,Section 23 (Award Enquiry & Valuation),95.0,112,62,36,2,3,69.3,2,8,3,388.3,3.75,152,63.8,HIGH
Gujarat,Highway Expansion,Section 23 (Award Enquiry & Valuation),189.8,224,124,35,5,2,55.9,5,8,2,775.8,6.8,192,80.6,HIGH
Maharashtra,Highway Expansion,Section 11 (Preliminary Notification),51.2,60,33,37,5,2,45.6,7,6,3,209.3,2.51,228,95.8,HIGH
Karnataka,Railway Dedicated Freight,Section 30 (Physical Possession Taken),65.8,77,42,134,2,2,76.6,9,8,1,269.0,2.91,218,91.6,HIGH
Tamil Nadu,Industrial Park,Section 19 (Declaration of Acquisition),53.1,62,34,105,0,2,66.8,1,2,1,217.0,2.83,137,57.5,MEDIUM
Maharashtra,Metro Rail Corridor,Section 11 (Preliminary Notification),78.0,92,51,94,4,0,49.9,9,7,2,318.8,3.08,204,85.7,HIGH
Bihar,Railway Dedicated Freight,Section 30 (Physical Possession Taken),48.6,57,31,73,3,1,18.4,3,8,0,198.7,2.57,182,76.4,HIGH
Maharashtra,Highway Expansion,Section 30 (Physical Possession Taken),341.0,404,224,129,5,3,45.0,1,4,3,1393.8,10.65,251,99.0,HIGH
Bihar,Solar Energy Park,Section 19 (Declaration of Acquisition),52.5,62,34,5,0,1,63.9,7,9,1,214.6,2.72,103,43.3,MEDIUM
Andhra Pradesh,Railway Dedicated Freight,Section 19 (Declaration of Acquisition),25.3,29,16,14,1,2,42.4,3,6,1,103.4,1.88,134,56.3,MEDIUM
Gujarat,Highway Expansion,Section 19 (Declaration of Acquisition),89.8,106,58,31,2,0,43.0,8,3,2,367.1,3.49,125,52.5,MEDIUM
Andhra Pradesh,Metro Rail Corridor,Section 11 (Preliminary Notification),20.9,24,13,84,1,1,76.2,2,4,0,85.4,1.54,113,47.5,MEDIUM
Madhya Pradesh,Highway Expansion,R&R Scheme Implementation,26.7,31,17,32,4,1,75.7,4,4,1,109.1,1.96,135,56.7,MEDIUM
Karnataka,Railway Dedicated Freight,Section 19 (Declaration of Acquisition),39.8,47,26,62,1,0,84.3,2,1,0,162.7,1.77,70,29.4,LOW
Tamil Nadu,Railway Dedicated Freight,R&R Scheme Implementation,77.4,91,50,7,4,0,28.8,4,1,4,316.4,3.13,124,52.1,MEDIUM
Bihar,Solar Energy Park,Section 11 (Preliminary Notification),71.8,85,47,13,0,1,12.3,1,1,0,293.5,3.18,76,31.9,MEDIUM
Tamil Nadu,Railway Dedicated Freight,R&R Scheme Implementation,175.8,208,115,59,0,2,57.7,5,4,0,718.6,5.97,114,47.9,MEDIUM
Bihar,Industrial Park,Section 23 (Award Enquiry & Valuation),149.5,177,98,8,3,0,32.5,3,1,4,611.1,5.3,108,45.4,MEDIUM
Odisha,Port Connectivity Highway,R&R Scheme Implementation,70.6,83,46,19,4,1,29.5,9,6,1,288.6,2.61,166,69.7,HIGH
Maharashtra,Highway Expansion,Section 19 (Declaration of Acquisition),55.6,65,36,14,4,0,39.8,4,2,2,227.3,2.42,118,49.6,MEDIUM
Madhya Pradesh,Highway Expansion,Section 11 (Preliminary Notification),53.0,62,34,19,3,2,42.1,6,1,1,216.6,2.65,137,57.5,MEDIUM
Gujarat,Railway Dedicated Freight,Section 19 (Declaration of Acquisition),163.7,193,107,55,1,2,9.0,9,7,1,669.1,5.53,197,82.7,HIGH
Bihar,Railway Dedicated Freight,Section 23 (Award Enquiry & Valuation),20.3,24,13,21,2,2,61.8,2,6,1,83.0,1.5,121,50.8,MEDIUM
Tamil Nadu,Railway Dedicated Freight,Section 19 (Declaration of Acquisition),16.3,20,11,36,1,1,29.4,7,1,2,66.6,1.68,123,51.7,MEDIUM
Madhya Pradesh,Solar Energy Park,Section 19 (Declaration of Acquisition),173.7,205,113,5,3,1,50.8,3,9,3,710.0,6.07,138,58.0,MEDIUM
Rajasthan,Industrial Park,Section 19 (Declaration of Acquisition),79.8,94,52,74,3,2,85.7,1,6,0,326.2,3.07,153,64.3,HIGH
Rajasthan,Metro Rail Corridor,Section 30 (Physical Possession Taken),29.0,34,18,21,3,2,35.1,9,2,0,118.5,1.86,158,66.4,HIGH
Andhra Pradesh,Railway Dedicated Freight,Section 23 (Award Enquiry & Valuation),41.9,49,27,47,0,0,25.0,9,7,0,171.3,1.99,102,42.8,MEDIUM
Gujarat,Industrial Park,Section 19 (Declaration of Acquisition),284.6,337,187,58,1,1,44.3,4,3,0,1163.3,9.11,103,43.3,MEDIUM
Odisha,Port Connectivity Highway,Section 19 (Declaration of Acquisition),211.3,250,138,11,0,1,46.8,9,7,3,863.7,7.08,112,47.0,MEDIUM
Tamil Nadu,Industrial Park,Section 19 (Declaration of Acquisition),138.7,164,91,97,2,0,31.4,7,9,5,566.9,4.81,185,77.7,HIGH
Maharashtra,Highway Expansion,Section 11 (Preliminary Notification),80.8,95,52,43,4,2,55.9,4,5,3,330.3,3.46,184,77.3,HIGH
Maharashtra,Metro Rail Corridor,Section 30 (Physical Possession Taken),88.5,104,57,25,2,1,53.5,2,1,2,361.7,3.71,103,43.3,MEDIUM
Tamil Nadu,Highway Expansion,Section 11 (Preliminary Notification),384.9,456,253,9,3,1,69.3,5,5,0,1573.3,12.07,106,44.5,MEDIUM
Karnataka,Highway Expansion,Section 30 (Physical Possession Taken),352.5,417,231,128,4,1,57.9,8,8,3,1440.8,11.17,237,99.0,HIGH
Odisha,Highway Expansion,Section 19 (Declaration of Acquisition),39.2,46,25,63,2,3,75.1,6,8,1,160.2,1.83,181,76.0,HIGH
Madhya Pradesh,Metro Rail Corridor,Section 23 (Award Enquiry & Valuation),181.7,215,119,10,3,2,60.1,5,3,2,742.7,6.47,139,58.4,MEDIUM
Bihar,Metro Rail Corridor,R&R Scheme Implementation,37.0,43,23,19,3,3,54.6,4,4,0,151.2,2.04,151,63.4,HIGH
Karnataka,Highway Expansion,R&R Scheme Implementation,39.0,46,25,75,3,1,79.4,6,8,0,159.4,1.93,166,69.7,HIGH
Bihar,Railway Dedicated Freight,Section 19 (Declaration of Acquisition),127.7,151,83,54,1,2,79.5,3,8,0,522.0,4.68,144,60.5,MEDIUM
Bihar,Railway Dedicated Freight,Section 11 (Preliminary Notification),66.9,79,43,65,2,1,45.6,2,7,2,273.5,3.06,157,65.9,HIGH
Karnataka,Railway Dedicated Freight,Section 23 (Award Enquiry & Valuation),283.2,335,186,26,1,0,41.3,1,6,2,1157.6,9.21,103,43.3,MEDIUM
Andhra Pradesh,Highway Expansion,Section 30 (Physical Possession Taken),24.3,28,15,57,0,1,51.9,9,4,0,99.3,1.5,105,44.1,MEDIUM
Rajasthan,Railway Dedicated Freight,Section 19 (Declaration of Acquisition),86.6,102,56,22,2,2,65.4,1,9,3,354.0,3.63,140,58.8,MEDIUM
Bihar,Industrial Park,Section 23 (Award Enquiry & Valuation),265.7,314,174,11,1,1,76.4,4,2,3,1086.0,8.59,89,37.4,MEDIUM
Karnataka,Highway Expansion,Section 23 (Award Enquiry & Valuation),249.5,295,163,45,7,2,87.9,6,2,3,1019.8,8.24,218,91.6,HIGH
Karnataka,Highway Expansion,Section 30 (Physical Possession Taken),32.0,37,20,168,1,0,59.5,9,1,1,130.8,1.76,168,70.6,HIGH
Uttar Pradesh,Railway Dedicated Freight,Section 23 (Award Enquiry & Valuation),60.7,71,39,17,2,1,44.0,4,3,1,248.1,2.95,102,42.8,MEDIUM
Andhra Pradesh,Solar Energy Park,Section 11 (Preliminary Notification),111.5,132,73,28,2,0,59.2,7,3,2,455.8,4.23,103,43.3,MEDIUM
Gujarat,Metro Rail Corridor,Section 11 (Preliminary Notification),32.4,38,21,50,5,1,58.5,7,4,1,132.4,2.16,180,75.6,HIGH
Uttar Pradesh,Metro Rail Corridor,Section 11 (Preliminary Notification),359.3,425,236,35,2,0,72.1,6,3,5,1468.6,10.97,115,48.3,MEDIUM
Uttar Pradesh,Railway Dedicated Freight,Section 23 (Award Enquiry & Valuation),261.2,309,171,83,2,1,67.3,9,6,2,1067.7,8.19,163,68.5,HIGH
Tamil Nadu,Metro Rail Corridor,Section 11 (Preliminary Notification),33.3,39,21,65,0,1,55.9,7,9,1,136.1,1.9,135,56.7,MEDIUM
Rajasthan,Highway Expansion,Section 30 (Physical Possession Taken),27.9,33,18,3,1,1,26.4,3,8,0,114.0,2.09,108,45.4,MEDIUM
Karnataka,Metro Rail Corridor,Section 23 (Award Enquiry & Valuation),23.9,28,15,290,0,1,78.9,6,6,1,97.7,2.08,227,95.3,HIGH
Rajasthan,Solar Energy Park,R&R Scheme Implementation,255.2,302,167,63,4,1,52.3,7,8,4,1043.1,8.12,212,89.0,HIGH
Odisha,Metro Rail Corridor,Section 23 (Award Enquiry & Valuation),36.5,43,23,90,1,1,71.0,7,8,2,149.2,2.06,155,65.1,HIGH
Tamil Nadu,Solar Energy Park,Section 30 (Physical Possession Taken),68.8,81,45,47,4,1,55.8,6,6,3,281.2,3.0,177,74.3,HIGH
Gujarat,Industrial Park,R&R Scheme Implementation,74.6,88,48,87,3,1,45.7,3,2,4,304.9,3.28,178,74.8,HIGH
Rajasthan,Highway Expansion,Section 23 (Award Enquiry & Valuation),106.4,126,70,5,2,2,28.8,6,5,2,434.9,4.22,147,61.7,HIGH
Maharashtra,Solar Energy Park,Section 11 (Preliminary Notification),22.4,26,14,19,2,1,60.6,2,4,1,91.6,1.5,109,45.8,MEDIUM
Bihar,Highway Expansion,Section 19 (Declaration of Acquisition),40.7,48,26,94,3,1,62.8,1,6,3,166.4,2.18,162,68.0,HIGH
Odisha,Railway Dedicated Freight,Section 19 (Declaration of Acquisition),283.1,335,186,10,3,3,88.1,8,2,2,1157.2,8.7,154,64.7,HIGH
Andhra Pradesh,Highway Expansion,Section 11 (Preliminary Notification),254.0,300,166,4,2,2,38.2,3,4,0,1038.2,8.43,126,52.9,MEDIUM
Gujarat,Highway Expansion,Section 19 (Declaration of Acquisition),167.0,197,109,70,3,3,71.1,8,8,2,682.6,5.71,208,87.4,HIGH
Odisha,Railway Dedicated Freight,Section 19 (Declaration of Acquisition),17.0,20,11,81,3,2,72.8,3,1,2,69.5,1.5,157,65.9,HIGH
Bihar,Highway Expansion,Section 11 (Preliminary Notification),54.6,64,35,8,5,1,47.3,2,3,1,223.2,2.63,138,58.0,MEDIUM
Tamil Nadu,Railway Dedicated Freight,Section 11 (Preliminary Notification),113.9,134,74,87,0,1,29.9,8,4,2,465.6,4.19,151,63.4,HIGH
Bihar,Metro Rail Corridor,Section 23 (Award Enquiry & Valuation),47.2,55,30,52,1,2,27.7,3,2,2,192.9,2.6,143,60.1,MEDIUM
Uttar Pradesh,Highway Expansion,Section 23 (Award Enquiry & Valuation),255.3,302,167,33,3,3,38.0,8,2,0,1043.5,8.13,168,70.6,HIGH
Bihar,Highway Expansion,Section 11 (Preliminary Notification),115.5,136,75,80,3,2,78.9,2,6,0,472.1,4.75,161,67.6,HIGH
Uttar Pradesh,Metro Rail Corridor,Section 30 (Physical Possession Taken),22.5,26,14,24,1,3,78.0,4,6,1,92.0,1.81,146,61.3,HIGH
Tamil Nadu,Railway Dedicated Freight,Section 19 (Declaration of Acquisition),254.7,301,167,10,0,1,23.9,9,3,2,1041.1,8.55,117,49.1,MEDIUM
Madhya Pradesh,Industrial Park,Section 23 (Award Enquiry & Valuation),331.5,392,217,15,1,1,70.5,1,8,1,1355.0,10.28,100,42.0,MEDIUM
Uttar Pradesh,Metro Rail Corridor,Section 19 (Declaration of Acquisition),23.1,27,15,32,3,3,69.1,2,3,2,94.4,2.02,154,64.7,HIGH
Andhra Pradesh,Industrial Park,R&R Scheme Implementation,91.0,107,59,34,1,2,43.5,2,2,1,372.0,3.36,131,55.0,MEDIUM
Bihar,Metro Rail Corridor,Section 11 (Preliminary Notification),51.1,60,33,74,4,3,77.3,9,5,1,208.9,2.42,223,93.7,HIGH
Bihar,Railway Dedicated Freight,Section 30 (Physical Possession Taken),64.9,76,42,71,1,2,47.7,5,7,2,265.3,3.12,167,70.1,HIGH
Andhra Pradesh,Metro Rail Corridor,R&R Scheme Implementation,34.8,41,22,39,1,1,26.0,4,1,2,142.2,2.1,115,48.3,MEDIUM
Maharashtra,Highway Expansion,R&R Scheme Implementation,101.3,120,66,68,2,1,62.1,4,2,3,414.1,3.65,133,55.9,MEDIUM
Karnataka,Railway Dedicated Freight,R&R Scheme Implementation,332.0,393,218,10,3,3,37.6,7,2,1,1357.0,10.73,168,70.6,HIGH
Madhya Pradesh,Industrial Park,Section 11 (Preliminary Notification),84.9,100,55,2,3,1,67.5,3,8,1,347.0,3.5,127,53.3,MEDIUM
Gujarat,Railway Dedicated Freight,Section 23 (Award Enquiry & Valuation),23.7,28,15,93,1,1,43.6,9,6,1,96.9,1.6,172,72.2,HIGH
Uttar Pradesh,Industrial Park,Section 11 (Preliminary Notification),111.8,132,73,4,3,1,69.4,5,4,1,457.0,3.89,112,47.0,MEDIUM
Andhra Pradesh,Industrial Park,Section 23 (Award Enquiry & Valuation),56.6,67,37,13,2,1,76.8,9,4,2,231.4,2.71,107,44.9,MEDIUM
Tamil Nadu,Solar Energy Park,R&R Scheme Implementation,208.7,247,137,53,3,0,86.7,1,5,4,853.1,6.94,122,51.2,MEDIUM
Uttar Pradesh,Solar Energy Park,R&R Scheme Implementation,72.0,85,47,24,3,2,74.0,8,3,1,294.3,3.09,151,63.4,HIGH
Karnataka,Railway Dedicated Freight,Section 30 (Physical Possession Taken),36.4,43,23,94,3,0,38.8,2,4,1,148.8,1.72,141,59.2,MEDIUM
Tamil Nadu,Railway Dedicated Freight,Section 23 (Award Enquiry & Valuation),36.2,42,23,16,3,1,73.2,8,4,0,148.0,1.95,122,51.2,MEDIUM
Odisha,Metro Rail Corridor,R&R Scheme Implementation,161.4,191,106,1,5,2,92.6,4,7,3,659.7,5.71,176,73.9,HIGH
Bihar,Railway Dedicated Freight,Section 19 (Declaration of Acquisition),45.9,54,30,16,5,1,91.7,2,7,1,187.6,2.69,130,54.6,MEDIUM
Odisha,Metro Rail Corridor,Section 30 (Physical Possession Taken),160.8,190,105,39,4,2,47.4,2,1,0,657.3,5.56,145,60.9,MEDIUM
Uttar Pradesh,Industrial Park,Section 11 (Preliminary Notification),38.1,45,25,21,1,1,61.1,6,3,4,155.7,2.38,124,52.1,MEDIUM
Karnataka,Metro Rail Corridor,Section 30 (Physical Possession Taken),53.8,63,35,34,4,3,59.3,3,9,0,219.9,2.7,194,81.5,HIGH
Madhya Pradesh,Railway Dedicated Freight,Section 19 (Declaration of Acquisition),77.6,91,50,94,2,1,93.7,3,6,2,317.2,3.27,140,58.8,MEDIUM
Uttar Pradesh,Highway Expansion,Section 23 (Award Enquiry & Valuation),301.8,357,198,110,1,0,18.1,9,6,3,1233.6,9.43,179,75.2,HIGH
Andhra Pradesh,Railway Dedicated Freight,Section 11 (Preliminary Notification),283.4,335,186,14,2,2,22.7,5,4,1,1158.4,8.91,150,63.0,HIGH
Rajasthan,Highway Expansion,Section 11 (Preliminary Notification),38.2,45,25,28,2,2,35.1,7,9,0,156.1,2.22,165,69.3,HIGH
Uttar Pradesh,Solar Energy Park,Section 23 (Award Enquiry & Valuation),59.4,70,38,36,7,1,67.9,5,3,3,242.8,2.59,198,83.2,HIGH
Bihar,Railway Dedicated Freight,Section 30 (Physical Possession Taken),31.2,36,20,134,4,3,51.7,2,8,1,127.5,1.77,251,99.0,HIGH
Bihar,Highway Expansion,R&R Scheme Implementation,86.3,102,56,296,2,1,47.9,8,6,2,352.7,3.43,294,99.0,HIGH
Uttar Pradesh,Highway Expansion,Section 30 (Physical Possession Taken),76.7,90,50,12,3,3,51.2,9,2,1,313.5,3.16,172,72.2,HIGH
Tamil Nadu,Metro Rail Corridor,Section 19 (Declaration of Acquisition),246.0,291,161,58,3,1,73.0,2,3,2,1005.5,8.22,130,54.6,MEDIUM
Rajasthan,Metro Rail Corridor,R&R Scheme Implementation,280.9,332,184,21,5,1,57.9,2,1,3,1148.2,8.94,136,57.1,MEDIUM
Andhra Pradesh,Railway Dedicated Freight,Section 30 (Physical Possession Taken),63.4,75,41,0,4,1,54.6,4,3,1,259.1,2.97,128,53.8,MEDIUM
Uttar Pradesh,Highway Expansion,Section 23 (Award Enquiry & Valuation),82.7,97,53,0,1,1,87.3,8,4,2,338.0,3.45,88,37.0,MEDIUM
Tamil Nadu,Railway Dedicated Freight,Section 19 (Declaration of Acquisition),241.6,286,158,28,2,1,62.7,5,6,1,987.5,7.58,120,50.4,MEDIUM
Bihar,Railway Dedicated Freight,Section 19 (Declaration of Acquisition),179.4,212,117,30,2,1,65.6,5,7,0,733.3,6.19,126,52.9,MEDIUM
Bihar,Metro Rail Corridor,Section 19 (Declaration of Acquisition),15.4,20,11,1,3,0,72.6,7,3,3,62.9,1.5,114,47.9,MEDIUM
Karnataka,Metro Rail Corridor,R&R Scheme Implementation,53.6,63,35,52,3,1,65.1,4,7,0,219.1,2.35,144,60.5,MEDIUM
Uttar Pradesh,Railway Dedicated Freight,Section 11 (Preliminary Notification),69.8,82,45,16,6,1,51.3,9,4,1,285.3,3.09,183,76.9,HIGH
Rajasthan,Highway Expansion,R&R Scheme Implementation,41.1,48,26,37,0,2,90.9,4,1,4,168.0,2.17,88,37.0,MEDIUM
Maharashtra,Port Connectivity Highway,Section 30 (Physical Possession Taken),37.3,44,24,16,2,2,33.3,8,1,0,152.5,1.71,131,55.0,MEDIUM
Rajasthan,Railway Dedicated Freight,Section 11 (Preliminary Notification),18.9,22,12,8,2,2,74.2,3,8,3,77.3,1.5,138,58.0,MEDIUM
Bihar,Metro Rail Corridor,Section 30 (Physical Possession Taken),118.1,139,77,24,2,3,82.9,6,7,0,482.7,3.86,150,63.0,HIGH
Bihar,Highway Expansion,Section 11 (Preliminary Notification),45.5,53,29,12,5,2,64.3,1,4,3,186.0,2.03,160,67.2,HIGH
Odisha,Railway Dedicated Freight,R&R Scheme Implementation,20.4,24,13,34,0,3,69.1,7,1,2,83.4,1.7,129,54.2,MEDIUM
Bihar,Highway Expansion,Section 19 (Declaration of Acquisition),41.3,48,26,10,2,1,29.8,7,6,1,168.8,2.07,135,56.7,MEDIUM
Andhra Pradesh,Railway Dedicated Freight,Section 23 (Award Enquiry & Valuation),176.9,209,116,32,1,1,85.9,2,7,2,723.1,6.1,121,50.8,MEDIUM
Gujarat,Port Connectivity Highway,Section 19 (Declaration of Acquisition),205.7,243,135,8,4,1,67.6,5,6,0,840.8,6.89,135,56.7,MEDIUM
Uttar Pradesh,Railway Dedicated Freight,R&R Scheme Implementation,81.0,95,52,50,1,1,62.7,4,6,1,331.1,3.32,96,40.3,MEDIUM
Rajasthan,Highway Expansion,Section 11 (Preliminary Notification),68.8,81,45,63,2,3,84.8,9,8,2,281.2,3.17,185,77.7,HIGH
Gujarat,Highway Expansion,Section 19 (Declaration of Acquisition),396.0,469,260,5,1,1,54.5,2,6,0,1618.6,12.29,90,37.8,MEDIUM
Tamil Nadu,Railway Dedicated Freight,R&R Scheme Implementation,37.4,44,24,28,4,1,59.4,3,2,1,152.9,2.25,125,52.5,MEDIUM
Maharashtra,Highway Expansion,Section 30 (Physical Possession Taken),39.3,46,25,3,1,2,68.6,1,7,2,160.6,1.63,102,42.8,MEDIUM
Andhra Pradesh,Highway Expansion,Section 23 (Award Enquiry & Valuation),49.5,58,32,41,2,1,46.1,5,4,2,202.3,2.64,125,52.5,MEDIUM
Rajasthan,Industrial Park,Section 19 (Declaration of Acquisition),34.0,40,22,14,4,0,56.1,3,3,1,139.0,1.71,106,44.5,MEDIUM
Gujarat,Railway Dedicated Freight,Section 11 (Preliminary Notification),62.7,74,41,34,3,2,83.3,4,8,1,256.3,2.58,156,65.5,HIGH
Maharashtra,Highway Expansion,Section 30 (Physical Possession Taken),256.7,304,168,33,6,3,70.0,4,5,1,1049.3,8.2,211,88.6,HIGH
Odisha,Solar Energy Park,R&R Scheme Implementation,110.5,130,72,116,4,2,82.0,6,4,0,451.7,4.38,191,80.2,HIGH
Andhra Pradesh,Highway Expansion,Section 23 (Award Enquiry & Valuation),68.1,80,44,36,0,2,81.6,7,4,0,278.4,2.77,109,45.8,MEDIUM
Andhra Pradesh,Port Connectivity Highway,Section 11 (Preliminary Notification),287.4,340,188,39,1,1,74.9,7,5,1,1174.7,9.09,103,43.3,MEDIUM
Odisha,Railway Dedicated Freight,R&R Scheme Implementation,20.0,23,12,23,1,0,58.9,8,4,1,81.7,1.5,95,39.9,MEDIUM
Uttar Pradesh,Solar Energy Park,R&R Scheme Implementation,38.6,45,25,134,2,1,48.4,3,3,1,157.8,2.16,172,72.2,HIGH
Odisha,Metro Rail Corridor,Section 19 (Declaration of Acquisition),98.4,116,64,68,0,2,84.6,5,4,1,402.2,3.96,110,46.2,MEDIUM
Andhra Pradesh,Industrial Park,Section 19 (Declaration of Acquisition),110.6,131,72,15,5,1,15.5,6,5,1,452.1,4.51,170,71.4,HIGH
Andhra Pradesh,Port Connectivity Highway,Section 11 (Preliminary Notification),19.0,22,12,84,5,1,40.9,6,2,1,77.7,2.02,196,82.3,HIGH
Gujarat,Highway Expansion,R&R Scheme Implementation,66.6,78,43,25,6,3,33.6,8,7,2,272.2,3.04,241,99.0,HIGH
Bihar,Port Connectivity Highway,Section 19 (Declaration of Acquisition),119.7,141,78,79,0,2,63.0,5,5,0,489.3,4.5,131,55.0,MEDIUM
Maharashtra,Railway Dedicated Freight,Section 23 (Award Enquiry & Valuation),134.8,159,88,78,2,2,47.8,5,9,0,551.0,4.61,188,79.0,HIGH
Odisha,Railway Dedicated Freight,Section 23 (Award Enquiry & Valuation),116.6,138,76,9,3,0,71.4,1,6,1,476.6,4.72,96,40.3,MEDIUM
Maharashtra,Railway Dedicated Freight,R&R Scheme Implementation,53.6,63,35,54,2,0,55.4,1,1,4,219.1,2.58,98,41.2,MEDIUM
Odisha,Railway Dedicated Freight,Section 19 (Declaration of Acquisition),24.8,29,16,15,5,0,68.6,6,9,2,101.4,1.65,157,65.9,HIGH
Tamil Nadu,Highway Expansion,Section 11 (Preliminary Notification),70.7,83,46,16,3,2,46.0,5,5,1,289.0,3.1,145,60.9,MEDIUM
Andhra Pradesh,Metro Rail Corridor,Section 11 (Preliminary Notification),28.8,34,18,16,5,0,62.4,6,9,1,117.7,1.7,163,68.5,HIGH
Bihar,Railway Dedicated Freight,Section 11 (Preliminary Notification),309.9,367,203,58,2,2,20.4,9,1,1,1266.7,9.4,182,76.4,HIGH
Gujarat,Industrial Park,Section 23 (Award Enquiry & Valuation),79.5,94,52,12,1,4,73.6,8,2,5,325.0,3.39,156,65.5,HIGH
Bihar,Industrial Park,Section 19 (Declaration of Acquisition),53.2,63,35,0,4,1,68.3,7,3,2,217.5,2.79,132,55.4,MEDIUM
Bihar,Railway Dedicated Freight,Section 19 (Declaration of Acquisition),160.4,190,105,57,1,1,90.7,7,5,0,655.6,5.7,117,49.1,MEDIUM
Bihar,Railway Dedicated Freight,Section 23 (Award Enquiry & Valuation),83.9,99,55,8,3,2,61.6,6,6,1,342.9,3.4,148,62.2,HIGH
Maharashtra,Highway Expansion,Section 11 (Preliminary Notification),52.1,61,33,5,0,3,84.4,6,5,1,213.0,2.49,112,47.0,MEDIUM
Odisha,Highway Expansion,Section 11 (Preliminary Notification),182.1,215,119,12,2,3,78.9,1,1,0,744.3,6.24,106,44.5,MEDIUM
Madhya Pradesh,Highway Expansion,R&R Scheme Implementation,216.9,257,142,22,1,0,85.1,7,4,2,886.6,7.23,73,30.7,LOW
Tamil Nadu,Railway Dedicated Freight,Section 30 (Physical Possession Taken),126.8,150,83,29,6,0,78.5,5,6,3,518.3,4.62,166,69.7,HIGH
Rajasthan,Highway Expansion,Section 19 (Declaration of Acquisition),19.8,23,12,2,2,2,26.2,7,4,1,80.9,1.57,151,63.4,HIGH
Bihar,Port Connectivity Highway,Section 19 (Declaration of Acquisition),98.5,116,64,159,3,2,58.7,6,4,1,402.6,4.13,227,95.3,HIGH
Uttar Pradesh,Metro Rail Corridor,Section 19 (Declaration of Acquisition),159.1,188,104,57,3,0,73.7,8,5,1,650.3,5.65,149,62.6,HIGH
Maharashtra,Railway Dedicated Freight,Section 30 (Physical Possession Taken),29.7,35,19,18,0,1,23.5,3,8,2,121.4,1.87,100,42.0,MEDIUM
Gujarat,Metro Rail Corridor,R&R Scheme Implementation,41.0,48,26,17,0,2,55.0,8,5,2,167.6,2.31,124,52.1,MEDIUM
Rajasthan,Highway Expansion,Section 30 (Physical Possession Taken),229.1,271,150,27,1,1,73.9,7,7,0,936.4,7.69,104,43.7,MEDIUM
Madhya Pradesh,Railway Dedicated Freight,Section 11 (Preliminary Notification),17.0,20,11,44,0,2,45.5,1,8,2,69.5,1.68,123,51.7,MEDIUM
Uttar Pradesh,Metro Rail Corridor,Section 11 (Preliminary Notification),154.7,183,101,7,2,0,84.7,3,6,1,632.3,5.27,88,37.0,MEDIUM
Madhya Pradesh,Railway Dedicated Freight,Section 19 (Declaration of Acquisition),79.2,93,51,9,2,2,53.1,4,6,3,323.7,3.17,140,58.8,MEDIUM
Rajasthan,Railway Dedicated Freight,Section 23 (Award Enquiry & Valuation),74.2,87,48,88,5,2,83.0,9,2,0,303.3,2.96,196,82.3,HIGH
Bihar,Port Connectivity Highway,Section 19 (Declaration of Acquisition),15.7,20,11,13,1,1,66.6,6,5,2,64.2,1.6,106,44.5,MEDIUM
Uttar Pradesh,Solar Energy Park,Section 23 (Award Enquiry & Valuation),186.1,220,122,22,3,2,47.9,7,1,2,760.7,6.47,133,55.9,MEDIUM
Madhya Pradesh,Metro Rail Corridor,Section 30 (Physical Possession Taken),59.6,70,38,92,1,2,56.1,5,9,1,243.6,2.45,188,79.0,HIGH
Gujarat,Metro Rail Corridor,Section 11 (Preliminary Notification),92.8,109,60,49,5,3,75.7,3,7,0,379.3,3.73,215,90.3,HIGH
Odisha,Metro Rail Corridor,Section 23 (Award Enquiry & Valuation),128.1,151,83,19,0,1,48.1,5,2,1,523.6,4.94,88,37.0,MEDIUM
Andhra Pradesh,Highway Expansion,Section 30 (Physical Possession Taken),136.3,161,89,52,2,2,71.0,7,6,2,557.1,4.85,165,69.3,HIGH
Odisha,Railway Dedicated Freight,Section 11 (Preliminary Notification),327.3,387,215,1,1,2,48.3,9,9,1,1337.8,10.43,142,59.6,MEDIUM
Rajasthan,Highway Expansion,Section 23 (Award Enquiry & Valuation),90.8,107,59,60,2,1,77.0,9,5,0,371.1,3.74,130,54.6,MEDIUM
Maharashtra,Railway Dedicated Freight,Section 19 (Declaration of Acquisition),66.0,78,43,30,2,3,70.7,8,3,1,269.8,2.62,164,68.9,HIGH
Andhra Pradesh,Railway Dedicated Freight,Section 19 (Declaration of Acquisition),322.3,381,211,75,1,0,31.3,5,4,0,1317.4,10.25,125,52.5,MEDIUM
Tamil Nadu,Highway Expansion,Section 19 (Declaration of Acquisition),117.8,139,77,139,1,1,61.7,7,3,1,481.5,4.62,169,71.0,HIGH
Gujarat,Port Connectivity Highway,Section 30 (Physical Possession Taken),50.4,59,32,117,4,1,64.9,4,1,3,206.0,2.32,189,79.4,HIGH
Tamil Nadu,Solar Energy Park,Section 19 (Declaration of Acquisition),28.5,33,18,108,4,0,74.3,5,7,1,116.5,1.98,178,74.8,HIGH
Uttar Pradesh,Industrial Park,R&R Scheme Implementation,199.9,236,131,32,2,3,64.3,4,8,2,817.1,6.73,166,69.7,HIGH
Andhra Pradesh,Railway Dedicated Freight,Section 11 (Preliminary Notification),60.0,71,39,20,0,2,20.7,3,2,1,245.2,2.58,125,52.5,MEDIUM
Tamil Nadu,Solar Energy Park,Section 30 (Physical Possession Taken),123.0,145,80,28,1,1,75.0,1,8,0,502.8,4.5,92,38.6,MEDIUM
Tamil Nadu,Highway Expansion,Section 19 (Declaration of Acquisition),78.6,93,51,53,6,2,68.9,5,9,0,321.3,3.14,212,89.0,HIGH
Madhya Pradesh,Industrial Park,Section 11 (Preliminary Notification),37.2,44,24,97,1,1,84.7,2,7,1,152.1,1.89,141,59.2,MEDIUM
Odisha,Highway Expansion,Section 23 (Award Enquiry & Valuation),107.1,126,70,10,5,1,67.0,6,1,3,437.8,4.01,146,61.3,HIGH
Madhya Pradesh,Industrial Park,Section 19 (Declaration of Acquisition),21.3,25,13,113,1,0,82.1,5,4,2,87.1,1.62,126,52.9,MEDIUM
Andhra Pradesh,Highway Expansion,Section 11 (Preliminary Notification),68.3,80,44,76,5,1,56.1,2,7,3,279.2,2.92,210,88.2,HIGH
Andhra Pradesh,Solar Energy Park,R&R Scheme Implementation,94.1,111,61,174,3,0,22.6,8,6,1,384.6,3.64,233,97.9,HIGH
Rajasthan,Solar Energy Park,Section 23 (Award Enquiry & Valuation),72.3,85,47,96,1,2,72.5,5,8,3,295.5,3.11,184,77.3,HIGH
Madhya Pradesh,Highway Expansion,R&R Scheme Implementation,153.1,181,100,15,1,1,60.7,2,6,0,625.8,5.49,77,32.3,MEDIUM
Karnataka,Railway Dedicated Freight,Section 11 (Preliminary Notification),191.0,226,125,5,3,1,87.6,1,6,1,780.7,6.24,104,43.7,MEDIUM
Odisha,Port Connectivity Highway,R&R Scheme Implementation,162.5,192,106,5,5,1,40.9,2,6,1,664.2,5.6,145,60.9,MEDIUM
Andhra Pradesh,Railway Dedicated Freight,Section 11 (Preliminary Notification),19.0,22,12,15,2,1,73.1,1,7,0,77.7,1.5,94,39.5,MEDIUM
Rajasthan,Solar Energy Park,Section 11 (Preliminary Notification),36.6,43,23,43,1,3,60.1,3,5,0,149.6,2.01,141,59.2,MEDIUM
Madhya Pradesh,Metro Rail Corridor,R&R Scheme Implementation,91.9,108,60,73,0,0,57.8,3,9,2,375.6,3.66,114,47.9,MEDIUM
Odisha,Railway Dedicated Freight,Section 11 (Preliminary Notification),288.1,341,189,103,2,2,98.8,1,7,3,1177.6,9.36,173,72.7,HIGH
Madhya Pradesh,Highway Expansion,Section 19 (Declaration of Acquisition),195.2,231,128,44,6,1,45.4,7,1,0,797.9,6.62,183,76.9,HIGH
Tamil Nadu,Highway Expansion,Section 11 (Preliminary Notification),199.9,236,131,0,1,2,72.1,7,9,1,817.1,6.83,133,55.9,MEDIUM
Rajasthan,Industrial Park,Section 30 (Physical Possession Taken),51.1,60,33,9,4,1,28.6,9,6,1,208.9,2.48,158,66.4,HIGH
Odisha,Railway Dedicated Freight,Section 11 (Preliminary Notification),71.1,84,46,5,4,3,60.3,5,8,1,290.6,2.9,203,85.3,HIGH
Bihar,Railway Dedicated Freight,Section 30 (Physical Possession Taken),78.6,93,51,20,1,1,55.7,4,9,0,321.3,3.03,112,47.0,MEDIUM
Uttar Pradesh,Railway Dedicated Freight,Section 11 (Preliminary Notification),32.1,38,21,31,1,2,19.9,5,2,2,131.2,1.87,147,61.7,HIGH
Uttar Pradesh,Metro Rail Corridor,Section 11 (Preliminary Notification),18.2,21,11,2,1,4,70.1,8,2,3,74.4,1.5,129,54.2,MEDIUM
Odisha,Solar Energy Park,R&R Scheme Implementation,308.6,365,202,19,2,3,55.1,8,5,0,1261.4,9.81,156,65.5,HIGH
Madhya Pradesh,Port Connectivity Highway,Section 19 (Declaration of Acquisition),42.5,50,27,9,4,1,50.8,4,5,4,173.7,2.12,142,59.6,MEDIUM
Rajasthan,Railway Dedicated Freight,Section 19 (Declaration of Acquisition),42.4,50,27,47,4,4,33.8,8,2,0,173.3,2.3,210,88.2,HIGH
Uttar Pradesh,Industrial Park,Section 23 (Award Enquiry & Valuation),23.7,28,15,28,2,2,58.8,4,4,1,96.9,1.69,132,55.4,MEDIUM
Rajasthan,Industrial Park,R&R Scheme Implementation,278.8,330,183,31,3,1,68.1,4,9,4,1139.6,9.07,158,66.4,HIGH
Uttar Pradesh,Metro Rail Corridor,R&R Scheme Implementation,101.7,120,66,25,2,1,83.1,8,4,1,415.7,4.0,124,52.1,MEDIUM
Tamil Nadu,Port Connectivity Highway,Section 19 (Declaration of Acquisition),125.0,148,82,141,2,1,36.2,2,1,2,510.9,4.54,187,78.5,HIGH
Madhya Pradesh,Highway Expansion,R&R Scheme Implementation,257.6,305,169,11,4,1,61.8,4,5,1,1052.9,8.35,127,53.3,MEDIUM
Tamil Nadu,Highway Expansion,Section 19 (Declaration of Acquisition),57.4,68,37,33,1,2,62.9,1,2,1,234.6,2.74,97,40.7,MEDIUM
Uttar Pradesh,Solar Energy Park,R&R Scheme Implementation,112.2,132,73,60,1,2,62.0,1,6,1,458.6,4.7,124,52.1,MEDIUM
Bihar,Railway Dedicated Freight,Section 11 (Preliminary Notification),19.0,22,12,37,1,0,56.9,8,1,2,77.7,1.5,103,43.3,MEDIUM
Bihar,Industrial Park,Section 19 (Declaration of Acquisition),35.7,42,23,119,3,3,43.1,4,7,2,145.9,2.03,239,99.0,HIGH
Tamil Nadu,Solar Energy Park,Section 19 (Declaration of Acquisition),192.9,228,126,21,2,1,67.2,6,7,2,788.5,6.28,130,54.6,MEDIUM
Bihar,Highway Expansion,Section 30 (Physical Possession Taken),160.6,190,105,28,6,4,20.9,5,4,1,656.4,5.59,246,99.0,HIGH
Uttar Pradesh,Solar Energy Park,R&R Scheme Implementation,58.2,68,37,4,2,3,55.6,6,9,1,237.9,2.53,162,68.0,HIGH
Odisha,Railway Dedicated Freight,R&R Scheme Implementation,62.3,73,40,42,2,3,28.5,4,3,3,254.7,2.76,170,71.4,HIGH
Tamil Nadu,Railway Dedicated Freight,Section 19 (Declaration of Acquisition),91.3,108,60,15,3,2,72.1,4,5,1,373.2,3.64,137,57.5,MEDIUM
Maharashtra,Metro Rail Corridor,Section 11 (Preliminary Notification),15.0,20,11,8,3,1,71.7,7,5,1,61.3,1.5,122,51.2,MEDIUM
Madhya Pradesh,Solar Energy Park,Section 11 (Preliminary Notification),42.6,50,27,35,1,1,75.1,1,8,0,174.1,1.86,100,42.0,MEDIUM
Bihar,Highway Expansion,Section 11 (Preliminary Notification),38.3,45,25,34,2,1,51.3,9,4,1,156.6,2.38,123,51.7,MEDIUM
Bihar,Railway Dedicated Freight,R&R Scheme Implementation,43.8,51,28,4,2,1,29.4,3,1,3,179.0,2.42,110,46.2,MEDIUM
Andhra Pradesh,Metro Rail Corridor,Section 30 (Physical Possession Taken),178.9,211,117,54,5,2,10.6,4,5,2,731.3,6.09,213,89.5,HIGH
Karnataka,Industrial Park,Section 19 (Declaration of Acquisition),47.8,56,31,44,3,0,26.5,9,1,3,195.4,2.19,148,62.2,HIGH
Tamil Nadu,Metro Rail Corridor,Section 23 (Award Enquiry & Valuation),36.3,43,23,9,3,3,94.1,5,3,1,148.4,2.06,144,60.5,MEDIUM
Gujarat,Highway Expansion,Section 30 (Physical Possession Taken),85.2,100,55,29,2,3,85.4,4,6,1,348.3,3.51,142,59.6,MEDIUM
Bihar,Highway Expansion,Section 23 (Award Enquiry & Valuation),215.7,255,141,57,4,1,75.1,6,1,0,881.7,7.33,149,62.6,HIGH
Madhya Pradesh,Railway Dedicated Freight,Section 30 (Physical Possession Taken),42.6,50,27,34,0,1,20.9,1,3,0,174.1,2.39,74,31.1,LOW
Maharashtra,Industrial Park,Section 11 (Preliminary Notification),23.2,27,15,23,1,1,59.9,1,7,0,94.8,1.87,106,44.5,MEDIUM
Bihar,Highway Expansion,R&R Scheme Implementation,59.1,70,38,18,3,3,74.0,5,2,1,241.6,2.34,157,65.9,HIGH
Maharashtra,Highway Expansion,Section 23 (Award Enquiry & Valuation),152.7,180,100,42,2,2,40.9,5,6,2,624.2,5.31,157,65.9,HIGH
Uttar Pradesh,Port Connectivity Highway,Section 30 (Physical Possession Taken),95.0,112,62,126,2,1,62.8,9,7,4,388.3,3.92,202,84.8,HIGH
Uttar Pradesh,Highway Expansion,R&R Scheme Implementation,184.7,218,121,50,4,1,83.7,1,2,1,755.0,6.1,113,47.5,MEDIUM
Karnataka,Port Connectivity Highway,Section 23 (Award Enquiry & Valuation),335.9,398,221,3,0,1,90.6,3,5,1,1373.0,10.85,66,27.7,LOW
Odisha,Metro Rail Corridor,Section 19 (Declaration of Acquisition),172.3,204,113,28,6,3,90.3,3,1,1,704.3,6.29,174,73.1,HIGH
Gujarat,Industrial Park,Section 30 (Physical Possession Taken),107.6,127,70,100,1,0,41.2,4,3,3,439.8,4.32,132,55.4,MEDIUM
Andhra Pradesh,Highway Expansion,Section 19 (Declaration of Acquisition),83.0,98,54,4,3,0,48.1,7,1,1,339.3,3.51,90,37.8,MEDIUM
Karnataka,Highway Expansion,Section 11 (Preliminary Notification),19.1,22,12,202,2,3,71.3,7,3,1,78.1,1.5,260,99.0,HIGH
Rajasthan,Industrial Park,Section 19 (Declaration of Acquisition),430.5,510,283,134,1,3,75.6,5,4,1,1759.7,13.37,182,76.4,HIGH
Andhra Pradesh,Industrial Park,Section 19 (Declaration of Acquisition),63.4,75,41,4,1,2,15.1,9,5,1,259.1,2.54,144,60.5,MEDIUM
Tamil Nadu,Industrial Park,Section 30 (Physical Possession Taken),31.5,37,20,122,1,1,65.8,7,4,2,128.8,1.75,165,69.3,HIGH
Madhya Pradesh,Highway Expansion,Section 11 (Preliminary Notification),124.9,148,82,20,2,2,67.2,2,4,3,510.5,4.43,124,52.1,MEDIUM
Rajasthan,Industrial Park,Section 19 (Declaration of Acquisition),48.4,57,31,84,0,2,80.0,3,9,3,197.8,2.4,147,61.7,HIGH
Rajasthan,Industrial Park,R&R Scheme Implementation,103.1,122,67,24,0,0,32.4,7,9,0,421.4,3.87,99,41.6,MEDIUM
Karnataka,Metro Rail Corridor,Section 23 (Award Enquiry & Valuation),103.4,122,67,26,4,2,65.3,5,9,2,422.6,4.01,188,79.0,HIGH
Odisha,Industrial Park,Section 19 (Declaration of Acquisition),74.0,87,48,45,3,0,47.8,7,5,2,302.5,3.29,140,58.8,MEDIUM
Karnataka,Industrial Park,Section 11 (Preliminary Notification),195.9,232,128,67,2,1,57.0,9,5,0,800.7,6.46,164,68.9,HIGH
Tamil Nadu,Metro Rail Corridor,Section 19 (Declaration of Acquisition),45.8,54,30,2,0,3,82.2,9,2,1,187.2,2.34,99,41.6,MEDIUM
Bihar,Highway Expansion,Section 23 (Award Enquiry & Valuation),74.5,88,48,40,2,1,67.2,3,6,2,304.5,3.05,132,55.4,MEDIUM
Bihar,Railway Dedicated Freight,Section 11 (Preliminary Notification),92.2,109,60,9,0,3,75.2,8,2,0,376.9,3.68,90,37.8,MEDIUM
Odisha,Highway Expansion,Section 30 (Physical Possession Taken),124.0,146,81,19,6,1,89.0,6,5,1,506.8,4.68,155,65.1,HIGH
Tamil Nadu,Railway Dedicated Freight,Section 11 (Preliminary Notification),168.2,199,110,19,4,1,55.6,4,5,2,687.5,6.0,141,59.2,MEDIUM
Odisha,Railway Dedicated Freight,Section 30 (Physical Possession Taken),65.2,77,42,28,1,2,88.7,4,4,4,266.5,3.0,110,46.2,MEDIUM
Maharashtra,Highway Expansion,Section 11 (Preliminary Notification),118.9,140,77,18,3,2,73.5,4,5,3,486.0,4.48,150,63.0,HIGH
Bihar,Railway Dedicated Freight,Section 23 (Award Enquiry & Valuation),31.3,37,20,5,5,1,11.9,7,7,6,127.9,1.61,210,88.2,HIGH
Rajasthan,Highway Expansion,Section 23 (Award Enquiry & Valuation),284.8,337,187,7,5,3,80.6,6,2,2,1164.1,8.93,156,65.5,HIGH
Gujarat,Industrial Park,Section 11 (Preliminary Notification),63.3,75,41,2,3,0,50.7,2,1,3,258.7,2.65,107,44.9,MEDIUM
Madhya Pradesh,Solar Energy Park,Section 19 (Declaration of Acquisition),145.8,172,95,29,3,3,55.2,5,4,1,596.0,5.24,171,71.8,HIGH
Tamil Nadu,Highway Expansion,Section 23 (Award Enquiry & Valuation),17.1,20,11,139,1,1,64.6,5,7,2,69.9,1.5,178,74.8,HIGH
Andhra Pradesh,Port Connectivity Highway,Section 30 (Physical Possession Taken),38.0,45,25,6,2,3,39.2,6,1,1,155.3,2.15,151,63.4,HIGH
Odisha,Railway Dedicated Freight,Section 30 (Physical Possession Taken),81.8,96,53,132,2,1,58.4,7,4,1,334.4,3.39,189,79.4,HIGH
Madhya Pradesh,Highway Expansion,R&R Scheme Implementation,225.6,267,148,59,5,2,67.1,8,6,2,922.1,7.07,210,88.2,HIGH
Andhra Pradesh,Highway Expansion,Section 30 (Physical Possession Taken),89.9,106,58,46,1,2,29.2,8,6,3,367.5,3.35,156,65.5,HIGH
Madhya Pradesh,Railway Dedicated Freight,R&R Scheme Implementation,280.7,332,184,47,2,0,54.7,5,1,3,1147.4,9.24,114,47.9,MEDIUM
Gujarat,Industrial Park,Section 11 (Preliminary Notification),81.1,96,53,79,1,3,54.1,2,7,1,331.5,3.46,164,68.9,HIGH
Andhra Pradesh,Industrial Park,Section 11 (Preliminary Notification),82.4,97,53,5,1,1,76.4,8,5,3,336.8,3.19,116,48.7,MEDIUM
Karnataka,Highway Expansion,Section 11 (Preliminary Notification),27.8,32,17,32,3,1,72.5,6,6,0,113.6,1.59,127,53.3,MEDIUM
Uttar Pradesh,Highway Expansion,Section 19 (Declaration of Acquisition),177.3,210,116,54,1,2,79.0,3,1,1,724.7,5.58,104,43.7,MEDIUM
Karnataka,Railway Dedicated Freight,Section 19 (Declaration of Acquisition),43.4,51,28,40,4,0,83.3,4,7,3,177.4,2.54,131,55.0,MEDIUM
Bihar,Highway Expansion,R&R Scheme Implementation,244.9,290,161,80,2,1,81.1,1,4,2,1001.0,8.02,118,49.6,MEDIUM
Uttar Pradesh,Highway Expansion,Section 30 (Physical Possession Taken),256.7,304,168,3,3,1,60.8,3,3,3,1049.3,8.72,115,48.3,MEDIUM
Karnataka,Highway Expansion,Section 30 (Physical Possession Taken),302.0,357,198,53,2,2,5.0,4,4,0,1234.4,9.6,163,68.5,HIGH
Uttar Pradesh,Industrial Park,Section 11 (Preliminary Notification),88.4,104,57,34,3,0,46.0,2,9,3,361.3,3.59,139,58.4,MEDIUM
Uttar Pradesh,Solar Energy Park,Section 23 (Award Enquiry & Valuation),128.0,151,83,21,0,1,76.7,6,5,2,523.2,4.84,106,44.5,MEDIUM
Rajasthan,Railway Dedicated Freight,Section 19 (Declaration of Acquisition),165.7,196,108,19,2,2,52.3,8,5,2,677.3,6.07,156,65.5,HIGH
Odisha,Solar Energy Park,Section 19 (Declaration of Acquisition),29.0,34,18,44,3,2,20.5,6,8,1,118.5,1.93,194,81.5,HIGH
Odisha,Railway Dedicated Freight,Section 11 (Preliminary Notification),106.9,126,70,100,3,3,41.9,3,7,4,437.0,4.06,213,89.5,HIGH
Rajasthan,Railway Dedicated Freight,Section 19 (Declaration of Acquisition),18.5,21,11,31,3,2,63.3,9,3,0,75.6,1.53,159,66.8,HIGH
Madhya Pradesh,Highway Expansion,Section 11 (Preliminary Notification),83.8,99,55,78,2,2,82.2,4,1,4,342.5,3.19,176,73.9,HIGH
Maharashtra,Metro Rail Corridor,R&R Scheme Implementation,31.8,37,20,23,2,1,80.3,6,2,1,130.0,1.83,98,41.2,MEDIUM
Madhya Pradesh,Port Connectivity Highway,Section 30 (Physical Possession Taken),35.2,41,22,5,4,0,69.4,4,3,0,143.9,2.02,91,38.2,MEDIUM
Andhra Pradesh,Metro Rail Corridor,Section 23 (Award Enquiry & Valuation),60.4,71,39,3,3,2,88.1,4,1,2,246.9,3.0,113,47.5,MEDIUM
Andhra Pradesh,Railway Dedicated Freight,Section 30 (Physical Possession Taken),71.6,84,46,2,2,4,69.6,2,1,2,292.7,2.96,124,52.1,MEDIUM
Uttar Pradesh,Metro Rail Corridor,Section 30 (Physical Possession Taken),112.6,133,73,22,5,2,89.0,2,8,2,460.3,4.43,175,73.5,HIGH
Karnataka,Highway Expansion,R&R Scheme Implementation,22.7,26,14,19,3,0,47.3,2,8,1,92.8,1.63,132,55.4,MEDIUM
Karnataka,Solar Energy Park,Section 19 (Declaration of Acquisition),85.1,100,55,57,2,1,69.1,2,2,3,347.8,3.68,115,48.3,MEDIUM
Odisha,Railway Dedicated Freight,Section 23 (Award Enquiry & Valuation),35.2,41,22,61,3,2,60.1,8,8,1,143.9,2.14,187,78.5,HIGH
Tamil Nadu,Railway Dedicated Freight,Section 19 (Declaration of Acquisition),100.3,118,65,2,2,2,68.1,4,2,0,410.0,3.99,100,42.0,MEDIUM
Madhya Pradesh,Metro Rail Corridor,Section 30 (Physical Possession Taken),116.4,137,76,11,1,2,47.9,4,5,1,475.8,4.53,113,47.5,MEDIUM
Bihar,Metro Rail Corridor,Section 11 (Preliminary Notification),96.4,114,63,14,1,1,67.5,3,1,3,394.0,3.92,71,29.8,LOW
Gujarat,Highway Expansion,Section 30 (Physical Possession Taken),149.1,176,97,36,3,1,87.7,5,9,1,609.4,5.48,139,58.4,MEDIUM
Karnataka,Metro Rail Corridor,Section 19 (Declaration of Acquisition),55.9,66,36,7,2,3,64.2,4,4,1,228.5,3.03,131,55.0,MEDIUM
Gujarat,Highway Expansion,Section 30 (Physical Possession Taken),159.9,189,105,6,3,2,60.6,7,2,1,653.6,5.9,145,60.9,MEDIUM
Uttar Pradesh,Industrial Park,Section 11 (Preliminary Notification),71.7,84,46,130,4,1,79.3,7,1,1,293.1,3.14,195,81.9,HIGH
Gujarat,Industrial Park,R&R Scheme Implementation,81.2,96,53,73,3,1,70.3,6,6,3,331.9,3.23,183,76.9,HIGH
Bihar,Industrial Park,Section 19 (Declaration of Acquisition),119.4,141,78,9,1,3,60.8,7,8,2,488.0,4.49,161,67.6,HIGH
Rajasthan,Metro Rail Corridor,Section 30 (Physical Possession Taken),16.9,20,11,23,2,3,42.5,7,4,4,69.1,1.5,181,76.0,HIGH
Bihar,Railway Dedicated Freight,Section 19 (Declaration of Acquisition),121.1,143,79,20,2,1,60.9,8,1,1,495.0,4.63,102,42.8,MEDIUM
Gujarat,Highway Expansion,R&R Scheme Implementation,111.4,132,73,70,1,0,25.6,1,1,0,455.3,3.98,104,43.7,MEDIUM
Bihar,Industrial Park,Section 30 (Physical Possession Taken),52.1,61,33,32,4,0,50.5,3,6,4,213.0,2.72,152,63.8,HIGH
Maharashtra,Highway Expansion,Section 30 (Physical Possession Taken),24.0,28,15,6,2,1,70.9,3,2,0,98.1,2.08,70,29.4,LOW
Uttar Pradesh,Railway Dedicated Freight,Section 19 (Declaration of Acquisition),24.5,29,16,60,2,2,90.9,5,5,0,100.1,1.5,130,54.6,MEDIUM
Madhya Pradesh,Highway Expansion,Section 19 (Declaration of Acquisition),271.7,321,178,23,2,2,83.1,7,2,4,1110.6,8.76,125,52.5,MEDIUM
Rajasthan,Highway Expansion,Section 11 (Preliminary Notification),131.9,156,86,14,1,2,25.8,6,9,2,539.1,4.56,140,58.8,MEDIUM
Karnataka,Metro Rail Corridor,R&R Scheme Implementation,28.6,33,18,21,2,2,35.7,4,2,1,116.9,1.5,133,55.9,MEDIUM
Andhra Pradesh,Highway Expansion,Section 11 (Preliminary Notification),59.1,70,38,31,3,0,86.3,6,5,1,241.6,2.67,100,42.0,MEDIUM
Madhya Pradesh,Industrial Park,Section 30 (Physical Possession Taken),104.8,124,68,19,2,0,65.9,7,4,1,428.4,4.13,91,38.2,MEDIUM
Andhra Pradesh,Railway Dedicated Freight,Section 19 (Declaration of Acquisition),195.5,231,128,12,1,1,65.4,4,1,3,799.1,6.74,86,36.1,MEDIUM
Uttar Pradesh,Highway Expansion,Section 30 (Physical Possession Taken),19.5,23,12,23,0,0,72.9,8,9,0,79.7,1.59,85,35.7,MEDIUM
Rajasthan,Railway Dedicated Freight,Section 30 (Physical Possession Taken),42.0,49,27,1,3,0,41.0,5,3,1,171.7,1.87,96,40.3,MEDIUM
Odisha,Highway Expansion,Section 23 (Award Enquiry & Valuation),235.5,279,155,67,3,2,65.8,3,8,1,962.6,7.76,189,79.4,HIGH
Karnataka,Highway Expansion,Section 23 (Award Enquiry & Valuation),15.9,20,11,8,3,2,56.5,2,4,1,65.0,1.5,117,49.1,MEDIUM
Maharashtra,Industrial Park,Section 30 (Physical Possession Taken),37.5,44,24,2,2,2,83.7,1,9,0,153.3,1.79,100,42.0,MEDIUM
Odisha,Highway Expansion,Section 19 (Declaration of Acquisition),334.5,396,220,48,5,2,53.0,4,5,3,1367.3,10.37,205,86.1,HIGH
Uttar Pradesh,Industrial Park,Section 30 (Physical Possession Taken),110.0,130,72,67,4,2,60.3,2,2,4,449.6,4.36,176,73.9,HIGH
Madhya Pradesh,Highway Expansion,Section 23 (Award Enquiry & Valuation),45.3,53,29,76,4,2,38.7,3,8,0,185.2,2.41,198,83.2,HIGH
Maharashtra,Highway Expansion,Section 19 (Declaration of Acquisition),21.9,25,13,31,1,1,86.1,1,4,3,89.5,1.69,81,34.0,MEDIUM
Bihar,Industrial Park,Section 30 (Physical Possession Taken),17.9,21,11,10,4,4,69.0,6,2,4,73.2,1.5,197,82.7,HIGH
Gujarat,Railway Dedicated Freight,R&R Scheme Implementation,43.1,51,28,60,1,1,52.0,4,6,1,176.2,2.16,130,54.6,MEDIUM
Maharashtra,Highway Expansion,R&R Scheme Implementation,228.3,270,150,54,3,1,37.4,5,1,1,933.2,7.26,144,60.5,MEDIUM
Uttar Pradesh,Railway Dedicated Freight,Section 30 (Physical Possession Taken),68.8,81,45,13,3,1,41.0,8,8,0,281.2,3.24,147,61.7,HIGH
Tamil Nadu,Highway Expansion,Section 19 (Declaration of Acquisition),142.4,168,93,105,3,3,37.6,4,9,2,582.1,5.51,235,98.7,HIGH
Gujarat,Industrial Park,Section 30 (Physical Possession Taken),265.5,314,174,5,1,4,55.3,6,7,3,1085.2,8.71,170,71.4,HIGH
Andhra Pradesh,Railway Dedicated Freight,Section 30 (Physical Possession Taken),67.4,79,43,183,4,2,75.9,3,9,1,275.5,3.07,262,99.0,HIGH
Karnataka,Industrial Park,Section 23 (Award Enquiry & Valuation),36.2,42,23,89,6,2,83.4,8,2,2,148.0,2.0,233,97.9,HIGH
Andhra Pradesh,Solar Energy Park,R&R Scheme Implementation,87.8,104,57,52,4,1,39.1,3,1,0,358.9,3.19,152,63.8,HIGH
Maharashtra,Railway Dedicated Freight,Section 23 (Award Enquiry & Valuation),253.7,300,166,126,0,3,70.9,7,7,0,1037.0,8.09,191,80.2,HIGH
Andhra Pradesh,Solar Energy Park,Section 23 (Award Enquiry & Valuation),178.2,211,117,58,2,2,94.9,7,4,1,728.4,6.01,149,62.6,HIGH
Uttar Pradesh,Railway Dedicated Freight,Section 30 (Physical Possession Taken),21.8,25,13,10,1,3,38.1,3,8,4,89.1,1.55,153,64.3,HIGH
Bihar,Port Connectivity Highway,Section 23 (Award Enquiry & Valuation),133.0,157,87,26,1,1,70.3,3,3,1,543.6,4.68,81,34.0,MEDIUM
Madhya Pradesh,Highway Expansion,R&R Scheme Implementation,99.8,118,65,3,3,1,47.5,8,7,0,407.9,3.86,143,60.1,MEDIUM
Karnataka,Metro Rail Corridor,Section 23 (Award Enquiry & Valuation),253.0,299,166,22,2,2,53.5,3,7,2,1034.1,8.07,144,60.5,MEDIUM
Andhra Pradesh,Railway Dedicated Freight,R&R Scheme Implementation,28.1,33,18,61,4,0,47.1,2,9,1,114.9,2.24,163,68.5,HIGH
Andhra Pradesh,Railway Dedicated Freight,Section 23 (Award Enquiry & Valuation),91.4,108,60,22,2,3,36.7,5,4,4,373.6,3.34,182,76.4,HIGH
Maharashtra,Metro Rail Corridor,R&R Scheme Implementation,226.6,268,148,18,1,1,59.5,7,1,1,926.2,7.66,98,41.2,MEDIUM
Madhya Pradesh,Industrial Park,Section 23 (Award Enquiry & Valuation),67.8,80,44,41,3,3,87.6,8,7,1,277.1,2.89,174,73.1,HIGH
Odisha,Highway Expansion,Section 23 (Award Enquiry & Valuation),80.8,95,52,93,2,1,36.8,1,6,0,330.3,3.4,153,64.3,HIGH
Andhra Pradesh,Highway Expansion,Section 19 (Declaration of Acquisition),22.3,26,14,2,5,2,29.7,2,1,2,91.2,1.74,152,63.8,HIGH
Uttar Pradesh,Industrial Park,R&R Scheme Implementation,47.6,56,31,22,1,1,78.3,7,9,0,194.6,2.39,106,44.5,MEDIUM
Tamil Nadu,Metro Rail Corridor,R&R Scheme Implementation,54.2,64,35,8,4,2,42.7,9,8,0,221.5,2.32,169,71.0,HIGH
Karnataka,Port Connectivity Highway,R&R Scheme Implementation,305.3,361,200,53,4,1,69.3,3,4,3,1247.9,9.67,159,66.8,HIGH
Andhra Pradesh,Industrial Park,Section 11 (Preliminary Notification),48.2,57,31,5,0,3,77.7,8,5,2,197.0,2.41,108,45.4,MEDIUM
Uttar Pradesh,Port Connectivity Highway,Section 23 (Award Enquiry & Valuation),76.8,91,50,49,2,2,77.9,3,8,5,313.9,3.22,171,71.8,HIGH
Uttar Pradesh,Industrial Park,R&R Scheme Implementation,126.3,149,82,15,4,1,69.5,4,2,1,516.2,4.41,133,55.9,MEDIUM
Karnataka,Highway Expansion,Section 11 (Preliminary Notification),32.7,38,21,10,0,3,59.3,2,6,3,133.7,2.19,127,53.3,MEDIUM
Odisha,Highway Expansion,Section 19 (Declaration of Acquisition),81.6,96,53,124,1,1,40.8,9,2,1,333.5,2.84,169,71.0,HIGH
Uttar Pradesh,Industrial Park,R&R Scheme Implementation,149.1,176,97,1,1,1,90.5,5,8,6,609.4,5.22,127,53.3,MEDIUM
Tamil Nadu,Metro Rail Corridor,R&R Scheme Implementation,216.6,256,142,26,3,0,38.3,5,5,1,885.3,7.01,128,53.8,MEDIUM
Uttar Pradesh,Highway Expansion,Section 11 (Preliminary Notification),113.4,134,74,1,1,3,63.8,4,3,4,463.5,4.28,123,51.7,MEDIUM
Uttar Pradesh,Railway Dedicated Freight,Section 23 (Award Enquiry & Valuation),125.6,148,82,30,1,1,54.0,5,2,1,513.4,4.8,99,41.6,MEDIUM
Uttar Pradesh,Port Connectivity Highway,Section 19 (Declaration of Acquisition),28.5,33,18,31,3,1,26.4,1,4,1,116.5,1.53,150,63.0,HIGH
Bihar,Railway Dedicated Freight,R&R Scheme Implementation,306.5,363,201,17,3,3,77.6,6,8,4,1252.8,10.24,178,74.8,HIGH
Bihar,Railway Dedicated Freight,Section 23 (Award Enquiry & Valuation),29.2,34,18,6,7,2,89.0,4,1,0,119.4,1.88,148,62.2,HIGH
Odisha,Railway Dedicated Freight,Section 19 (Declaration of Acquisition),164.0,194,107,21,2,0,87.5,4,3,2,670.3,5.77,85,35.7,MEDIUM
Andhra Pradesh,Highway Expansion,Section 30 (Physical Possession Taken),45.8,54,30,50,2,2,60.8,5,1,0,187.2,2.02,127,53.3,MEDIUM
Uttar Pradesh,Railway Dedicated Freight,Section 30 (Physical Possession Taken),286.2,339,188,69,2,3,67.1,1,2,1,1169.8,9.18,147,61.7,HIGH
Madhya Pradesh,Railway Dedicated Freight,Section 19 (Declaration of Acquisition),142.3,168,93,34,3,0,37.4,4,7,0,581.6,5.27,120,50.4,MEDIUM
Andhra Pradesh,Highway Expansion,Section 11 (Preliminary Notification),155.2,183,101,40,9,2,76.4,3,1,4,634.4,5.48,213,89.5,HIGH
Odisha,Industrial Park,Section 19 (Declaration of Acquisition),39.7,47,26,10,3,1,49.3,5,9,1,162.3,2.16,134,56.3,MEDIUM
Rajasthan,Railway Dedicated Freight,Section 19 (Declaration of Acquisition),73.5,87,48,15,2,2,68.9,5,8,1,300.4,3.09,152,63.8,HIGH
Andhra Pradesh,Industrial Park,Section 11 (Preliminary Notification),111.2,131,72,8,2,1,76.7,8,1,3,454.5,3.91,105,44.1,MEDIUM
Andhra Pradesh,Solar Energy Park,Section 11 (Preliminary Notification),162.0,191,106,13,1,2,77.8,1,1,3,662.2,5.36,74,31.1,LOW
Gujarat,Highway Expansion,Section 23 (Award Enquiry & Valuation),26.0,30,16,11,2,0,71.4,3,2,2,106.3,1.98,84,35.3,MEDIUM
Maharashtra,Metro Rail Corridor,Section 23 (Award Enquiry & Valuation),343.0,406,225,33,2,2,40.1,5,2,0,1402.0,10.99,143,60.1,MEDIUM
Gujarat,Railway Dedicated Freight,Section 11 (Preliminary Notification),235.9,279,155,37,1,0,35.1,3,6,1,964.2,7.96,112,47.0,MEDIUM
Tamil Nadu,Solar Energy Park,Section 30 (Physical Possession Taken),46.5,55,30,130,3,1,86.2,6,1,0,190.1,2.17,158,66.4,HIGH
Bihar,Highway Expansion,Section 30 (Physical Possession Taken),188.0,222,123,10,1,0,74.2,3,4,2,768.4,6.35,65,27.3,LOW
Bihar,Metro Rail Corridor,Section 19 (Declaration of Acquisition),88.0,104,57,46,0,2,73.6,6,7,2,359.7,3.76,131,55.0,MEDIUM
Maharashtra,Metro Rail Corridor,R&R Scheme Implementation,77.0,91,50,76,2,1,61.2,8,9,3,314.7,2.96,193,81.1,HIGH
Karnataka,Highway Expansion,Section 19 (Declaration of Acquisition),52.8,62,34,37,6,1,56.6,4,3,0,215.8,2.74,162,68.0,HIGH
Karnataka,Highway Expansion,Section 19 (Declaration of Acquisition),102.0,120,66,13,2,1,33.8,8,4,1,416.9,3.8,124,52.1,MEDIUM
Odisha,Metro Rail Corridor,R&R Scheme Implementation,145.9,172,95,14,1,2,84.1,7,5,0,596.4,5.0,113,47.5,MEDIUM
Maharashtra,Industrial Park,Section 11 (Preliminary Notification),67.9,80,44,2,1,1,63.2,4,5,0,277.5,2.94,92,38.6,MEDIUM
Andhra Pradesh,Railway Dedicated Freight,Section 30 (Physical Possession Taken),114.2,135,75,16,3,2,73.0,3,2,1,466.8,4.04,121,50.8,MEDIUM
Karnataka,Metro Rail Corridor,Section 19 (Declaration of Acquisition),135.2,160,88,61,1,0,74.3,5,5,2,552.6,4.49,110,46.2,MEDIUM
Uttar Pradesh,Railway Dedicated Freight,R&R Scheme Implementation,139.2,164,91,2,2,1,95.3,5,1,1,569.0,5.0,75,31.5,MEDIUM
Madhya Pradesh,Industrial Park,Section 23 (Award Enquiry & Valuation),20.3,24,13,11,1,1,49.3,7,7,2,83.0,1.69,119,50.0,MEDIUM
Andhra Pradesh,Highway Expansion,Section 19 (Declaration of Acquisition),211.4,250,138,55,3,3,65.3,1,5,7,864.1,7.29,193,81.1,HIGH
Tamil Nadu,Solar Energy Park,Section 30 (Physical Possession Taken),76.3,90,50,69,2,0,80.5,9,6,1,311.9,3.3,123,51.7,MEDIUM
Uttar Pradesh,Highway Expansion,Section 11 (Preliminary Notification),45.4,53,29,27,4,0,70.4,2,9,5,185.6,2.69,147,61.7,HIGH
Uttar Pradesh,Railway Dedicated Freight,Section 19 (Declaration of Acquisition),42.7,50,27,54,3,0,48.0,9,3,2,174.5,2.49,138,58.0,MEDIUM
Maharashtra,Highway Expansion,Section 19 (Declaration of Acquisition),81.0,95,52,22,2,2,61.8,9,1,2,331.1,3.47,138,58.0,MEDIUM
Odisha,Highway Expansion,R&R Scheme Implementation,232.9,275,152,8,4,1,38.0,3,8,0,952.0,7.76,158,66.4,HIGH
Tamil Nadu,Railway Dedicated Freight,Section 23 (Award Enquiry & Valuation),62.5,74,41,23,2,2,71.4,7,2,0,255.5,3.03,122,51.2,MEDIUM
Karnataka,Highway Expansion,Section 23 (Award Enquiry & Valuation),153.5,181,100,39,3,0,59.0,3,2,0,627.4,4.95,92,38.6,MEDIUM
Maharashtra,Industrial Park,Section 11 (Preliminary Notification),25.2,29,16,133,4,1,21.2,8,4,0,103.0,1.62,231,97.0,HIGH
Karnataka,Highway Expansion,Section 30 (Physical Possession Taken),79.6,94,52,3,4,1,79.3,8,5,2,325.4,2.91,143,60.1,MEDIUM
Maharashtra,Railway Dedicated Freight,Section 11 (Preliminary Notification),494.0,585,325,32,2,2,30.8,3,1,2,2019.2,15.27,140,58.8,MEDIUM
Maharashtra,Railway Dedicated Freight,Section 19 (Declaration of Acquisition),162.2,192,106,18,4,2,39.4,5,3,2,663.0,5.49,163,68.5,HIGH
Maharashtra,Highway Expansion,Section 19 (Declaration of Acquisition),38.6,45,25,32,1,0,87.5,7,8,0,157.8,2.71,101,42.4,MEDIUM
Odisha,Highway Expansion,Section 23 (Award Enquiry & Valuation),84.6,100,55,1,3,3,68.7,1,6,3,345.8,3.32,162,68.0,HIGH
Maharashtra,Railway Dedicated Freight,Section 30 (Physical Possession Taken),41.6,49,27,17,7,1,78.5,3,3,3,170.0,2.21,170,71.4,HIGH
Rajasthan,Railway Dedicated Freight,R&R Scheme Implementation,67.7,80,44,77,1,2,79.3,1,7,1,276.7,2.86,144,60.5,MEDIUM
Madhya Pradesh,Railway Dedicated Freight,Section 30 (Physical Possession Taken),166.5,197,109,36,1,1,87.6,2,6,2,680.6,5.67,107,44.9,MEDIUM
Karnataka,Railway Dedicated Freight,Section 19 (Declaration of Acquisition),162.5,192,106,27,2,1,63.0,7,5,1,664.2,5.4,121,50.8,MEDIUM
Andhra Pradesh,Metro Rail Corridor,R&R Scheme Implementation,40.9,48,26,15,0,2,68.0,7,8,0,167.2,1.91,112,47.0,MEDIUM
Gujarat,Highway Expansion,Section 30 (Physical Possession Taken),270.4,320,177,16,4,2,62.9,3,8,2,1105.3,8.3,170,71.4,HIGH
Tamil Nadu,Railway Dedicated Freight,Section 30 (Physical Possession Taken),104.8,124,68,22,3,1,87.8,6,3,0,428.4,4.11,100,42.0,MEDIUM
Bihar,Port Connectivity Highway,R&R Scheme Implementation,62.8,74,41,81,3,2,59.0,6,8,1,256.7,2.71,201,84.4,HIGH
Odisha,Railway Dedicated Freight,Section 19 (Declaration of Acquisition),84.7,100,55,154,1,1,68.3,2,9,1,346.2,3.81,187,78.5,HIGH
Andhra Pradesh,Metro Rail Corridor,Section 30 (Physical Possession Taken),107.9,127,70,26,1,2,76.7,9,3,4,441.0,3.84,134,56.3,MEDIUM
Uttar Pradesh,Railway Dedicated Freight,R&R Scheme Implementation,97.1,115,63,22,1,1,63.9,8,8,6,396.9,4.07,151,63.4,HIGH
Rajasthan,Industrial Park,Section 19 (Declaration of Acquisition),81.6,96,53,84,8,2,46.9,2,8,5,333.5,3.65,293,99.0,HIGH
Bihar,Industrial Park,R&R Scheme Implementation,85.3,101,56,25,0,1,54.9,4,7,0,348.7,3.7,90,37.8,MEDIUM
Gujarat,Railway Dedicated Freight,R&R Scheme Implementation,34.4,40,22,36,3,0,68.8,9,8,4,140.6,2.03,160,67.2,HIGH
Andhra Pradesh,Port Connectivity Highway,Section 30 (Physical Possession Taken),182.5,216,120,12,2,1,70.2,4,1,0,746.0,6.15,78,32.8,MEDIUM
Bihar,Highway Expansion,Section 19 (Declaration of Acquisition),93.0,110,61,61,6,1,78.9,7,3,2,380.1,3.92,185,77.7,HIGH
Andhra Pradesh,Highway Expansion,Section 30 (Physical Possession Taken),29.1,34,18,34,4,1,40.4,5,6,1,118.9,1.67,167,70.1,HIGH
Rajasthan,Industrial Park,Section 11 (Preliminary Notification),160.3,189,105,75,2,1,68.0,6,7,0,655.2,5.64,151,63.4,HIGH
Gujarat,Industrial Park,Section 11 (Preliminary Notification),284.5,337,187,68,1,2,85.3,1,7,0,1162.9,9.13,130,54.6,MEDIUM
Uttar Pradesh,Highway Expansion,Section 19 (Declaration of Acquisition),309.3,366,203,11,2,1,79.0,4,6,5,1264.3,9.67,124,52.1,MEDIUM
Maharashtra,Highway Expansion,R&R Scheme Implementation,61.0,72,40,57,2,2,20.3,5,4,2,249.3,2.8,177,74.3,HIGH
Karnataka,Highway Expansion,Section 30 (Physical Possession Taken),29.6,35,19,72,1,2,68.7,6,5,3,121.0,2.0,171,71.8,HIGH
Uttar Pradesh,Highway Expansion,Section 30 (Physical Possession Taken),88.1,104,57,19,1,4,41.7,6,9,2,360.1,3.33,196,82.3,HIGH
Maharashtra,Industrial Park,Section 19 (Declaration of Acquisition),26.9,31,17,9,2,4,50.5,5,1,2,110.0,1.86,160,67.2,HIGH
Odisha,Railway Dedicated Freight,Section 19 (Declaration of Acquisition),286.8,339,188,0,4,2,42.7,3,2,1,1172.3,8.76,144,60.5,MEDIUM
Madhya Pradesh,Railway Dedicated Freight,Section 11 (Preliminary Notification),35.3,41,22,27,1,2,59.0,2,5,4,144.3,1.8,127,53.3,MEDIUM
Tamil Nadu,Railway Dedicated Freight,Section 23 (Award Enquiry & Valuation),44.1,52,28,20,1,1,94.5,7,5,1,180.3,2.17,92,38.6,MEDIUM
Tamil Nadu,Highway Expansion,Section 19 (Declaration of Acquisition),67.2,79,43,36,4,2,62.1,1,7,1,274.7,2.99,169,71.0,HIGH
Karnataka,Highway Expansion,Section 23 (Award Enquiry & Valuation),63.3,75,41,9,5,3,59.3,5,8,3,258.7,2.98,211,88.6,HIGH
Gujarat,Metro Rail Corridor,Section 19 (Declaration of Acquisition),173.3,205,113,88,1,0,28.3,4,6,1,708.4,5.98,143,60.1,MEDIUM
Rajasthan,Port Connectivity Highway,R&R Scheme Implementation,75.9,89,49,13,1,1,51.0,7,6,1,310.2,3.28,123,51.7,MEDIUM
Gujarat,Industrial Park,R&R Scheme Implementation,33.7,39,21,12,3,1,83.9,2,5,0,137.7,1.93,99,41.6,MEDIUM
Rajasthan,Highway Expansion,Section 11 (Preliminary Notification),46.1,54,30,29,1,1,36.0,8,5,1,188.4,2.4,111,46.6,MEDIUM
Gujarat,Solar Energy Park,Section 11 (Preliminary Notification),86.2,102,56,31,3,1,51.9,9,8,0,352.3,3.54,176,73.9,HIGH
Madhya Pradesh,Industrial Park,Section 23 (Award Enquiry & Valuation),31.0,36,20,11,0,2,30.9,1,5,0,126.7,1.79,91,38.2,MEDIUM
Odisha,Industrial Park,Section 19 (Declaration of Acquisition),109.6,129,71,14,1,1,39.9,5,6,0,448.0,4.06,108,45.4,MEDIUM
Odisha,Railway Dedicated Freight,Section 30 (Physical Possession Taken),98.4,116,64,8,4,3,56.9,4,3,1,402.2,3.94,169,71.0,HIGH
Maharashtra,Railway Dedicated Freight,Section 11 (Preliminary Notification),140.4,166,92,57,2,1,55.7,5,5,2,573.9,5.38,155,65.1,HIGH
Bihar,Railway Dedicated Freight,Section 30 (Physical Possession Taken),292.6,346,192,66,1,2,89.4,9,9,2,1196.0,9.61,180,75.6,HIGH
Odisha,Highway Expansion,Section 30 (Physical Possession Taken),258.3,306,170,28,2,1,20.8,3,3,3,1055.8,8.16,131,55.0,MEDIUM
Odisha,Highway Expansion,Section 19 (Declaration of Acquisition),307.0,363,201,56,1,1,83.3,1,8,0,1254.9,9.56,115,48.3,MEDIUM
Uttar Pradesh,Highway Expansion,Section 23 (Award Enquiry & Valuation),43.1,51,28,60,0,1,34.1,3,7,2,176.2,2.13,130,54.6,MEDIUM
Uttar Pradesh,Railway Dedicated Freight,Section 19 (Declaration of Acquisition),29.1,34,18,7,2,1,81.2,4,4,1,118.9,1.85,114,47.9,MEDIUM
Maharashtra,Industrial Park,Section 11 (Preliminary Notification),51.0,60,33,152,4,1,62.5,2,5,0,208.5,2.47,210,88.2,HIGH
Bihar,Railway Dedicated Freight,Section 30 (Physical Possession Taken),240.5,284,157,77,7,2,54.0,1,8,2,983.0,8.13,241,99.0,HIGH
Karnataka,Highway Expansion,Section 19 (Declaration of Acquisition),372.7,441,245,10,5,2,44.2,1,7,2,1523.4,11.92,171,71.8,HIGH
Uttar Pradesh,Port Connectivity Highway,Section 19 (Declaration of Acquisition),211.1,250,138,9,2,2,91.5,8,2,3,862.9,7.04,100,42.0,MEDIUM
Karnataka,Solar Energy Park,Section 19 (Declaration of Acquisition),26.7,31,17,6,2,1,76.1,4,8,0,109.1,1.72,110,46.2,MEDIUM
Andhra Pradesh,Industrial Park,Section 11 (Preliminary Notification),309.6,366,203,7,2,1,67.8,2,8,2,1265.5,9.96,121,50.8,MEDIUM
Uttar Pradesh,Port Connectivity Highway,Section 23 (Award Enquiry & Valuation),70.1,83,46,62,2,2,76.6,3,9,1,286.5,3.22,165,69.3,HIGH
Madhya Pradesh,Railway Dedicated Freight,Section 19 (Declaration of Acquisition),15.9,20,11,29,3,0,11.9,8,2,0,65.0,1.57,112,47.0,MEDIUM
Bihar,Port Connectivity Highway,Section 11 (Preliminary Notification),73.4,86,47,69,3,1,91.2,6,4,1,300.0,3.01,132,55.4,MEDIUM
Maharashtra,Highway Expansion,Section 30 (Physical Possession Taken),19.7,23,12,62,5,0,91.8,8,2,2,80.5,1.5,155,65.1,HIGH
Andhra Pradesh,Railway Dedicated Freight,R&R Scheme Implementation,93.5,110,61,42,7,0,55.0,5,4,2,382.2,3.45,198,83.2,HIGH
Bihar,Highway Expansion,Section 11 (Preliminary Notification),56.3,66,36,52,2,1,40.2,3,3,2,230.1,2.65,133,55.9,MEDIUM
Madhya Pradesh,Highway Expansion,R&R Scheme Implementation,79.1,93,51,1,3,0,26.9,6,7,0,323.3,3.39,131,55.0,MEDIUM
Bihar,Highway Expansion,Section 19 (Declaration of Acquisition),110.0,130,72,17,3,1,94.4,8,5,1,449.6,4.29,114,47.9,MEDIUM
Madhya Pradesh,Metro Rail Corridor,Section 19 (Declaration of Acquisition),218.1,258,143,46,2,2,33.1,5,7,2,891.5,7.47,175,73.5,HIGH
Madhya Pradesh,Industrial Park,Section 11 (Preliminary Notification),123.4,146,81,0,0,0,66.0,5,2,0,504.4,4.83,37,15.5,LOW
Karnataka,Metro Rail Corridor,R&R Scheme Implementation,71.9,85,47,2,1,1,26.4,3,4,1,293.9,2.78,106,44.5,MEDIUM
Gujarat,Highway Expansion,Section 19 (Declaration of Acquisition),186.2,220,122,86,3,3,89.2,3,6,1,761.1,6.41,182,76.4,HIGH
Andhra Pradesh,Industrial Park,Section 30 (Physical Possession Taken),251.0,297,165,52,3,2,20.6,8,5,1,1026.0,8.27,206,86.5,HIGH
Bihar,Metro Rail Corridor,Section 23 (Award Enquiry & Valuation),27.8,32,17,14,2,1,82.4,1,2,0,113.6,1.78,70,29.4,LOW
Rajasthan,Railway Dedicated Freight,Section 23 (Award Enquiry & Valuation),90.9,107,59,52,3,3,39.8,4,7,2,371.6,3.44,194,81.5,HIGH
Andhra Pradesh,Metro Rail Corridor,Section 19 (Declaration of Acquisition),48.5,57,31,71,2,1,65.2,9,2,1,198.2,2.68,134,56.3,MEDIUM
Gujarat,Highway Expansion,R&R Scheme Implementation,19.8,23,12,16,4,0,60.0,6,9,1,80.9,1.5,138,58.0,MEDIUM
Andhra Pradesh,Railway Dedicated Freight,Section 19 (Declaration of Acquisition),125.4,148,82,2,4,4,44.5,6,7,2,512.6,4.15,214,89.9,HIGH
Odisha,Solar Energy Park,R&R Scheme Implementation,213.6,253,140,121,1,2,72.7,7,3,0,873.1,7.12,158,66.4,HIGH
Rajasthan,Highway Expansion,Section 30 (Physical Possession Taken),32.8,38,21,19,3,1,60.9,7,6,0,134.1,1.89,128,53.8,MEDIUM
Gujarat,Railway Dedicated Freight,R&R Scheme Implementation,182.4,216,120,5,5,2,49.0,6,5,0,745.6,6.59,178,74.8,HIGH
Karnataka,Solar Energy Park,Section 19 (Declaration of Acquisition),207.0,245,136,30,1,2,63.3,9,9,1,846.1,7.02,127,53.3,MEDIUM
Bihar,Industrial Park,Section 30 (Physical Possession Taken),260.7,308,171,66,1,1,30.1,8,3,1,1065.6,8.4,139,58.4,MEDIUM
Tamil Nadu,Highway Expansion,Section 11 (Preliminary Notification),45.8,54,30,11,2,1,44.6,8,2,2,187.2,2.27,110,46.2,MEDIUM
Gujarat,Highway Expansion,Section 23 (Award Enquiry & Valuation),249.3,295,163,14,2,1,68.9,2,2,0,1019.0,8.09,75,31.5,MEDIUM
Maharashtra,Highway Expansion,Section 19 (Declaration of Acquisition),53.7,63,35,13,1,3,81.2,7,4,0,219.5,2.98,124,52.1,MEDIUM
Bihar,Metro Rail Corridor,Section 19 (Declaration of Acquisition),95.4,113,62,215,6,0,82.2,1,1,0,389.9,3.86,216,90.7,HIGH
Gujarat,Railway Dedicated Freight,Section 19 (Declaration of Acquisition),20.2,23,12,10,1,2,69.4,8,9,1,82.6,1.5,134,56.3,MEDIUM
Odisha,Highway Expansion,Section 30 (Physical Possession Taken),19.5,23,12,39,3,0,84.9,3,3,2,79.7,1.51,111,46.6,MEDIUM
Tamil Nadu,Port Connectivity Highway,Section 11 (Preliminary Notification),142.4,168,93,117,3,1,95.0,9,5,4,582.1,5.07,195,81.9,HIGH
Odisha,Railway Dedicated Freight,R&R Scheme Implementation,73.8,87,48,7,2,2,34.4,5,2,0,301.7,2.89,136,57.1,MEDIUM
Tamil Nadu,Highway Expansion,Section 11 (Preliminary Notification),44.6,52,28,159,2,2,71.9,7,8,0,182.3,1.92,224,94.1,HIGH
Maharashtra,Railway Dedicated Freight,Section 30 (Physical Possession Taken),36.1,42,23,133,0,0,64.1,7,3,0,147.6,2.15,116,48.7,MEDIUM
Bihar,Metro Rail Corridor,Section 19 (Declaration of Acquisition),125.9,149,82,97,3,1,51.7,9,5,2,514.6,4.44,209,87.8,HIGH
Karnataka,Highway Expansion,Section 23 (Award Enquiry & Valuation),15.0,20,11,11,6,2,81.2,2,7,1,61.3,1.68,176,73.9,HIGH
Odisha,Highway Expansion,Section 19 (Declaration of Acquisition),178.9,211,117,45,2,0,90.0,4,2,0,731.3,6.12,93,39.1,MEDIUM
Odisha,Industrial Park,R&R Scheme Implementation,23.3,27,15,64,0,0,66.9,8,3,1,95.2,1.57,91,38.2,MEDIUM
Madhya Pradesh,Railway Dedicated Freight,Section 23 (Award Enquiry & Valuation),36.3,43,23,192,4,2,51.2,5,8,3,148.4,1.56,285,99.0,HIGH
Tamil Nadu,Railway Dedicated Freight,Section 19 (Declaration of Acquisition),63.8,75,41,9,0,1,49.4,5,8,2,260.8,3.07,107,44.9,MEDIUM
Uttar Pradesh,Railway Dedicated Freight,Section 23 (Award Enquiry & Valuation),81.3,96,53,65,1,0,68.1,3,3,3,332.3,3.38,99,41.6,MEDIUM
Bihar,Highway Expansion,Section 11 (Preliminary Notification),58.8,69,38,19,4,1,88.3,5,7,2,240.3,2.59,154,64.7,HIGH
Tamil Nadu,Highway Expansion,Section 30 (Physical Possession Taken),53.7,63,35,9,3,3,33.0,7,2,3,219.5,2.36,192,80.6,HIGH
Madhya Pradesh,Railway Dedicated Freight,Section 19 (Declaration of Acquisition),347.2,411,228,25,0,0,43.6,4,9,0,1419.2,11.25,70,29.4,LOW
Andhra Pradesh,Highway Expansion,R&R Scheme Implementation,117.6,139,77,71,1,2,49.4,8,8,0,480.7,4.15,176,73.9,HIGH
Tamil Nadu,Highway Expansion,Section 11 (Preliminary Notification),17.4,20,11,28,6,0,83.7,6,9,1,71.1,1.5,160,67.2,HIGH
Karnataka,Industrial Park,Section 19 (Declaration of Acquisition),71.2,84,46,35,2,0,59.5,6,9,2,291.0,3.15,110,46.2,MEDIUM
Bihar,Port Connectivity Highway,Section 11 (Preliminary Notification),223.0,264,146,240,4,0,83.2,6,7,0,911.5,7.67,247,99.0,HIGH
Madhya Pradesh,Industrial Park,R&R Scheme Implementation,50.9,60,33,23,0,1,75.6,4,4,2,208.1,2.41,85,35.7,MEDIUM
Andhra Pradesh,Solar Energy Park,Section 19 (Declaration of Acquisition),24.9,29,16,43,3,2,66.2,3,5,6,101.8,1.57,182,76.4,HIGH
Rajasthan,Highway Expansion,R&R Scheme Implementation,157.0,186,103,20,5,1,65.4,6,7,0,641.7,5.47,165,69.3,HIGH
Madhya Pradesh,Port Connectivity Highway,Section 23 (Award Enquiry & Valuation),108.1,128,71,22,2,2,50.8,6,5,1,441.9,4.27,149,62.6,HIGH
Rajasthan,Highway Expansion,R&R Scheme Implementation,99.5,117,65,54,5,1,13.9,2,8,1,406.7,4.07,195,81.9,HIGH
Bihar,Port Connectivity Highway,Section 23 (Award Enquiry & Valuation),20.5,24,13,125,1,1,53.7,9,5,1,83.8,1.5,177,74.3,HIGH
Odisha,Port Connectivity Highway,Section 19 (Declaration of Acquisition),30.1,35,19,35,3,1,86.7,4,5,2,123.0,1.88,134,56.3,MEDIUM
Madhya Pradesh,Industrial Park,Section 23 (Award Enquiry & Valuation),112.4,133,73,66,1,2,32.5,4,5,1,459.4,3.93,165,69.3,HIGH
Maharashtra,Port Connectivity Highway,Section 19 (Declaration of Acquisition),38.3,45,25,4,1,2,69.5,8,4,0,156.6,2.27,108,45.4,MEDIUM
Rajasthan,Metro Rail Corridor,Section 19 (Declaration of Acquisition),85.1,100,55,11,2,2,78.2,3,7,2,347.8,3.52,126,52.9,MEDIUM
Karnataka,Highway Expansion,Section 30 (Physical Possession Taken),93.7,111,61,31,5,1,49.1,7,2,1,383.0,3.5,163,68.5,HIGH
Maharashtra,Railway Dedicated Freight,Section 19 (Declaration of Acquisition),48.3,57,31,1,1,2,54.6,7,4,2,197.4,2.69,110,46.2,MEDIUM
Gujarat,Metro Rail Corridor,Section 23 (Award Enquiry & Valuation),311.5,369,205,13,4,1,76.9,2,3,4,1273.3,9.98,136,57.1,MEDIUM
Gujarat,Highway Expansion,Section 30 (Physical Possession Taken),199.8,236,131,33,1,2,60.5,3,8,1,816.7,6.76,121,50.8,MEDIUM
Andhra Pradesh,Metro Rail Corridor,Section 30 (Physical Possession Taken),143.1,169,93,1,3,3,72.6,4,7,2,584.9,5.06,163,68.5,HIGH
Odisha,Port Connectivity Highway,Section 19 (Declaration of Acquisition),23.1,27,15,14,2,0,58.0,2,3,1,94.4,1.66,79,33.2,MEDIUM
Bihar,Highway Expansion,R&R Scheme Implementation,26.2,31,17,32,1,1,78.8,9,4,0,107.1,1.67,92,38.6,MEDIUM
Madhya Pradesh,Industrial Park,R&R Scheme Implementation,82.9,98,54,38,2,2,82.0,6,4,1,338.9,3.22,121,50.8,MEDIUM
Uttar Pradesh,Solar Energy Park,Section 30 (Physical Possession Taken),32.5,38,21,117,1,2,82.1,1,7,0,132.8,2.18,147,61.7,HIGH
Karnataka,Solar Energy Park,Section 19 (Declaration of Acquisition),397.9,471,261,47,1,0,20.3,1,8,1,1626.4,12.29,113,47.5,MEDIUM
Rajasthan,Port Connectivity Highway,R&R Scheme Implementation,32.3,38,21,24,2,3,29.8,8,4,1,132.0,1.82,185,77.7,HIGH
Bihar,Railway Dedicated Freight,Section 19 (Declaration of Acquisition),81.8,96,53,120,3,2,75.5,6,8,0,334.4,3.31,205,86.1,HIGH
Maharashtra,Port Connectivity Highway,Section 19 (Declaration of Acquisition),60.3,71,39,69,0,0,75.6,7,1,4,246.5,3.01,100,42.0,MEDIUM
Gujarat,Industrial Park,Section 30 (Physical Possession Taken),117.0,138,76,10,1,0,80.4,6,9,2,478.2,4.57,104,43.7,MEDIUM
Karnataka,Highway Expansion,Section 30 (Physical Possession Taken),28.8,34,18,6,1,2,74.8,2,7,1,117.7,1.74,113,47.5,MEDIUM
Uttar Pradesh,Railway Dedicated Freight,Section 11 (Preliminary Notification),71.3,84,46,51,5,0,72.6,3,4,1,291.4,3.29,141,59.2,MEDIUM
Madhya Pradesh,Industrial Park,R&R Scheme Implementation,47.1,55,30,37,1,0,68.4,8,8,0,192.5,2.37,101,42.4,MEDIUM
Andhra Pradesh,Highway Expansion,R&R Scheme Implementation,233.7,276,153,70,1,2,47.9,4,2,2,955.2,7.52,147,61.7,HIGH
Uttar Pradesh,Metro Rail Corridor,R&R Scheme Implementation,19.1,22,12,60,1,2,38.4,8,8,0,78.1,1.5,163,68.5,HIGH
Karnataka,Metro Rail Corridor,Section 23 (Award Enquiry & Valuation),260.0,308,171,44,4,2,71.3,3,6,0,1062.7,8.71,177,74.3,HIGH
Uttar Pradesh,Highway Expansion,Section 19 (Declaration of Acquisition),194.0,229,127,193,2,1,57.4,2,7,0,793.0,6.97,213,89.5,HIGH
Karnataka,Metro Rail Corridor,Section 30 (Physical Possession Taken),50.3,59,32,34,3,2,43.9,7,7,0,205.6,2.5,174,73.1,HIGH
Karnataka,Industrial Park,R&R Scheme Implementation,170.7,202,112,5,1,3,47.3,1,2,0,697.7,5.77,110,46.2,MEDIUM
Tamil Nadu,Railway Dedicated Freight,Section 11 (Preliminary Notification),18.2,21,11,79,1,1,58.2,3,2,0,74.4,1.5,113,47.5,MEDIUM
Rajasthan,Highway Expansion,R&R Scheme Implementation,355.7,421,233,13,1,2,96.0,2,4,1,1453.9,11.02,83,34.9,MEDIUM
Gujarat,Highway Expansion,Section 19 (Declaration of Acquisition),89.8,106,58,68,2,3,67.0,5,6,2,367.1,3.45,188,79.0,HIGH
Tamil Nadu,Railway Dedicated Freight,Section 19 (Declaration of Acquisition),51.1,60,33,142,6,2,86.1,2,4,0,208.9,2.32,225,94.5,HIGH
Madhya Pradesh,Solar Energy Park,Section 30 (Physical Possession Taken),60.0,71,39,54,2,2,67.7,5,6,1,245.2,2.7,169,71.0,HIGH
Tamil Nadu,Highway Expansion,Section 23 (Award Enquiry & Valuation),21.9,25,13,41,8,1,60.6,3,5,1,89.5,1.65,199,83.6,HIGH
Odisha,Metro Rail Corridor,Section 30 (Physical Possession Taken),469.2,555,308,28,5,1,65.0,9,6,2,1917.8,14.39,186,78.1,HIGH
Odisha,Highway Expansion,R&R Scheme Implementation,19.0,22,12,20,3,1,52.1,9,9,1,77.7,1.5,156,65.5,HIGH
Gujarat,Railway Dedicated Freight,Section 11 (Preliminary Notification),121.4,143,79,20,5,2,55.6,8,6,5,496.2,4.63,205,86.1,HIGH
Uttar Pradesh,Industrial Park,Section 30 (Physical Possession Taken),73.5,87,48,46,0,4,79.1,5,6,1,300.4,3.06,137,57.5,MEDIUM
Rajasthan,Industrial Park,Section 23 (Award Enquiry & Valuation),312.4,370,205,63,1,0,52.6,7,8,3,1276.9,9.91,143,60.1,MEDIUM
Gujarat,Highway Expansion,Section 30 (Physical Possession Taken),43.2,51,28,51,4,0,60.8,2,5,1,176.6,2.2,129,54.2,MEDIUM
Karnataka,Railway Dedicated Freight,Section 19 (Declaration of Acquisition),90.9,107,59,10,1,0,75.4,3,5,1,371.6,3.91,74,31.1,LOW
Maharashtra,Highway Expansion,R&R Scheme Implementation,80.8,95,52,31,0,2,86.7,2,1,2,330.3,3.21,83,34.9,MEDIUM
Rajasthan,Railway Dedicated Freight,R&R Scheme Implementation,136.4,161,89,71,1,0,31.4,1,6,2,557.5,5.02,122,51.2,MEDIUM
Rajasthan,Metro Rail Corridor,R&R Scheme Implementation,22.0,26,14,29,2,2,52.0,3,1,2,89.9,1.5,114,47.9,MEDIUM
Karnataka,Highway Expansion,R&R Scheme Implementation,36.5,43,23,35,0,1,23.1,4,8,2,149.2,2.11,131,55.0,MEDIUM
Karnataka,Highway Expansion,R&R Scheme Implementation,39.2,46,25,66,5,1,57.2,9,9,1,160.2,2.23,208,87.4,HIGH
Andhra Pradesh,Railway Dedicated Freight,R&R Scheme Implementation,149.0,176,97,49,3,1,24.0,2,6,0,609.0,5.48,140,58.8,MEDIUM
Gujarat,Solar Energy Park,Section 11 (Preliminary Notification),36.0,42,23,24,4,2,74.9,9,9,2,147.1,1.95,195,81.9,HIGH
Karnataka,Port Connectivity Highway,Section 23 (Award Enquiry & Valuation),100.2,118,65,102,1,2,65.7,1,2,3,409.6,3.64,138,58.0,MEDIUM
Odisha,Highway Expansion,R&R Scheme Implementation,39.2,46,25,8,3,3,53.6,9,9,0,160.2,1.96,169,71.0,HIGH
Madhya Pradesh,Industrial Park,Section 23 (Award Enquiry & Valuation),212.8,252,140,243,1,2,22.2,6,4,2,869.8,7.28,274,99.0,HIGH
Maharashtra,Railway Dedicated Freight,R&R Scheme Implementation,300.1,355,197,6,2,0,52.0,8,3,1,1226.7,10.0,91,38.2,MEDIUM
Gujarat,Railway Dedicated Freight,Section 30 (Physical Possession Taken),88.1,104,57,1,5,0,38.6,3,1,1,360.1,3.69,103,43.3,MEDIUM
Bihar,Industrial Park,R&R Scheme Implementation,58.4,69,38,99,2,4,38.5,8,1,3,238.7,2.42,219,92.0,HIGH
Odisha,Solar Energy Park,Section 19 (Declaration of Acquisition),41.7,49,27,13,2,2,86.0,9,8,2,170.4,2.35,142,59.6,MEDIUM
Uttar Pradesh,Port Connectivity Highway,Section 11 (Preliminary Notification),20.1,23,12,59,5,0,85.5,7,2,2,82.2,1.5,159,66.8,HIGH
Karnataka,Metro Rail Corridor,Section 30 (Physical Possession Taken),46.3,54,30,75,1,2,28.8,4,1,0,189.3,2.26,127,53.3,MEDIUM
Bihar,Railway Dedicated Freight,Section 30 (Physical Possession Taken),121.2,143,79,88,3,1,68.6,6,2,1,495.4,4.51,144,60.5,MEDIUM
Karnataka,Industrial Park,Section 19 (Declaration of Acquisition),91.3,108,60,215,2,1,51.0,6,3,2,373.2,3.68,235,98.7,HIGH
Rajasthan,Highway Expansion,R&R Scheme Implementation,303.3,359,199,16,3,0,52.7,2,4,0,1239.7,9.69,91,38.2,MEDIUM
Odisha,Metro Rail Corridor,Section 11 (Preliminary Notification),65.5,77,42,56,4,2,93.1,2,9,2,267.7,2.75,180,75.6,HIGH
Rajasthan,Railway Dedicated Freight,Section 30 (Physical Possession Taken),133.4,158,87,6,3,0,72.5,5,7,1,545.3,5.03,103,43.3,MEDIUM
Andhra Pradesh,Metro Rail Corridor,Section 11 (Preliminary Notification),82.2,97,53,24,5,1,44.3,1,5,1,336.0,3.25,171,71.8,HIGH
Rajasthan,Highway Expansion,Section 30 (Physical Possession Taken),86.9,102,56,85,1,1,68.5,5,5,1,355.2,3.74,124,52.1,MEDIUM
Andhra Pradesh,Highway Expansion,R&R Scheme Implementation,46.2,54,30,21,1,0,49.8,3,6,1,188.8,2.05,89,37.4,MEDIUM
Andhra Pradesh,Solar Energy Park,Section 30 (Physical Possession Taken),75.7,89,49,40,1,1,69.4,3,1,2,309.4,3.21,103,43.3,MEDIUM
Bihar,Highway Expansion,Section 30 (Physical Possession Taken),78.6,93,51,32,1,0,69.6,8,6,2,321.3,3.0,102,42.8,MEDIUM
Karnataka,Railway Dedicated Freight,Section 23 (Award Enquiry & Valuation),137.6,163,90,47,2,1,76.9,3,6,2,562.4,4.77,120,50.4,MEDIUM
Uttar Pradesh,Highway Expansion,R&R Scheme Implementation,297.4,352,195,162,3,3,63.1,3,5,0,1215.6,9.41,237,99.0,HIGH
Rajasthan,Highway Expansion,Section 19 (Declaration of Acquisition),54.9,65,36,3,4,1,12.9,1,9,1,224.4,2.87,167,70.1,HIGH
Odisha,Highway Expansion,Section 19 (Declaration of Acquisition),19.3,22,12,38,3,1,42.1,8,5,1,78.9,1.81,151,63.4,HIGH
Andhra Pradesh,Highway Expansion,R&R Scheme Implementation,83.6,99,55,89,1,1,54.1,6,9,3,341.7,3.57,184,77.3,HIGH
Karnataka,Solar Energy Park,Section 19 (Declaration of Acquisition),93.6,110,61,30,6,1,62.0,8,7,0,382.6,3.68,190,79.8,HIGH
Maharashtra,Highway Expansion,R&R Scheme Implementation,33.4,39,21,4,1,2,31.1,3,3,1,136.5,1.99,114,47.9,MEDIUM
Gujarat,Port Connectivity Highway,Section 19 (Declaration of Acquisition),157.9,187,103,37,1,1,36.0,6,9,1,645.4,5.77,153,64.3,HIGH
Bihar,Metro Rail Corridor,Section 23 (Award Enquiry & Valuation),434.5,514,285,18,4,2,68.2,2,7,3,1776.0,13.57,172,72.2,HIGH
Uttar Pradesh,Railway Dedicated Freight,Section 19 (Declaration of Acquisition),306.5,363,201,8,4,2,70.5,3,4,1,1252.8,9.77,140,58.8,MEDIUM
Tamil Nadu,Metro Rail Corridor,Section 30 (Physical Possession Taken),37.0,43,23,85,3,2,48.0,4,9,1,151.2,2.36,197,82.7,HIGH
Bihar,Railway Dedicated Freight,R&R Scheme Implementation,223.2,264,146,33,2,0,46.2,9,6,0,912.3,7.55,145,60.9,MEDIUM
Maharashtra,Industrial Park,Section 11 (Preliminary Notification),136.9,162,90,122,2,0,46.5,4,9,2,559.6,4.97,172,72.2,HIGH
Gujarat,Highway Expansion,Section 11 (Preliminary Notification),75.5,89,49,74,3,2,83.7,7,4,1,308.6,3.07,172,72.2,HIGH
Maharashtra,Railway Dedicated Freight,R&R Scheme Implementation,92.8,109,60,53,2,2,31.1,8,2,0,379.3,3.55,162,68.0,HIGH
Rajasthan,Solar Energy Park,Section 23 (Award Enquiry & Valuation),204.4,242,134,0,2,2,94.4,5,9,3,835.5,6.78,138,58.0,MEDIUM
Andhra Pradesh,Solar Energy Park,Section 19 (Declaration of Acquisition),80.4,95,52,25,4,1,35.6,2,4,2,328.6,3.39,166,69.7,HIGH
Uttar Pradesh,Solar Energy Park,Section 23 (Award Enquiry & Valuation),61.7,73,40,10,2,0,69.9,8,2,2,252.2,2.93,91,38.2,MEDIUM
Madhya Pradesh,Railway Dedicated Freight,Section 11 (Preliminary Notification),83.0,98,54,109,2,2,59.4,5,7,2,339.3,3.09,195,81.9,HIGH
Andhra Pradesh,Industrial Park,R&R Scheme Implementation,101.5,120,66,9,2,2,57.5,5,7,0,414.9,3.51,144,60.5,MEDIUM
Madhya Pradesh,Railway Dedicated Freight,R&R Scheme Implementation,36.0,42,23,15,1,0,29.0,7,5,1,147.1,1.84,101,42.4,MEDIUM
Gujarat,Railway Dedicated Freight,Section 23 (Award Enquiry & Valuation),246.2,291,161,33,3,0,40.9,6,5,3,1006.3,7.96,148,62.2,HIGH
Karnataka,Highway Expansion,Section 23 (Award Enquiry & Valuation),127.1,150,83,14,4,1,55.3,3,8,0,519.5,4.88,145,60.9,MEDIUM
Tamil Nadu,Metro Rail Corridor,Section 19 (Declaration of Acquisition),115.3,136,75,11,4,2,84.5,7,6,2,471.3,4.24,169,71.0,HIGH
Odisha,Highway Expansion,Section 30 (Physical Possession Taken),25.5,30,16,41,2,2,69.8,1,1,5,104.2,1.78,138,58.0,MEDIUM
Andhra Pradesh,Railway Dedicated Freight,Section 30 (Physical Possession Taken),107.7,127,70,4,2,2,64.9,4,4,0,440.2,4.16,108,45.4,MEDIUM
Uttar Pradesh,Solar Energy Park,Section 19 (Declaration of Acquisition),27.9,33,18,3,3,2,49.0,4,1,1,114.0,1.59,110,46.2,MEDIUM
Maharashtra,Highway Expansion,Section 30 (Physical Possession Taken),23.2,27,15,21,3,0,77.5,6,5,0,94.8,1.96,89,37.4,MEDIUM
Uttar Pradesh,Highway Expansion,Section 11 (Preliminary Notification),89.9,106,58,57,8,2,62.2,6,5,0,367.5,3.44,221,92.8,HIGH
Gujarat,Highway Expansion,Section 30 (Physical Possession Taken),66.5,78,43,36,2,3,82.4,8,4,0,271.8,3.21,151,63.4,HIGH
Madhya Pradesh,Solar Energy Park,Section 19 (Declaration of Acquisition),103.9,123,68,25,1,3,36.4,1,9,1,424.7,3.95,136,57.1,MEDIUM
Maharashtra,Railway Dedicated Freight,Section 30 (Physical Possession Taken),24.3,28,15,38,6,2,60.7,7,8,2,99.3,1.63,222,93.2,HIGH
Odisha,Railway Dedicated Freight,R&R Scheme Implementation,71.4,84,46,20,5,1,84.9,4,3,2,291.8,2.82,142,59.6,MEDIUM
Odisha,Industrial Park,Section 23 (Award Enquiry & Valuation),34.2,40,22,124,4,2,62.4,6,5,0,139.8,2.02,223,93.7,HIGH
Andhra Pradesh,Industrial Park,Section 11 (Preliminary Notification),450.1,533,296,3,3,2,20.0,9,6,2,1839.8,14.33,182,76.4,HIGH
Gujarat,Railway Dedicated Freight,R&R Scheme Implementation,97.4,115,63,50,2,2,57.8,3,5,2,398.1,3.87,157,65.9,HIGH
Karnataka,Metro Rail Corridor,R&R Scheme Implementation,131.3,155,86,100,3,1,53.7,8,8,2,536.7,4.81,207,86.9,HIGH
Gujarat,Industrial Park,Section 19 (Declaration of Acquisition),54.4,64,35,73,2,3,59.3,3,5,2,222.4,2.42,177,74.3,HIGH
Madhya Pradesh,Metro Rail Corridor,Section 23 (Award Enquiry & Valuation),25.0,29,16,9,2,1,65.5,6,8,2,102.2,1.83,127,53.3,MEDIUM
Uttar Pradesh,Highway Expansion,Section 23 (Award Enquiry & Valuation),387.4,459,255,16,6,0,88.1,2,3,1,1583.5,12.12,115,48.3,MEDIUM
Odisha,Solar Energy Park,Section 11 (Preliminary Notification),48.7,57,31,57,4,0,51.8,9,5,5,199.1,2.38,185,77.7,HIGH
Uttar Pradesh,Railway Dedicated Freight,Section 19 (Declaration of Acquisition),70.1,83,46,4,3,2,62.6,2,4,2,286.5,3.1,117,49.1,MEDIUM
Uttar Pradesh,Highway Expansion,Section 11 (Preliminary Notification),119.9,142,78,75,5,1,64.8,5,6,2,490.1,4.07,204,85.7,HIGH
Uttar Pradesh,Railway Dedicated Freight,Section 30 (Physical Possession Taken),17.5,20,11,57,3,0,76.6,6,3,0,71.5,1.5,107,44.9,MEDIUM
Odisha,Highway Expansion,R&R Scheme Implementation,181.2,214,118,59,1,2,49.4,4,4,2,740.7,5.95,145,60.9,MEDIUM
Bihar,Highway Expansion,Section 11 (Preliminary Notification),91.9,108,60,5,3,2,45.6,7,4,2,375.6,3.63,156,65.5,HIGH
Rajasthan,Industrial Park,R&R Scheme Implementation,47.6,56,31,57,2,2,28.6,7,5,4,194.6,2.22,199,83.6,HIGH
Madhya Pradesh,Highway Expansion,Section 19 (Declaration of Acquisition),21.4,25,13,51,1,1,76.1,7,6,0,87.5,1.5,104,43.7,MEDIUM
Bihar,Railway Dedicated Freight,Section 30 (Physical Possession Taken),32.7,38,21,80,2,2,75.3,7,2,1,133.7,1.67,152,63.8,HIGH
Madhya Pradesh,Railway Dedicated Freight,Section 19 (Declaration of Acquisition),240.4,284,157,2,2,0,34.7,9,8,0,982.6,8.1,124,52.1,MEDIUM
Maharashtra,Highway Expansion,Section 30 (Physical Possession Taken),130.8,154,85,1,1,1,67.9,2,4,1,534.6,4.61,88,37.0,MEDIUM
Gujarat,Port Connectivity Highway,Section 30 (Physical Possession Taken),43.8,51,28,21,2,1,76.4,5,7,1,179.0,2.13,117,49.1,MEDIUM
Gujarat,Highway Expansion,R&R Scheme Implementation,21.8,25,13,7,4,2,65.4,9,7,1,89.1,1.93,168,70.6,HIGH
Tamil Nadu,Railway Dedicated Freight,Section 19 (Declaration of Acquisition),132.3,156,86,37,3,1,17.1,2,2,3,540.8,4.9,163,68.5,HIGH
Gujarat,Railway Dedicated Freight,Section 19 (Declaration of Acquisition),100.0,118,65,112,1,0,76.5,3,7,1,408.7,3.45,135,56.7,MEDIUM
Odisha,Highway Expansion,Section 11 (Preliminary Notification),66.8,79,43,22,3,1,30.2,7,1,3,273.0,3.19,156,65.5,HIGH
Karnataka,Highway Expansion,Section 19 (Declaration of Acquisition),60.2,71,39,84,4,1,51.9,9,2,2,246.1,3.05,179,75.2,HIGH
Andhra Pradesh,Industrial Park,Section 11 (Preliminary Notification),39.4,46,25,0,2,3,65.7,3,5,1,161.0,2.44,136,57.1,MEDIUM
Tamil Nadu,Port Connectivity Highway,Section 23 (Award Enquiry & Valuation),125.7,148,82,8,1,3,61.6,8,8,0,513.8,4.73,139,58.4,MEDIUM
Andhra Pradesh,Highway Expansion,Section 23 (Award Enquiry & Valuation),367.9,435,241,1,3,1,36.2,8,7,1,1503.8,11.31,137,57.5,MEDIUM
Madhya Pradesh,Metro Rail Corridor,Section 23 (Award Enquiry & Valuation),34.3,40,22,18,3,1,57.0,4,3,0,140.2,1.97,119,50.0,MEDIUM
Andhra Pradesh,Industrial Park,Section 19 (Declaration of Acquisition),105.9,125,69,107,1,0,68.5,6,9,2,432.9,3.74,157,65.9,HIGH
Andhra Pradesh,Industrial Park,Section 19 (Declaration of Acquisition),70.2,83,46,5,2,2,46.4,8,5,1,286.9,2.84,138,58.0,MEDIUM
Tamil Nadu,Railway Dedicated Freight,Section 11 (Preliminary Notification),74.2,87,48,42,6,0,70.5,9,3,5,303.3,2.9,198,83.2,HIGH
Maharashtra,Railway Dedicated Freight,Section 30 (Physical Possession Taken),44.3,52,28,27,2,0,26.0,2,7,0,181.1,2.14,108,45.4,MEDIUM
Uttar Pradesh,Railway Dedicated Freight,Section 11 (Preliminary Notification),189.4,224,124,125,0,1,65.6,1,4,1,774.2,6.45,124,52.1,MEDIUM
Gujarat,Industrial Park,Section 23 (Award Enquiry & Valuation),81.4,96,53,6,0,1,87.0,5,1,0,332.7,3.24,47,19.7,LOW
Gujarat,Industrial Park,Section 11 (Preliminary Notification),93.4,110,61,11,6,0,59.2,3,5,2,381.8,3.58,146,61.3,HIGH
Odisha,Highway Expansion,Section 30 (Physical Possession Taken),51.3,60,33,1,1,1,30.3,6,8,5,209.7,2.41,150,63.0,HIGH
Tamil Nadu,Railway Dedicated Freight,Section 19 (Declaration of Acquisition),35.1,41,22,26,2,1,76.8,1,4,3,143.5,2.3,97,40.7,MEDIUM
Odisha,Solar Energy Park,Section 11 (Preliminary Notification),24.0,28,15,15,2,1,53.8,4,7,2,98.1,2.12,120,50.4,MEDIUM
Karnataka,Industrial Park,Section 23 (Award Enquiry & Valuation),140.2,166,92,92,4,3,88.6,6,8,1,573.1,4.92,212,89.0,HIGH
Karnataka,Port Connectivity Highway,Section 23 (Award Enquiry & Valuation),36.8,43,23,42,2,0,52.9,2,9,1,150.4,2.12,135,56.7,MEDIUM
Odisha,Industrial Park,Section 19 (Declaration of Acquisition),132.1,156,86,43,2,1,46.8,8,9,3,540.0,4.61,168,70.6,HIGH
Tamil Nadu,Railway Dedicated Freight,Section 11 (Preliminary Notification),64.5,76,42,34,3,3,82.5,4,5,2,263.6,3.0,159,66.8,HIGH
Odisha,Metro Rail Corridor,Section 30 (Physical Possession Taken),68.7,81,45,4,2,3,72.1,2,6,2,280.8,2.87,135,56.7,MEDIUM
Gujarat,Metro Rail Corridor,Section 19 (Declaration of Acquisition),78.3,92,51,26,6,1,90.7,1,7,2,320.1,3.1,168,70.6,HIGH
Bihar,Highway Expansion,Section 11 (Preliminary Notification),60.8,72,40,343,0,2,38.8,8,2,3,248.5,3.14,306,99.0,HIGH
Rajasthan,Railway Dedicated Freight,R&R Scheme Implementation,25.6,30,16,81,6,0,51.5,1,9,3,104.6,1.5,200,84.0,HIGH
Andhra Pradesh,Industrial Park,Section 23 (Award Enquiry & Valuation),52.1,61,33,101,3,2,73.7,7,1,4,213.0,2.0,189,79.4,HIGH
Rajasthan,Highway Expansion,Section 30 (Physical Possession Taken),124.0,146,81,78,4,3,33.2,7,6,0,506.8,4.69,218,91.6,HIGH
Tamil Nadu,Industrial Park,Section 30 (Physical Possession Taken),124.6,147,81,5,2,1,91.4,6,6,4,509.3,4.49,117,49.1,MEDIUM
Rajasthan,Metro Rail Corridor,Section 30 (Physical Possession Taken),48.7,57,31,12,1,1,51.1,8,7,2,199.1,2.26,134,56.3,MEDIUM
Karnataka,Port Connectivity Highway,Section 23 (Award Enquiry & Valuation),76.6,90,50,0,4,1,52.0,1,2,2,313.1,3.74,112,47.0,MEDIUM
Madhya Pradesh,Highway Expansion,Section 11 (Preliminary Notification),36.5,43,23,16,0,2,60.6,1,6,2,149.2,2.19,105,44.1,MEDIUM
Andhra Pradesh,Highway Expansion,Section 19 (Declaration of Acquisition),38.6,45,25,5,5,2,46.9,1,6,2,157.8,2.09,165,69.3,HIGH
Uttar Pradesh,Metro Rail Corridor,Section 11 (Preliminary Notification),17.3,20,11,29,2,2,82.8,6,9,1,70.7,1.5,139,58.4,MEDIUM
Tamil Nadu,Highway Expansion,Section 19 (Declaration of Acquisition),242.1,286,158,51,3,0,75.6,7,8,2,989.6,8.02,151,63.4,HIGH
Andhra Pradesh,Industrial Park,Section 30 (Physical Possession Taken),38.7,45,25,93,0,1,45.2,9,5,3,158.2,1.76,176,73.9,HIGH
Rajasthan,Industrial Park,Section 11 (Preliminary Notification),40.8,48,26,62,2,2,60.2,5,7,2,166.8,2.06,174,73.1,HIGH
Karnataka,Highway Expansion,Section 30 (Physical Possession Taken),47.8,56,31,126,2,1,70.7,1,7,0,195.4,2.36,156,65.5,HIGH
Maharashtra,Railway Dedicated Freight,R&R Scheme Implementation,28.6,33,18,2,1,1,71.7,9,5,0,116.9,1.86,92,38.6,MEDIUM
Bihar,Railway Dedicated Freight,Section 30 (Physical Possession Taken),117.0,138,76,1,5,1,56.1,5,7,0,478.2,4.32,168,70.6,HIGH
Uttar Pradesh,Railway Dedicated Freight,Section 30 (Physical Possession Taken),22.8,27,15,49,3,2,24.1,6,3,2,93.2,1.51,183,76.9,HIGH
Bihar,Solar Energy Park,Section 19 (Declaration of Acquisition),29.4,34,18,15,2,2,57.5,9,7,1,120.2,2.03,147,61.7,HIGH
Andhra Pradesh,Industrial Park,R&R Scheme Implementation,118.5,140,77,13,1,2,90.0,2,6,0,484.4,4.06,92,38.6,MEDIUM
Karnataka,Metro Rail Corridor,Section 30 (Physical Possession Taken),56.5,66,36,18,4,1,64.6,3,6,2,230.9,2.56,145,60.9,MEDIUM
Karnataka,Industrial Park,Section 30 (Physical Possession Taken),138.1,163,90,14,6,3,58.4,7,2,1,564.5,4.85,204,85.7,HIGH
Rajasthan,Railway Dedicated Freight,R&R Scheme Implementation,96.5,114,63,32,4,2,56.5,3,2,2,394.4,3.96,169,71.0,HIGH
Gujarat,Solar Energy Park,R&R Scheme Implementation,44.6,52,28,26,3,1,51.4,2,7,4,182.3,2.18,161,67.6,HIGH
Rajasthan,Metro Rail Corridor,Section 11 (Preliminary Notification),120.2,142,78,32,2,0,68.8,7,1,3,491.3,4.53,103,43.3,MEDIUM
Gujarat,Industrial Park,Section 19 (Declaration of Acquisition),27.4,32,17,50,2,1,74.4,8,9,1,112.0,1.85,151,63.4,HIGH
Gujarat,Solar Energy Park,R&R Scheme Implementation,91.9,108,60,22,1,3,29.0,9,3,1,375.6,3.26,161,67.6,HIGH
Uttar Pradesh,Highway Expansion,R&R Scheme Implementation,72.5,85,47,13,4,1,48.3,2,6,2,296.3,3.06,140,58.8,MEDIUM
Rajasthan,Industrial Park,Section 23 (Award Enquiry & Valuation),46.2,54,30,8,0,1,38.1,2,3,1,188.8,1.97,81,34.0,MEDIUM
Maharashtra,Highway Expansion,R&R Scheme Implementation,107.6,127,70,19,2,1,43.9,7,9,1,439.8,4.15,143,60.1,MEDIUM
Odisha,Railway Dedicated Freight,Section 19 (Declaration of Acquisition),220.1,260,144,61,3,2,86.8,4,7,1,899.7,7.15,167,70.1,HIGH
Odisha,Railway Dedicated Freight,Section 30 (Physical Possession Taken),696.7,825,458,64,3,1,80.6,5,1,1,2847.8,20.0,143,60.1,MEDIUM
Rajasthan,Port Connectivity Highway,Section 30 (Physical Possession Taken),108.6,128,71,49,4,1,72.9,1,4,2,443.9,4.07,147,61.7,HIGH
Rajasthan,Solar Energy Park,Section 30 (Physical Possession Taken),66.9,79,43,12,1,1,60.1,6,5,1,273.5,2.76,103,43.3,MEDIUM
Bihar,Industrial Park,Section 30 (Physical Possession Taken),40.5,47,26,40,0,1,32.3,8,7,1,165.5,2.4,125,52.5,MEDIUM
Uttar Pradesh,Industrial Park,Section 23 (Award Enquiry & Valuation),44.7,52,28,38,2,1,46.1,1,7,0,182.7,2.1,122,51.2,MEDIUM
Rajasthan,Metro Rail Corridor,R&R Scheme Implementation,80.3,95,52,30,1,1,80.3,2,5,1,328.2,3.48,80,33.6,MEDIUM
Bihar,Solar Energy Park,Section 30 (Physical Possession Taken),60.8,72,40,36,1,2,46.6,7,1,1,248.5,2.83,129,54.2,MEDIUM
Gujarat,Railway Dedicated Freight,Section 11 (Preliminary Notification),260.1,308,171,30,3,2,22.5,2,5,3,1063.2,8.37,154,64.7,HIGH
Karnataka,Railway Dedicated Freight,Section 30 (Physical Possession Taken),60.9,72,40,38,1,2,47.4,9,5,2,248.9,2.48,161,67.6,HIGH
Karnataka,Highway Expansion,R&R Scheme Implementation,61.8,73,40,57,0,0,41.1,6,4,2,252.6,3.02,109,45.8,MEDIUM
Gujarat,Industrial Park,Section 30 (Physical Possession Taken),63.4,75,41,5,3,2,50.6,5,6,0,259.1,2.91,144,60.5,MEDIUM
Tamil Nadu,Industrial Park,Section 23 (Award Enquiry & Valuation),196.2,232,128,62,1,0,35.9,7,8,1,802.0,6.46,132,55.4,MEDIUM
Bihar,Railway Dedicated Freight,Section 19 (Declaration of Acquisition),120.2,142,78,7,4,0,41.7,8,5,0,491.3,4.49,132,55.4,MEDIUM
Bihar,Highway Expansion,Section 19 (Declaration of Acquisition),110.2,130,72,3,4,3,59.0,9,8,1,450.4,4.35,182,76.4,HIGH
Gujarat,Industrial Park,R&R Scheme Implementation,55.7,66,36,168,2,2,63.7,6,5,1,227.7,2.62,224,94.1,HIGH
Maharashtra,Highway Expansion,Section 19 (Declaration of Acquisition),185.3,219,121,142,1,1,76.0,5,3,4,757.4,6.35,168,70.6,HIGH
Madhya Pradesh,Industrial Park,Section 19 (Declaration of Acquisition),18.9,22,12,3,3,3,54.3,7,8,2,77.3,1.75,195,81.9,HIGH
Andhra Pradesh,Port Connectivity Highway,Section 11 (Preliminary Notification),219.6,260,144,26,6,4,59.5,2,4,2,897.6,7.59,224,94.1,HIGH
Gujarat,Railway Dedicated Freight,R&R Scheme Implementation,86.9,102,56,9,1,2,90.4,8,3,1,355.2,3.46,104,43.7,MEDIUM
Rajasthan,Highway Expansion,R&R Scheme Implementation,65.8,77,42,30,2,2,76.0,4,3,1,269.0,2.62,124,52.1,MEDIUM
Rajasthan,Industrial Park,Section 19 (Declaration of Acquisition),83.7,99,55,80,2,2,60.8,1,6,2,342.1,3.13,155,65.1,HIGH
Uttar Pradesh,Industrial Park,Section 19 (Declaration of Acquisition),125.1,148,82,135,2,1,76.2,3,8,0,511.3,4.44,169,71.0,HIGH
Gujarat,Railway Dedicated Freight,Section 19 (Declaration of Acquisition),16.3,20,11,45,5,0,59.0,9,5,1,66.6,1.5,168,70.6,HIGH
Uttar Pradesh,Port Connectivity Highway,Section 23 (Award Enquiry & Valuation),220.2,260,144,20,4,2,67.4,4,1,2,900.1,6.96,142,59.6,MEDIUM
Gujarat,Highway Expansion,Section 30 (Physical Possession Taken),74.2,87,48,42,3,1,56.6,3,1,0,303.3,3.49,112,47.0,MEDIUM
Bihar,Railway Dedicated Freight,Section 23 (Award Enquiry & Valuation),57.0,67,37,17,4,0,40.0,4,3,0,233.0,2.74,115,48.3,MEDIUM
Andhra Pradesh,Industrial Park,R&R Scheme Implementation,29.9,35,19,108,1,1,65.9,3,6,0,122.2,1.75,141,59.2,MEDIUM
Bihar,Solar Energy Park,Section 11 (Preliminary Notification),72.9,86,47,92,2,1,94.9,3,2,2,298.0,3.08,145,60.9,MEDIUM
Madhya Pradesh,Highway Expansion,Section 30 (Physical Possession Taken),83.6,99,55,37,3,3,83.6,2,1,3,341.7,3.03,147,61.7,HIGH
Karnataka,Industrial Park,Section 11 (Preliminary Notification),66.7,79,43,18,5,2,41.6,6,7,1,272.6,3.14,189,79.4,HIGH
Odisha,Metro Rail Corridor,R&R Scheme Implementation,128.5,152,84,16,4,1,37.1,6,2,1,525.2,4.29,142,59.6,MEDIUM
Gujarat,Railway Dedicated Freight,R&R Scheme Implementation,69.6,82,45,2,3,3,37.9,4,8,1,284.5,3.09,187,78.5,HIGH
Madhya Pradesh,Highway Expansion,Section 11 (Preliminary Notification),340.5,403,223,76,0,3,39.0,8,2,2,1391.8,10.37,179,75.2,HIGH
Karnataka,Solar Energy Park,Section 11 (Preliminary Notification),106.4,126,70,27,3,1,42.4,6,1,0,434.9,3.96,140,58.8,MEDIUM
Tamil Nadu,Highway Expansion,Section 11 (Preliminary Notification),179.8,213,118,18,1,3,67.1,8,2,0,734.9,6.39,127,53.3,MEDIUM
Andhra Pradesh,Railway Dedicated Freight,R&R Scheme Implementation,26.6,31,17,29,1,1,37.1,6,2,2,108.7,1.5,119,50.0,MEDIUM
Uttar Pradesh,Highway Expansion,Section 19 (Declaration of Acquisition),65.6,77,42,77,2,1,18.2,9,7,1,268.1,2.85,179,75.2,HIGH
Uttar Pradesh,Solar Energy Park,Section 11 (Preliminary Notification),56.1,66,36,6,1,1,49.2,3,1,0,229.3,2.73,69,29.0,LOW
Bihar,Metro Rail Corridor,Section 30 (Physical Possession Taken),99.3,117,65,88,2,2,58.9,3,3,1,405.9,3.93,149,62.6,HIGH
Rajasthan,Industrial Park,R&R Scheme Implementation,212.4,251,139,103,4,1,64.5,2,5,2,868.2,7.09,187,78.5,HIGH
Karnataka,Highway Expansion,Section 23 (Award Enquiry & Valuation),23.2,27,15,132,3,2,85.4,6,7,0,94.8,1.76,205,86.1,HIGH
Tamil Nadu,Metro Rail Corridor,Section 23 (Award Enquiry & Valuation),22.5,26,14,23,1,2,87.7,7,6,1,92.0,1.52,121,50.8,MEDIUM
Madhya Pradesh,Metro Rail Corridor,Section 30 (Physical Possession Taken),204.9,242,134,11,4,0,41.2,7,8,3,837.5,7.25,151,63.4,HIGH
Andhra Pradesh,Industrial Park,Section 19 (Declaration of Acquisition),38.9,46,25,21,2,0,55.4,5,1,3,159.0,1.79,101,42.4,MEDIUM
Karnataka,Solar Energy Park,Section 11 (Preliminary Notification),125.5,148,82,18,4,1,36.8,6,7,1,513.0,4.82,145,60.9,MEDIUM
Tamil Nadu,Highway Expansion,R&R Scheme Implementation,93.3,110,61,9,3,1,18.6,7,9,0,381.4,3.71,158,66.4,HIGH
Odisha,Metro Rail Corridor,Section 11 (Preliminary Notification),193.9,229,127,42,2,2,69.3,2,7,1,792.6,6.67,139,58.4,MEDIUM
Gujarat,Highway Expansion,R&R Scheme Implementation,28.4,33,18,29,2,1,41.9,7,6,2,116.1,1.97,128,53.8,MEDIUM
Uttar Pradesh,Railway Dedicated Freight,Section 23 (Award Enquiry & Valuation),28.9,34,18,90,4,2,52.6,1,9,1,118.1,1.94,210,88.2,HIGH
Madhya Pradesh,Highway Expansion,Section 11 (Preliminary Notification),96.4,114,63,1,3,1,61.9,6,4,2,394.0,3.6,122,51.2,MEDIUM
Uttar Pradesh,Railway Dedicated Freight,Section 30 (Physical Possession Taken),307.6,364,202,46,2,2,44.4,8,6,3,1257.3,9.74,183,76.9,HIGH
Madhya Pradesh,Railway Dedicated Freight,Section 19 (Declaration of Acquisition),68.6,81,45,65,0,2,79.8,1,6,1,280.4,2.67,129,54.2,MEDIUM
Bihar,Metro Rail Corridor,Section 30 (Physical Possession Taken),54.6,64,35,64,1,4,37.7,1,3,2,223.2,2.5,177,74.3,HIGH
Rajasthan,Railway Dedicated Freight,Section 19 (Declaration of Acquisition),108.3,128,71,98,1,2,34.4,6,7,0,442.7,4.16,188,79.0,HIGH
Madhya Pradesh,Industrial Park,Section 11 (Preliminary Notification),281.6,333,185,59,1,1,32.4,5,1,1,1151.0,9.18,131,55.0,MEDIUM
Uttar Pradesh,Railway Dedicated Freight,Section 11 (Preliminary Notification),196.4,232,128,118,3,1,75.6,3,8,6,802.8,6.7,211,88.6,HIGH
Bihar,Highway Expansion,Section 19 (Declaration of Acquisition),555.0,657,365,18,2,2,80.0,7,8,0,2268.6,16.53,130,54.6,MEDIUM
Madhya Pradesh,Industrial Park,Section 23 (Award Enquiry & Valuation),17.3,20,11,31,2,3,76.6,7,8,2,70.7,1.5,161,67.6,HIGH
Odisha,Highway Expansion,R&R Scheme Implementation,27.0,31,17,1,1,1,42.7,7,9,0,110.4,1.64,120,50.4,MEDIUM
Rajasthan,Railway Dedicated Freight,Section 30 (Physical Possession Taken),109.0,129,71,0,3,1,27.4,6,4,3,445.5,3.86,140,58.8,MEDIUM
Madhya Pradesh,Metro Rail Corridor,Section 30 (Physical Possession Taken),186.8,221,122,12,1,0,38.4,4,6,4,763.5,6.18,115,48.3,MEDIUM
Bihar,Railway Dedicated Freight,Section 30 (Physical Possession Taken),48.6,57,31,5,1,2,55.0,9,7,2,198.7,2.39,136,57.1,MEDIUM
Karnataka,Highway Expansion,Section 11 (Preliminary Notification),42.3,50,27,14,1,1,19.8,9,2,1,172.9,2.49,117,49.1,MEDIUM
Maharashtra,Railway Dedicated Freight,Section 30 (Physical Possession Taken),169.6,200,111,9,1,0,55.0,7,6,1,693.2,5.66,81,34.0,MEDIUM
Tamil Nadu,Solar Energy Park,R&R Scheme Implementation,20.8,24,13,1,3,3,83.9,7,8,1,85.0,1.5,160,67.2,HIGH
Maharashtra,Metro Rail Corridor,R&R Scheme Implementation,61.1,72,40,108,3,1,30.1,8,4,0,249.7,2.63,185,77.7,HIGH
Maharashtra,Metro Rail Corridor,Section 19 (Declaration of Acquisition),85.5,101,56,0,0,1,95.6,5,5,0,349.5,3.51,49,20.6,LOW
Andhra Pradesh,Metro Rail Corridor,Section 11 (Preliminary Notification),97.2,115,63,60,1,1,72.3,9,8,1,397.3,4.03,143,60.1,MEDIUM
Odisha,Highway Expansion,R&R Scheme Implementation,145.4,172,95,7,3,1,64.0,6,3,4,594.3,5.14,126,52.9,MEDIUM
Karnataka,Railway Dedicated Freight,Section 23 (Award Enquiry & Valuation),58.8,69,38,109,0,1,78.2,7,6,3,240.3,2.39,170,71.4,HIGH
Gujarat,Industrial Park,Section 11 (Preliminary Notification),109.9,130,72,100,2,1,81.6,7,1,0,449.2,3.9,142,59.6,MEDIUM
Madhya Pradesh,Highway Expansion,Section 11 (Preliminary Notification),103.0,122,67,48,3,1,74.4,9,4,0,421.0,3.98,151,63.4,HIGH
Tamil Nadu,Highway Expansion,R&R Scheme Implementation,94.3,111,61,50,4,2,82.9,7,6,3,385.4,3.9,188,79.0,HIGH
Rajasthan,Highway Expansion,Section 23 (Award Enquiry & Valuation),117.3,138,76,0,2,2,36.7,3,3,4,479.5,4.72,135,56.7,MEDIUM
Karnataka,Railway Dedicated Freight,Section 19 (Declaration of Acquisition),45.0,53,29,189,2,1,32.3,6,1,3,183.9,2.05,215,90.3,HIGH
Uttar Pradesh,Port Connectivity Highway,R&R Scheme Implementation,23.8,28,15,95,2,1,52.2,6,6,0,97.3,1.71,184,77.3,HIGH
Gujarat,Highway Expansion,Section 23 (Award Enquiry & Valuation),27.7,32,17,101,2,2,36.7,7,3,0,113.2,1.59,182,76.4,HIGH
Andhra Pradesh,Railway Dedicated Freight,Section 11 (Preliminary Notification),40.4,47,26,48,2,0,80.9,6,8,0,165.1,1.98,109,45.8,MEDIUM
Andhra Pradesh,Highway Expansion,Section 23 (Award Enquiry & Valuation),84.4,100,55,19,2,0,50.4,4,7,3,345.0,3.22,111,46.6,MEDIUM
Karnataka,Port Connectivity Highway,Section 11 (Preliminary Notification),198.5,235,130,101,1,1,65.3,6,7,1,811.4,6.61,158,66.4,HIGH
Bihar,Highway Expansion,R&R Scheme Implementation,135.8,160,88,16,8,2,74.6,3,8,3,555.1,4.71,236,99.0,HIGH
Maharashtra,Railway Dedicated Freight,R&R Scheme Implementation,170.6,202,112,37,2,1,80.9,1,7,0,697.3,6.38,115,48.3,MEDIUM
Uttar Pradesh,Industrial Park,Section 30 (Physical Possession Taken),58.2,68,37,5,4,2,69.2,1,5,0,237.9,2.57,126,52.9,MEDIUM
Andhra Pradesh,Industrial Park,Section 30 (Physical Possession Taken),66.9,79,43,115,2,2,61.8,5,8,1,273.5,3.11,191,80.2,HIGH
Tamil Nadu,Railway Dedicated Freight,Section 30 (Physical Possession Taken),65.0,77,42,7,2,3,63.0,8,8,4,265.7,2.73,190,79.8,HIGH
Andhra Pradesh,Railway Dedicated Freight,R&R Scheme Implementation,36.3,43,23,11,2,0,85.9,3,8,2,148.4,2.49,109,45.8,MEDIUM
Rajasthan,Railway Dedicated Freight,Section 19 (Declaration of Acquisition),21.3,25,13,37,1,2,69.5,2,6,5,87.1,1.68,138,58.0,MEDIUM
Madhya Pradesh,Highway Expansion,R&R Scheme Implementation,104.4,123,68,65,3,0,17.3,8,2,3,426.7,4.15,173,72.7,HIGH
Andhra Pradesh,Highway Expansion,Section 23 (Award Enquiry & Valuation),468.0,554,307,43,1,2,78.8,9,8,3,1912.9,14.27,147,61.7,HIGH
Rajasthan,Railway Dedicated Freight,R&R Scheme Implementation,33.3,39,21,12,3,1,36.2,9,1,1,136.1,2.15,126,52.9,MEDIUM
Karnataka,Highway Expansion,R&R Scheme Implementation,19.8,23,12,0,2,1,88.4,2,9,3,80.9,1.63,101,42.4,MEDIUM
Karnataka,Highway Expansion,Section 11 (Preliminary Notification),166.2,196,108,64,1,2,58.4,8,9,1,679.3,5.68,174,73.1,HIGH
Gujarat,Metro Rail Corridor,Section 11 (Preliminary Notification),44.1,52,28,190,2,0,58.0,2,6,1,180.3,2.05,185,77.7,HIGH
Andhra Pradesh,Port Connectivity Highway,Section 11 (Preliminary Notification),192.0,227,126,75,3,1,59.3,7,6,6,784.8,6.45,198,83.2,HIGH
Tamil Nadu,Metro Rail Corridor,R&R Scheme Implementation,136.7,161,89,28,2,1,81.2,8,6,3,558.8,4.85,144,60.5,MEDIUM
Andhra Pradesh,Highway Expansion,Section 19 (Declaration of Acquisition),306.3,362,201,105,1,2,70.5,1,4,1,1252.0,9.94,140,58.8,MEDIUM
Tamil Nadu,Highway Expansion,Section 23 (Award Enquiry & Valuation),67.6,80,44,24,2,0,69.7,8,1,1,276.3,2.89,90,37.8,MEDIUM
Odisha,Port Connectivity Highway,Section 23 (Award Enquiry & Valuation),123.5,146,81,33,3,2,99.0,3,1,2,504.8,4.15,109,45.8,MEDIUM
Gujarat,Highway Expansion,Section 19 (Declaration of Acquisition),77.5,91,50,29,2,2,78.0,1,1,0,316.8,3.35,106,44.5,MEDIUM
Odisha,Highway Expansion,Section 19 (Declaration of Acquisition),114.6,135,75,27,4,2,39.5,7,5,1,468.4,4.54,190,79.8,HIGH
Andhra Pradesh,Metro Rail Corridor,Section 23 (Award Enquiry & Valuation),74.7,88,48,67,1,0,70.4,3,7,1,305.3,2.8,110,46.2,MEDIUM
Gujarat,Metro Rail Corridor,Section 30 (Physical Possession Taken),35.9,42,23,34,2,2,66.7,8,1,0,146.7,2.39,128,53.8,MEDIUM
Odisha,Metro Rail Corridor,Section 11 (Preliminary Notification),85.9,101,56,17,3,0,60.1,9,1,2,351.1,3.74,108,45.4,MEDIUM
Maharashtra,Highway Expansion,Section 11 (Preliminary Notification),90.2,106,58,13,3,2,80.4,2,6,1,368.7,3.45,118,49.6,MEDIUM
Andhra Pradesh,Highway Expansion,Section 23 (Award Enquiry & Valuation),181.4,214,118,2,2,2,70.4,1,2,1,741.5,5.97,97,40.7,MEDIUM
Odisha,Port Connectivity Highway,Section 19 (Declaration of Acquisition),148.0,175,97,39,0,1,29.4,8,2,2,604.9,5.44,121,50.8,MEDIUM
Maharashtra,Highway Expansion,Section 30 (Physical Possession Taken),124.0,146,81,12,1,2,34.1,6,7,0,506.8,4.27,150,63.0,HIGH
Maharashtra,Metro Rail Corridor,Section 23 (Award Enquiry & Valuation),27.0,31,17,7,4,0,33.7,1,9,0,110.4,1.64,126,52.9,MEDIUM
Karnataka,Industrial Park,Section 11 (Preliminary Notification),142.5,168,93,48,1,1,74.3,3,8,1,582.5,4.81,119,50.0,MEDIUM
Andhra Pradesh,Metro Rail Corridor,R&R Scheme Implementation,84.4,100,55,51,3,1,73.0,9,2,2,345.0,3.42,156,65.5,HIGH
Maharashtra,Railway Dedicated Freight,Section 19 (Declaration of Acquisition),239.5,283,157,63,0,3,76.7,9,7,2,979.0,8.15,175,73.5,HIGH
Karnataka,Highway Expansion,R&R Scheme Implementation,267.4,316,175,32,4,2,49.3,6,5,0,1093.0,8.73,167,70.1,HIGH
Odisha,Metro Rail Corridor,Section 23 (Award Enquiry & Valuation),20.7,24,13,101,2,2,82.2,3,4,1,84.6,1.8,156,65.5,HIGH
Rajasthan,Solar Energy Park,Section 11 (Preliminary Notification),186.8,221,122,124,2,3,45.0,8,4,1,763.5,6.27,217,91.1,HIGH
Andhra Pradesh,Solar Energy Park,Section 30 (Physical Possession Taken),18.8,22,12,74,2,1,29.2,6,4,2,76.8,1.56,157,65.9,HIGH
Gujarat,Highway Expansion,R&R Scheme Implementation,60.8,72,40,45,4,3,56.9,1,9,0,248.5,2.49,205,86.1,HIGH
Tamil Nadu,Highway Expansion,Section 30 (Physical Possession Taken),93.2,110,61,16,5,1,60.1,6,7,0,381.0,3.65,162,68.0,HIGH
Tamil Nadu,Solar Energy Park,Section 11 (Preliminary Notification),31.0,36,20,183,1,2,67.6,5,7,2,126.7,1.74,219,92.0,HIGH
Odisha,Industrial Park,R&R Scheme Implementation,152.2,180,100,14,2,2,63.7,8,4,3,622.1,5.32,147,61.7,HIGH
Bihar,Solar Energy Park,Section 30 (Physical Possession Taken),15.8,20,11,10,0,0,47.2,2,9,3,64.6,1.5,87,36.5,MEDIUM
Bihar,Highway Expansion,Section 30 (Physical Possession Taken),33.5,39,21,26,3,1,64.6,7,8,0,136.9,1.9,143,60.1,MEDIUM
Odisha,Metro Rail Corridor,R&R Scheme Implementation,101.9,120,66,3,3,0,71.5,6,4,2,416.5,4.34,96,40.3,MEDIUM
Maharashtra,Industrial Park,Section 11 (Preliminary Notification),140.3,166,92,173,8,4,60.6,1,6,2,573.5,5.37,347,99.0,HIGH
Andhra Pradesh,Metro Rail Corridor,Section 30 (Physical Possession Taken),263.5,312,173,40,6,0,43.7,8,4,0,1077.1,8.82,168,70.6,HIGH
Tamil Nadu,Railway Dedicated Freight,Section 23 (Award Enquiry & Valuation),137.2,162,90,37,4,1,49.9,6,1,0,560.8,5.28,133,55.9,MEDIUM
Tamil Nadu,Highway Expansion,R&R Scheme Implementation,126.4,149,82,48,3,2,81.9,3,5,1,516.7,4.9,147,61.7,HIGH
Maharashtra,Metro Rail Corridor,Section 19 (Declaration of Acquisition),65.1,77,42,31,1,1,22.4,5,3,0,266.1,2.86,129,54.2,MEDIUM
Tamil Nadu,Highway Expansion,Section 19 (Declaration of Acquisition),15.1,20,11,1,3,1,64.0,7,1,1,61.7,1.5,102,42.8,MEDIUM
Gujarat,Railway Dedicated Freight,Section 11 (Preliminary Notification),27.8,32,17,43,3,2,50.2,9,2,2,113.6,1.84,177,74.3,HIGH
Andhra Pradesh,Port Connectivity Highway,Section 23 (Award Enquiry & Valuation),91.5,108,60,57,2,0,33.0,4,2,0,374.0,3.58,108,45.4,MEDIUM
Madhya Pradesh,Railway Dedicated Freight,Section 30 (Physical Possession Taken),127.4,150,83,24,3,2,48.4,2,8,2,520.7,4.44,165,69.3,HIGH
Tamil Nadu,Industrial Park,Section 19 (Declaration of Acquisition),69.0,81,45,64,1,1,61.1,3,4,2,282.0,3.03,128,53.8,MEDIUM
Odisha,Highway Expansion,Section 11 (Preliminary Notification),146.2,173,96,12,3,1,72.3,7,3,1,597.6,4.87,105,44.1,MEDIUM
Gujarat,Metro Rail Corridor,Section 23 (Award Enquiry & Valuation),88.8,105,58,11,2,1,40.0,8,4,1,363.0,3.57,118,49.6,MEDIUM
Tamil Nadu,Port Connectivity Highway,Section 23 (Award Enquiry & Valuation),22.7,26,14,8,0,1,81.7,5,1,2,92.8,1.5,68,28.6,LOW
Gujarat,Highway Expansion,Section 11 (Preliminary Notification),36.3,43,23,21,5,3,33.9,3,1,1,148.4,2.02,185,77.7,HIGH
Karnataka,Highway Expansion,Section 11 (Preliminary Notification),198.3,234,130,84,2,3,25.3,1,5,0,810.5,6.71,187,78.5,HIGH
Madhya Pradesh,Railway Dedicated Freight,Section 30 (Physical Possession Taken),144.1,170,94,79,2,1,30.9,1,7,4,589.0,5.05,177,74.3,HIGH
Uttar Pradesh,Highway Expansion,Section 11 (Preliminary Notification),240.2,284,157,22,0,1,95.2,2,9,1,981.8,7.54,73,30.7,LOW
Odisha,Industrial Park,Section 30 (Physical Possession Taken),27.5,32,17,40,4,1,33.2,5,7,4,112.4,1.55,199,83.6,HIGH
Odisha,Solar Energy Park,Section 30 (Physical Possession Taken),477.8,566,314,57,1,1,44.2,3,5,3,1953.0,14.76,140,58.8,MEDIUM
Andhra Pradesh,Railway Dedicated Freight,R&R Scheme Implementation,38.5,45,25,12,5,1,40.3,7,3,2,157.4,1.99,168,70.6,HIGH
Gujarat,Highway Expansion,Section 23 (Award Enquiry & Valuation),16.2,20,11,8,4,2,64.6,2,8,2,66.2,1.58,164,68.9,HIGH
Maharashtra,Railway Dedicated Freight,Section 23 (Award Enquiry & Valuation),611.1,724,402,161,1,1,62.3,2,7,2,2497.9,18.49,191,80.2,HIGH
Odisha,Industrial Park,Section 23 (Award Enquiry & Valuation),48.0,56,31,43,1,1,44.2,3,4,0,196.2,2.33,102,42.8,MEDIUM
Gujarat,Highway Expansion,R&R Scheme Implementation,125.3,148,82,179,2,1,17.9,1,1,2,512.2,4.65,204,85.7,HIGH
Gujarat,Metro Rail Corridor,Section 30 (Physical Possession Taken),34.4,40,22,19,1,0,85.8,2,3,3,140.6,1.85,78,32.8,MEDIUM
Rajasthan,Metro Rail Corridor,Section 30 (Physical Possession Taken),101.8,120,66,55,3,2,79.2,5,8,1,416.1,3.99,176,73.9,HIGH
Rajasthan,Metro Rail Corridor,Section 11 (Preliminary Notification),249.4,295,163,11,4,1,79.3,3,2,0,1019.4,8.05,105,44.1,MEDIUM
Uttar Pradesh,Highway Expansion,R&R Scheme Implementation,53.6,63,35,14,2,1,37.1,6,9,1,219.1,3.04,161,67.6,HIGH
Karnataka,Industrial Park,Section 11 (Preliminary Notification),125.9,149,82,32,4,1,32.6,2,4,1,514.6,4.38,151,63.4,HIGH
Uttar Pradesh,Highway Expansion,R&R Scheme Implementation,35.8,42,23,17,2,3,75.5,8,7,3,146.3,1.95,182,76.4,HIGH
Tamil Nadu,Highway Expansion,Section 11 (Preliminary Notification),113.0,133,73,8,4,0,44.2,4,7,1,461.9,4.17,128,53.8,MEDIUM
Maharashtra,Solar Energy Park,Section 19 (Declaration of Acquisition),56.0,66,36,14,4,2,38.8,3,8,2,228.9,2.33,187,78.5,HIGH
Tamil Nadu,Industrial Park,Section 23 (Award Enquiry & Valuation),38.7,45,25,2,2,1,41.2,5,7,2,158.2,2.25,123,51.7,MEDIUM
Bihar,Highway Expansion,Section 23 (Award Enquiry & Valuation),52.6,62,34,55,3,3,74.3,8,4,2,215.0,2.42,192,80.6,HIGH
Tamil Nadu,Highway Expansion,Section 30 (Physical Possession Taken),34.7,41,22,30,2,2,47.6,9,7,1,141.8,1.52,161,67.6,HIGH
Andhra Pradesh,Highway Expansion,Section 19 (Declaration of Acquisition),247.2,292,162,4,4,0,40.1,1,5,1,1010.4,8.21,129,54.2,MEDIUM
Tamil Nadu,Highway Expansion,Section 23 (Award Enquiry & Valuation),65.6,77,42,8,1,2,57.0,4,7,2,268.1,2.75,123,51.7,MEDIUM
Uttar Pradesh,Highway Expansion,Section 30 (Physical Possession Taken),43.1,51,28,5,2,2,68.7,6,3,1,176.2,2.21,108,45.4,MEDIUM
Odisha,Highway Expansion,Section 19 (Declaration of Acquisition),74.5,88,48,43,4,0,55.0,6,7,2,304.5,3.27,158,66.4,HIGH
Odisha,Railway Dedicated Freight,Section 23 (Award Enquiry & Valuation),53.6,63,35,4,1,0,52.7,9,7,2,219.1,2.46,109,45.8,MEDIUM
Rajasthan,Industrial Park,Section 11 (Preliminary Notification),151.4,179,99,63,5,2,71.7,1,2,2,618.8,5.26,174,73.1,HIGH
Maharashtra,Metro Rail Corridor,R&R Scheme Implementation,369.8,438,243,1,1,2,83.4,5,8,4,1511.6,12.07,120,50.4,MEDIUM
Maharashtra,Metro Rail Corridor,Section 19 (Declaration of Acquisition),72.6,86,47,13,1,2,64.2,1,7,0,296.8,2.65,113,47.5,MEDIUM
Andhra Pradesh,Highway Expansion,Section 30 (Physical Possession Taken),212.4,251,139,100,1,2,34.1,6,9,2,868.2,6.82,210,88.2,HIGH
Uttar Pradesh,Port Connectivity Highway,Section 19 (Declaration of Acquisition),98.4,116,64,57,2,2,51.0,9,4,0,402.2,3.6,149,62.6,HIGH
Rajasthan,Industrial Park,Section 30 (Physical Possession Taken),32.1,38,21,3,3,2,70.3,4,9,2,131.2,2.28,145,60.9,MEDIUM
Bihar,Industrial Park,Section 19 (Declaration of Acquisition),132.3,156,86,77,2,2,29.2,9,1,1,540.8,4.66,175,73.5,HIGH
Maharashtra,Industrial Park,Section 30 (Physical Possession Taken),87.0,103,57,31,3,1,42.5,3,5,1,355.6,3.54,133,55.9,MEDIUM
Odisha,Solar Energy Park,Section 23 (Award Enquiry & Valuation),120.2,142,78,84,2,3,70.3,7,7,2,491.3,4.34,206,86.5,HIGH
Tamil Nadu,Railway Dedicated Freight,Section 11 (Preliminary Notification),235.4,278,154,41,0,0,83.8,5,4,2,962.2,7.86,87,36.5,MEDIUM
Tamil Nadu,Highway Expansion,Section 23 (Award Enquiry & Valuation),73.1,86,47,52,2,1,53.3,1,7,2,298.8,3.09,134,56.3,MEDIUM
Rajasthan,Metro Rail Corridor,Section 11 (Preliminary Notification),246.4,291,161,227,3,2,90.2,7,9,0,1007.2,8.1,278,99.0,HIGH
Uttar Pradesh,Industrial Park,Section 23 (Award Enquiry & Valuation),153.9,182,101,12,5,1,46.5,8,5,2,629.1,5.66,163,68.5,HIGH
Uttar Pradesh,Industrial Park,Section 23 (Award Enquiry & Valuation),82.1,97,53,44,2,0,96.0,6,5,2,335.6,3.44,107,44.9,MEDIUM
Karnataka,Railway Dedicated Freight,Section 19 (Declaration of Acquisition),107.4,127,70,28,1,0,59.7,1,2,2,439.0,3.93,64,26.9,LOW
Madhya Pradesh,Highway Expansion,R&R Scheme Implementation,54.4,64,35,2,3,2,88.6,9,5,0,222.4,2.62,137,57.5,MEDIUM
Maharashtra,Railway Dedicated Freight,Section 30 (Physical Possession Taken),426.0,504,280,1,2,3,73.1,7,8,3,1741.3,13.67,150,63.0,HIGH
Uttar Pradesh,Solar Energy Park,Section 30 (Physical Possession Taken),125.1,148,82,6,4,1,40.9,6,4,1,511.3,4.69,134,56.3,MEDIUM
Odisha,Metro Rail Corridor,Section 30 (Physical Possession Taken),19.5,23,12,47,3,1,85.5,4,2,2,79.7,1.59,127,53.3,MEDIUM
Rajasthan,Railway Dedicated Freight,Section 11 (Preliminary Notification),54.5,64,35,38,3,1,70.1,3,8,6,222.8,2.29,161,67.6,HIGH
Bihar,Highway Expansion,Section 30 (Physical Possession Taken),112.6,133,73,36,1,1,63.8,4,4,1,460.3,4.37,99,41.6,MEDIUM
Karnataka,Railway Dedicated Freight,Section 30 (Physical Possession Taken),20.8,24,13,1,0,0,74.3,1,5,1,85.0,1.77,55,23.1,LOW
Gujarat,Solar Energy Park,Section 19 (Declaration of Acquisition),17.4,20,11,29,8,1,51.2,9,7,2,71.1,1.56,236,99.0,HIGH
Andhra Pradesh,Metro Rail Corridor,Section 23 (Award Enquiry & Valuation),74.8,88,48,116,2,1,70.9,2,5,0,305.7,3.16,157,65.9,HIGH
Bihar,Industrial Park,Section 30 (Physical Possession Taken),55.5,65,36,23,4,1,74.7,2,4,1,226.9,3.15,119,50.0,MEDIUM
Gujarat,Railway Dedicated Freight,R&R Scheme Implementation,72.7,86,47,44,0,0,36.9,3,7,3,297.2,3.25,94,39.5,MEDIUM
Tamil Nadu,Metro Rail Corridor,Section 30 (Physical Possession Taken),45.5,53,29,68,3,2,78.3,1,4,0,186.0,2.55,144,60.5,MEDIUM
Andhra Pradesh,Highway Expansion,Section 11 (Preliminary Notification),33.0,39,21,69,4,3,42.0,3,4,2,134.9,1.96,198,83.2,HIGH
Maharashtra,Industrial Park,Section 11 (Preliminary Notification),131.8,156,86,33,4,3,28.1,4,2,0,538.7,4.74,176,73.9,HIGH
Odisha,Railway Dedicated Freight,Section 11 (Preliminary Notification),87.3,103,57,88,2,2,66.5,9,5,0,356.8,3.62,178,74.8,HIGH
Andhra Pradesh,Railway Dedicated Freight,Section 30 (Physical Possession Taken),37.3,44,24,22,2,0,11.9,5,8,1,152.5,2.04,132,55.4,MEDIUM
Madhya Pradesh,Metro Rail Corridor,Section 19 (Declaration of Acquisition),53.5,63,35,99,4,2,93.6,6,4,3,218.7,2.52,202,84.8,HIGH
Gujarat,Solar Energy Park,R&R Scheme Implementation,104.6,123,68,12,0,0,45.4,1,2,4,427.6,4.09,67,28.1,LOW
Maharashtra,Highway Expansion,Section 30 (Physical Possession Taken),22.5,26,14,15,4,2,51.9,3,9,0,92.0,1.54,158,66.4,HIGH
Madhya Pradesh,Industrial Park,Section 19 (Declaration of Acquisition),31.0,36,20,2,0,2,66.6,7,6,4,126.7,1.93,111,46.6,MEDIUM
Tamil Nadu,Highway Expansion,Section 19 (Declaration of Acquisition),22.6,26,14,71,3,2,56.3,7,3,2,92.4,1.66,164,68.9,HIGH
Madhya Pradesh,Railway Dedicated Freight,Section 30 (Physical Possession Taken),182.3,216,120,24,0,3,56.9,1,5,0,745.1,6.41,107,44.9,MEDIUM
Karnataka,Highway Expansion,Section 30 (Physical Possession Taken),154.6,183,101,12,7,2,78.8,9,6,1,631.9,5.3,214,89.9,HIGH
Karnataka,Railway Dedicated Freight,Section 19 (Declaration of Acquisition),155.0,183,101,12,2,2,22.9,1,9,1,633.6,5.04,161,67.6,HIGH
Rajasthan,Railway Dedicated Freight,Section 19 (Declaration of Acquisition),141.0,167,92,104,2,1,72.7,7,5,3,576.3,4.97,174,73.1,HIGH
Bihar,Highway Expansion,Section 19 (Declaration of Acquisition),125.7,148,82,81,1,3,38.3,2,9,1,513.8,4.68,199,83.6,HIGH
Bihar,Railway Dedicated Freight,Section 30 (Physical Possession Taken),79.8,94,52,36,4,1,74.0,9,1,1,326.2,3.48,146,61.3,HIGH
Maharashtra,Solar Energy Park,Section 19 (Declaration of Acquisition),117.8,139,77,43,6,3,90.1,9,4,1,481.5,4.23,217,91.1,HIGH
Tamil Nadu,Highway Expansion,Section 11 (Preliminary Notification),18.9,22,12,29,2,1,86.1,9,1,1,77.3,1.65,101,42.4,MEDIUM
Uttar Pradesh,Industrial Park,Section 30 (Physical Possession Taken),112.1,132,73,22,1,0,46.2,4,2,1,458.2,4.43,57,23.9,LOW
Karnataka,Railway Dedicated Freight,Section 11 (Preliminary Notification),165.5,196,108,111,1,2,21.1,6,2,2,676.5,5.89,194,81.5,HIGH
Maharashtra,Metro Rail Corridor,Section 23 (Award Enquiry & Valuation),84.4,100,55,6,0,0,57.5,2,5,2,345.0,3.26,58,24.4,LOW
Uttar Pradesh,Highway Expansion,Section 30 (Physical Possession Taken),59.2,70,38,24,4,2,30.0,3,1,0,242.0,2.56,161,67.6,HIGH
Bihar,Highway Expansion,Section 23 (Award Enquiry & Valuation),47.5,56,31,19,1,1,64.4,6,3,3,194.2,2.45,97,40.7,MEDIUM
Rajasthan,Highway Expansion,Section 19 (Declaration of Acquisition),117.9,139,77,31,3,3,34.3,1,6,3,481.9,4.7,204,85.7,HIGH
Madhya Pradesh,Highway Expansion,Section 19 (Declaration of Acquisition),133.0,157,87,28,4,2,30.9,7,1,1,543.6,4.81,168,70.6,HIGH
Karnataka,Highway Expansion,R&R Scheme Implementation,219.8,260,144,33,6,2,40.9,2,1,0,898.4,7.26,170,71.4,HIGH
Maharashtra,Metro Rail Corridor,Section 19 (Declaration of Acquisition),56.9,67,37,7,3,1,44.4,8,3,1,232.6,2.35,130,54.6,MEDIUM
Andhra Pradesh,Solar Energy Park,Section 23 (Award Enquiry & Valuation),161.9,191,106,32,6,0,23.8,5,9,2,661.8,5.56,199,83.6,HIGH
Uttar Pradesh,Industrial Park,Section 19 (Declaration of Acquisition),97.4,115,63,12,3,2,28.5,7,2,2,398.1,3.64,157,65.9,HIGH
Madhya Pradesh,Metro Rail Corridor,Section 30 (Physical Possession Taken),229.4,271,150,9,2,0,73.2,8,6,3,937.7,7.57,105,44.1,MEDIUM
Karnataka,Highway Expansion,Section 19 (Declaration of Acquisition),90.0,106,58,3,4,1,57.1,3,3,3,367.9,3.27,117,49.1,MEDIUM
Bihar,Highway Expansion,R&R Scheme Implementation,87.9,104,57,65,1,2,57.1,6,6,2,359.3,3.45,152,63.8,HIGH
Tamil Nadu,Railway Dedicated Freight,Section 19 (Declaration of Acquisition),101.2,119,66,25,5,1,67.0,9,7,2,413.7,3.69,192,80.6,HIGH
Uttar Pradesh,Highway Expansion,Section 23 (Award Enquiry & Valuation),153.4,181,100,44,4,1,30.4,4,7,2,627.0,5.58,173,72.7,HIGH
Bihar,Railway Dedicated Freight,Section 23 (Award Enquiry & Valuation),349.4,414,230,59,1,0,79.2,7,2,1,1428.2,10.83,77,32.3,MEDIUM
Karnataka,Railway Dedicated Freight,Section 19 (Declaration of Acquisition),22.6,26,14,51,2,0,75.6,1,3,0,92.4,1.53,74,31.1,LOW
Uttar Pradesh,Railway Dedicated Freight,Section 23 (Award Enquiry & Valuation),20.5,24,13,29,2,2,82.3,7,4,2,83.8,1.64,136,57.1,MEDIUM
Madhya Pradesh,Railway Dedicated Freight,Section 23 (Award Enquiry & Valuation),292.3,346,192,22,3,0,32.2,9,8,1,1194.8,9.27,144,60.5,MEDIUM
Karnataka,Industrial Park,R&R Scheme Implementation,90.5,107,59,21,1,3,61.4,8,5,1,369.9,4.06,145,60.9,MEDIUM
Gujarat,Industrial Park,Section 30 (Physical Possession Taken),110.4,130,72,46,4,1,80.4,4,1,0,451.3,4.35,119,50.0,MEDIUM
Maharashtra,Railway Dedicated Freight,R&R Scheme Implementation,80.9,95,52,31,1,0,77.3,3,9,0,330.7,3.32,95,39.9,MEDIUM
Madhya Pradesh,Solar Energy Park,Section 11 (Preliminary Notification),24.8,29,16,85,3,2,75.4,7,1,3,101.4,1.78,181,76.0,HIGH
Uttar Pradesh,Port Connectivity Highway,R&R Scheme Implementation,161.1,190,105,93,5,0,42.4,1,2,1,658.5,5.14,181,76.0,HIGH
Tamil Nadu,Railway Dedicated Freight,Section 19 (Declaration of Acquisition),152.5,180,100,8,1,2,99.9,8,7,0,623.3,5.61,105,44.1,MEDIUM
Bihar,Railway Dedicated Freight,Section 30 (Physical Possession Taken),52.4,62,34,7,0,2,88.2,1,3,4,214.2,2.6,78,32.8,MEDIUM
Andhra Pradesh,Railway Dedicated Freight,Section 19 (Declaration of Acquisition),51.6,61,33,45,4,0,68.2,7,6,1,210.9,2.46,156,65.5,HIGH
Bihar,Solar Energy Park,Section 11 (Preliminary Notification),196.9,233,129,16,2,2,65.1,6,8,1,804.8,6.75,148,62.2,HIGH
Uttar Pradesh,Solar Energy Park,Section 30 (Physical Possession Taken),22.5,26,14,1,2,1,69.9,8,5,2,92.0,1.78,108,45.4,MEDIUM
Bihar,Highway Expansion,Section 23 (Award Enquiry & Valuation),228.0,270,150,99,4,0,33.6,6,1,0,931.9,7.44,168,70.6,HIGH
Maharashtra,Railway Dedicated Freight,R&R Scheme Implementation,44.7,52,28,12,2,0,44.0,5,3,3,182.7,2.35,106,44.5,MEDIUM
Karnataka,Metro Rail Corridor,Section 19 (Declaration of Acquisition),104.9,124,68,119,1,3,63.7,9,2,3,428.8,4.21,187,78.5,HIGH
Andhra Pradesh,Railway Dedicated Freight,Section 11 (Preliminary Notification),289.9,343,190,57,2,0,96.7,4,6,1,1185.0,9.39,97,40.7,MEDIUM
Odisha,Highway Expansion,Section 23 (Award Enquiry & Valuation),128.4,152,84,65,0,2,43.6,7,5,1,524.8,4.62,146,61.3,HIGH
Uttar Pradesh,Solar Energy Park,R&R Scheme Implementation,68.5,81,45,10,2,1,79.6,6,7,1,280.0,3.02,124,52.1,MEDIUM
Rajasthan,Metro Rail Corridor,Section 23 (Award Enquiry & Valuation),132.0,156,86,12,2,0,88.3,6,2,1,539.5,5.05,78,32.8,MEDIUM
Odisha,Industrial Park,R&R Scheme Implementation,57.2,67,37,33,0,1,92.7,5,6,2,233.8,2.79,85,35.7,MEDIUM
Bihar,Solar Energy Park,Section 30 (Physical Possession Taken),47.5,56,31,8,1,2,92.8,2,5,0,194.2,2.13,78,32.8,MEDIUM
Uttar Pradesh,Industrial Park,Section 23 (Award Enquiry & Valuation),585.9,694,385,16,3,2,94.0,4,6,2,2394.9,17.88,143,60.1,MEDIUM
Gujarat,Railway Dedicated Freight,Section 23 (Award Enquiry & Valuation),153.9,182,101,17,0,1,67.7,1,5,1,629.1,5.49,51,21.4,LOW
Rajasthan,Metro Rail Corridor,Section 23 (Award Enquiry & Valuation),118.5,140,77,8,1,2,66.7,9,7,1,484.4,4.62,125,52.5,MEDIUM
Andhra Pradesh,Highway Expansion,Section 30 (Physical Possession Taken),58.9,69,38,10,1,0,94.5,9,5,0,240.8,2.69,82,34.4,MEDIUM
Tamil Nadu,Metro Rail Corridor,Section 11 (Preliminary Notification),20.0,23,12,70,3,3,54.6,8,7,1,81.7,1.5,216,90.7,HIGH
Gujarat,Highway Expansion,R&R Scheme Implementation,18.2,21,11,8,5,2,80.9,4,1,0,74.4,1.5,130,54.6,MEDIUM
Odisha,Metro Rail Corridor,Section 23 (Award Enquiry & Valuation),95.8,113,62,1,2,2,32.4,5,9,2,391.6,3.6,147,61.7,HIGH
Karnataka,Highway Expansion,Section 30 (Physical Possession Taken),158.6,187,103,45,4,2,19.2,1,6,4,648.3,5.78,207,86.9,HIGH
Maharashtra,Highway Expansion,Section 11 (Preliminary Notification),92.1,109,60,168,3,1,54.2,4,9,1,376.5,3.68,227,95.3,HIGH
Tamil Nadu,Highway Expansion,R&R Scheme Implementation,198.8,235,130,18,1,2,79.3,4,1,2,812.6,6.67,94,39.5,MEDIUM
Gujarat,Highway Expansion,Section 30 (Physical Possession Taken),18.4,21,11,6,3,1,42.2,5,2,1,75.2,1.79,121,50.8,MEDIUM
Karnataka,Industrial Park,R&R Scheme Implementation,60.7,71,39,38,4,1,47.4,2,7,1,248.1,2.95,159,66.8,HIGH
Karnataka,Industrial Park,Section 23 (Award Enquiry & Valuation),42.1,49,27,107,0,2,70.2,2,4,1,172.1,2.06,136,57.1,MEDIUM
Uttar Pradesh,Railway Dedicated Freight,Section 11 (Preliminary Notification),74.3,88,48,69,1,1,83.8,2,1,0,303.7,3.37,77,32.3,MEDIUM
Gujarat,Highway Expansion,Section 30 (Physical Possession Taken),22.5,26,14,44,1,1,50.3,8,5,2,92.0,1.5,126,52.9,MEDIUM
Andhra Pradesh,Highway Expansion,Section 11 (Preliminary Notification),323.2,382,212,17,1,1,85.9,2,4,1,1321.1,10.34,81,34.0,MEDIUM
Bihar,Highway Expansion,Section 23 (Award Enquiry & Valuation),40.3,47,26,35,3,0,78.7,6,6,0,164.7,2.22,119,50.0,MEDIUM
Rajasthan,Highway Expansion,Section 11 (Preliminary Notification),270.5,320,177,4,1,1,61.0,2,7,2,1105.7,8.97,99,41.6,MEDIUM
Rajasthan,Solar Energy Park,Section 11 (Preliminary Notification),70.5,83,46,51,5,2,69.9,8,3,2,288.2,3.09,191,80.2,HIGH
Odisha,Highway Expansion,Section 19 (Declaration of Acquisition),438.5,519,288,58,0,1,46.2,1,6,1,1792.4,13.5,112,47.0,MEDIUM
Odisha,Railway Dedicated Freight,Section 11 (Preliminary Notification),95.8,113,62,151,2,2,46.4,2,2,1,391.6,3.71,188,79.0,HIGH
Rajasthan,Highway Expansion,R&R Scheme Implementation,282.1,334,185,14,2,0,95.5,5,4,2,1153.1,9.61,90,37.8,MEDIUM
Andhra Pradesh,Highway Expansion,Section 30 (Physical Possession Taken),15.5,20,11,1,2,1,65.6,6,9,2,63.4,1.5,121,50.8,MEDIUM
Maharashtra,Railway Dedicated Freight,Section 19 (Declaration of Acquisition),152.9,181,100,35,4,0,60.1,9,7,1,625.0,5.49,151,63.4,HIGH
Madhya Pradesh,Metro Rail Corridor,Section 30 (Physical Possession Taken),248.4,294,163,55,2,0,52.9,6,2,0,1015.3,7.7,105,44.1,MEDIUM
Bihar,Highway Expansion,Section 30 (Physical Possession Taken),30.0,35,19,70,2,2,47.2,8,6,2,122.6,1.69,193,81.1,HIGH
Maharashtra,Highway Expansion,Section 23 (Award Enquiry & Valuation),25.1,29,16,10,1,2,43.3,7,4,1,102.6,1.82,124,52.1,MEDIUM
Uttar Pradesh,Railway Dedicated Freight,Section 23 (Award Enquiry & Valuation),70.3,83,46,14,2,1,15.0,1,8,3,287.4,2.69,142,59.6,MEDIUM
Madhya Pradesh,Highway Expansion,Section 19 (Declaration of Acquisition),286.3,339,188,32,1,1,53.6,2,8,0,1170.2,9.3,106,44.5,MEDIUM
Madhya Pradesh,Highway Expansion,Section 23 (Award Enquiry & Valuation),93.2,110,61,18,3,2,85.7,4,1,0,381.0,3.52,113,47.5,MEDIUM
Gujarat,Port Connectivity Highway,Section 23 (Award Enquiry & Valuation),90.0,106,58,89,1,0,37.4,1,8,0,367.9,3.37,126,52.9,MEDIUM
Andhra Pradesh,Metro Rail Corridor,Section 23 (Award Enquiry & Valuation),30.2,35,19,29,4,0,86.5,8,7,5,123.4,1.72,150,63.0,HIGH
Andhra Pradesh,Metro Rail Corridor,Section 30 (Physical Possession Taken),15.1,20,11,72,1,2,76.3,4,1,0,61.7,1.74,118,49.6,MEDIUM
Madhya Pradesh,Railway Dedicated Freight,Section 19 (Declaration of Acquisition),181.1,214,118,39,1,0,16.9,7,3,2,740.2,6.25,118,49.6,MEDIUM
Gujarat,Railway Dedicated Freight,Section 30 (Physical Possession Taken),24.2,28,15,67,3,3,14.6,7,5,1,98.9,1.51,237,99.0,HIGH
Bihar,Railway Dedicated Freight,R&R Scheme Implementation,115.5,136,75,18,1,2,22.8,8,3,2,472.1,4.46,137,57.5,MEDIUM
Madhya Pradesh,Metro Rail Corridor,Section 30 (Physical Possession Taken),261.1,309,171,80,2,1,80.6,9,3,1,1067.2,8.64,138,58.0,MEDIUM
Tamil Nadu,Industrial Park,R&R Scheme Implementation,38.4,45,25,14,3,1,73.0,9,1,2,157.0,2.02,125,52.5,MEDIUM
Odisha,Highway Expansion,Section 11 (Preliminary Notification),124.4,147,81,36,8,2,39.2,7,8,1,508.5,4.75,247,99.0,HIGH
Odisha,Railway Dedicated Freight,Section 11 (Preliminary Notification),23.2,27,15,11,1,0,83.0,9,9,3,94.8,1.86,99,41.6,MEDIUM
Maharashtra,Railway Dedicated Freight,R&R Scheme Implementation,107.6,127,70,29,3,3,74.4,5,5,2,439.8,4.25,158,66.4,HIGH
Uttar Pradesh,Solar Energy Park,R&R Scheme Implementation,32.9,38,21,17,1,2,61.3,4,1,0,134.5,1.81,87,36.5,MEDIUM
Odisha,Metro Rail Corridor,Section 30 (Physical Possession Taken),148.2,175,97,14,3,1,81.7,3,1,4,605.8,5.0,104,43.7,MEDIUM
Karnataka,Railway Dedicated Freight,R&R Scheme Implementation,50.8,60,33,153,3,1,35.1,6,9,1,207.6,2.11,223,93.7,HIGH
Maharashtra,Highway Expansion,Section 19 (Declaration of Acquisition),77.2,91,50,8,1,0,63.9,9,1,7,315.6,3.08,100,42.0,MEDIUM
Odisha,Metro Rail Corridor,Section 11 (Preliminary Notification),106.5,126,70,70,4,0,15.7,4,9,0,435.3,3.97,162,68.0,HIGH
Uttar Pradesh,Highway Expansion,Section 11 (Preliminary Notification),33.8,40,22,187,4,2,64.9,2,3,3,138.2,1.91,248,99.0,HIGH
Andhra Pradesh,Railway Dedicated Freight,R&R Scheme Implementation,150.3,178,98,1,0,2,68.2,3,3,2,614.3,5.29,78,32.8,MEDIUM
Andhra Pradesh,Highway Expansion,Section 23 (Award Enquiry & Valuation),51.0,60,33,54,4,2,29.9,3,4,5,208.5,2.81,201,84.4,HIGH
Bihar,Metro Rail Corridor,Section 23 (Award Enquiry & Valuation),123.6,146,81,13,0,1,58.5,2,5,0,505.2,4.47,75,31.5,MEDIUM
Madhya Pradesh,Highway Expansion,R&R Scheme Implementation,32.2,38,21,2,0,2,66.5,9,6,3,131.6,1.91,123,51.7,MEDIUM
Tamil Nadu,Railway Dedicated Freight,Section 19 (Declaration of Acquisition),131.5,155,86,23,1,0,77.4,4,6,1,537.5,4.4,74,31.1,LOW
Andhra Pradesh,Solar Energy Park,Section 23 (Award Enquiry & Valuation),28.7,34,18,123,2,2,59.1,3,9,1,117.3,2.27,204,85.7,HIGH
Gujarat,Highway Expansion,R&R Scheme Implementation,70.4,83,46,1,3,1,68.6,6,1,0,287.8,2.75,110,46.2,MEDIUM
Odisha,Railway Dedicated Freight,Section 19 (Declaration of Acquisition),43.4,51,28,40,2,2,31.9,8,9,1,177.4,2.1,175,73.5,HIGH
Gujarat,Railway Dedicated Freight,Section 19 (Declaration of Acquisition),153.0,181,100,31,3,3,52.5,8,4,2,625.4,5.52,192,80.6,HIGH
Uttar Pradesh,Highway Expansion,Section 30 (Physical Possession Taken),45.4,53,29,93,3,2,11.6,6,7,0,185.6,2.35,207,86.9,HIGH
Andhra Pradesh,Industrial Park,Section 19 (Declaration of Acquisition),228.5,270,150,4,0,3,37.9,5,6,1,934.0,7.87,139,58.4,MEDIUM
Tamil Nadu,Highway Expansion,Section 23 (Award Enquiry & Valuation),237.4,281,156,51,1,3,44.3,7,9,2,970.4,7.94,184,77.3,HIGH
Uttar Pradesh,Railway Dedicated Freight,Section 23 (Award Enquiry & Valuation),36.9,43,23,51,1,2,75.0,3,2,1,150.8,2.04,106,44.5,MEDIUM
Karnataka,Metro Rail Corridor,R&R Scheme Implementation,110.2,130,72,50,1,3,87.8,2,2,1,450.4,4.36,130,54.6,MEDIUM
Karnataka,Metro Rail Corridor,R&R Scheme Implementation,24.2,28,15,128,2,2,58.2,8,7,1,98.9,1.92,218,91.6,HIGH
Gujarat,Metro Rail Corridor,Section 19 (Declaration of Acquisition),64.7,76,42,78,4,2,27.4,9,9,2,264.5,2.72,237,99.0,HIGH
Madhya Pradesh,Highway Expansion,Section 11 (Preliminary Notification),139.9,165,91,2,3,0,78.0,6,5,0,571.8,5.2,93,39.1,MEDIUM
Maharashtra,Highway Expansion,Section 30 (Physical Possession Taken),122.7,145,80,29,5,0,16.1,4,7,4,501.5,4.47,179,75.2,HIGH
Madhya Pradesh,Industrial Park,Section 11 (Preliminary Notification),113.0,133,73,23,0,2,57.4,6,8,0,461.9,4.21,106,44.5,MEDIUM
Bihar,Railway Dedicated Freight,Section 19 (Declaration of Acquisition),48.2,57,31,17,3,1,37.6,7,8,2,197.0,2.41,163,68.5,HIGH
Madhya Pradesh,Industrial Park,Section 19 (Declaration of Acquisition),62.5,74,41,27,1,2,66.5,8,4,3,255.5,2.71,134,56.3,MEDIUM
Bihar,Industrial Park,Section 11 (Preliminary Notification),25.9,30,16,22,2,1,17.7,3,7,2,105.9,1.65,135,56.7,MEDIUM
Bihar,Industrial Park,Section 30 (Physical Possession Taken),141.9,168,93,25,1,1,59.3,6,1,2,580.0,5.26,108,45.4,MEDIUM
Tamil Nadu,Railway Dedicated Freight,Section 11 (Preliminary Notification),85.1,100,55,174,1,2,63.7,6,4,2,347.8,3.13,200,84.0,HIGH
Andhra Pradesh,Railway Dedicated Freight,R&R Scheme Implementation,138.4,163,90,4,3,3,60.8,7,5,1,565.7,4.75,164,68.9,HIGH
Tamil Nadu,Industrial Park,Section 23 (Award Enquiry & Valuation),43.6,51,28,115,2,0,72.7,4,7,1,178.2,2.38,158,66.4,HIGH
Bihar,Railway Dedicated Freight,R&R Scheme Implementation,54.2,64,35,29,3,2,58.9,6,6,2,221.5,2.54,164,68.9,HIGH
Uttar Pradesh,Highway Expansion,Section 23 (Award Enquiry & Valuation),55.7,66,36,44,3,2,29.1,2,4,0,227.7,2.79,151,63.4,HIGH
Karnataka,Solar Energy Park,Section 19 (Declaration of Acquisition),17.6,20,11,80,1,1,62.2,8,3,1,71.9,1.57,138,58.0,MEDIUM
Bihar,Solar Energy Park,Section 30 (Physical Possession Taken),56.7,67,37,20,4,1,51.2,3,6,2,231.8,2.36,154,64.7,HIGH
Tamil Nadu,Railway Dedicated Freight,Section 11 (Preliminary Notification),177.6,210,116,25,3,0,68.4,9,5,0,725.9,6.09,126,52.9,MEDIUM
Uttar Pradesh,Highway Expansion,Section 30 (Physical Possession Taken),242.6,287,159,24,3,0,60.0,8,3,0,991.6,8.05,126,52.9,MEDIUM
Tamil Nadu,Railway Dedicated Freight,Section 11 (Preliminary Notification),88.0,104,57,21,3,1,72.2,6,4,0,359.7,3.56,116,48.7,MEDIUM
Madhya Pradesh,Industrial Park,R&R Scheme Implementation,75.8,89,49,117,6,0,57.5,2,2,2,309.8,3.07,193,81.1,HIGH
Odisha,Solar Energy Park,R&R Scheme Implementation,18.1,21,11,79,3,1,70.7,8,9,0,74.0,1.5,168,70.6,HIGH
Gujarat,Highway Expansion,Section 11 (Preliminary Notification),226.4,268,148,5,4,2,41.8,6,7,1,925.4,7.37,178,74.8,HIGH
Maharashtra,Highway Expansion,Section 30 (Physical Possession Taken),16.3,20,11,5,5,2,56.8,1,3,1,66.6,1.5,150,63.0,HIGH
Tamil Nadu,Solar Energy Park,Section 11 (Preliminary Notification),304.6,360,200,25,1,2,45.6,6,8,0,1245.0,9.42,138,58.0,MEDIUM
Maharashtra,Railway Dedicated Freight,Section 19 (Declaration of Acquisition),82.2,97,53,5,4,1,24.0,5,8,2,336.0,3.43,164,68.9,HIGH
Rajasthan,Railway Dedicated Freight,R&R Scheme Implementation,56.8,67,37,43,0,2,74.7,6,1,1,232.2,2.45,96,40.3,MEDIUM
Tamil Nadu,Port Connectivity Highway,Section 19 (Declaration of Acquisition),273.0,323,179,7,1,2,81.6,1,5,2,1115.9,8.93,97,40.7,MEDIUM
Odisha,Highway Expansion,R&R Scheme Implementation,17.5,20,11,33,3,1,73.0,4,5,1,71.5,1.5,120,50.4,MEDIUM
Maharashtra,Metro Rail Corridor,R&R Scheme Implementation,102.1,120,66,0,2,3,52.9,7,3,4,417.3,3.66,155,65.1,HIGH
Bihar,Highway Expansion,Section 23 (Award Enquiry & Valuation),94.6,112,62,17,3,2,58.1,5,2,3,386.7,3.63,145,60.9,MEDIUM
Tamil Nadu,Railway Dedicated Freight,Section 19 (Declaration of Acquisition),39.8,47,26,51,7,2,94.5,6,1,3,162.7,2.56,190,79.8,HIGH
Andhra Pradesh,Industrial Park,Section 19 (Declaration of Acquisition),71.0,84,46,30,5,2,55.7,2,4,4,290.2,3.01,176,73.9,HIGH
Gujarat,Railway Dedicated Freight,Section 23 (Award Enquiry & Valuation),120.6,142,78,172,3,0,81.0,8,2,0,493.0,4.58,173,72.7,HIGH
Odisha,Port Connectivity Highway,Section 30 (Physical Possession Taken),144.9,171,95,93,3,1,59.1,4,5,1,592.3,5.18,180,75.6,HIGH
Maharashtra,Metro Rail Corridor,Section 19 (Declaration of Acquisition),15.1,20,11,20,3,0,31.8,6,2,2,61.7,1.5,114,47.9,MEDIUM
Odisha,Railway Dedicated Freight,Section 11 (Preliminary Notification),291.2,345,191,2,1,0,54.2,3,1,4,1190.3,9.62,69,29.0,LOW
Uttar Pradesh,Highway Expansion,Section 23 (Award Enquiry & Valuation),33.0,39,21,84,4,0,62.2,9,9,1,134.9,1.89,181,76.0,HIGH
Gujarat,Railway Dedicated Freight,Section 19 (Declaration of Acquisition),41.6,49,27,109,5,3,62.7,8,2,0,170.0,1.93,228,95.8,HIGH
Bihar,Railway Dedicated Freight,Section 30 (Physical Possession Taken),45.6,54,30,77,5,1,15.4,6,4,0,186.4,2.2,192,80.6,HIGH
Tamil Nadu,Highway Expansion,Section 19 (Declaration of Acquisition),18.9,22,12,6,1,3,42.5,9,3,1,77.3,1.5,148,62.2,HIGH
Tamil Nadu,Railway Dedicated Freight,R&R Scheme Implementation,28.1,33,18,278,1,2,46.1,9,1,1,114.9,1.95,254,99.0,HIGH
Tamil Nadu,Railway Dedicated Freight,Section 11 (Preliminary Notification),444.4,526,292,13,0,1,73.1,2,8,2,1816.5,13.58,93,39.1,MEDIUM
Gujarat,Industrial Park,Section 23 (Award Enquiry & Valuation),52.9,62,34,58,1,1,80.5,9,2,2,216.2,3.04,123,51.7,MEDIUM
Andhra Pradesh,Metro Rail Corridor,R&R Scheme Implementation,27.3,32,17,107,1,1,51.6,8,8,2,111.6,1.59,180,75.6,HIGH
Rajasthan,Industrial Park,Section 30 (Physical Possession Taken),26.3,31,17,12,0,3,67.5,2,1,0,107.5,1.87,93,39.1,MEDIUM
Karnataka,Highway Expansion,R&R Scheme Implementation,142.1,168,93,107,5,2,74.0,9,6,1,580.8,4.67,259,99.0,HIGH
Madhya Pradesh,Highway Expansion,R&R Scheme Implementation,207.8,246,136,17,1,0,18.2,5,4,1,849.4,6.92,101,42.4,MEDIUM
Maharashtra,Metro Rail Corridor,Section 30 (Physical Possession Taken),44.7,52,28,169,1,3,30.4,9,3,3,182.7,2.35,239,99.0,HIGH
Andhra Pradesh,Railway Dedicated Freight,R&R Scheme Implementation,17.1,20,11,15,2,2,75.1,3,1,3,69.9,1.5,124,52.1,MEDIUM
Bihar,Highway Expansion,Section 23 (Award Enquiry & Valuation),40.2,47,26,138,7,0,34.2,4,1,3,164.3,2.45,237,99.0,HIGH
Maharashtra,Industrial Park,Section 19 (Declaration of Acquisition),20.8,24,13,2,5,2,92.7,1,7,2,85.0,1.68,168,70.6,HIGH
Tamil Nadu,Industrial Park,R&R Scheme Implementation,25.9,30,16,56,4,2,50.6,5,6,2,105.9,1.68,191,80.2,HIGH
Odisha,Railway Dedicated Freight,Section 23 (Award Enquiry & Valuation),71.5,84,46,34,1,1,96.2,7,3,1,292.3,3.13,102,42.8,MEDIUM
Bihar,Highway Expansion,Section 19 (Declaration of Acquisition),41.1,48,26,29,4,2,43.8,7,2,2,168.0,2.06,174,73.1,HIGH
Maharashtra,Industrial Park,Section 19 (Declaration of Acquisition),87.6,103,57,11,1,0,80.9,6,3,1,358.1,3.76,86,36.1,MEDIUM
Tamil Nadu,Metro Rail Corridor,R&R Scheme Implementation,44.2,52,28,55,1,1,46.7,6,8,2,180.7,2.47,145,60.9,MEDIUM
Maharashtra,Industrial Park,Section 23 (Award Enquiry & Valuation),297.2,352,195,10,5,0,62.1,8,7,0,1214.8,9.58,170,71.4,HIGH
Odisha,Industrial Park,R&R Scheme Implementation,251.4,297,165,36,3,3,66.1,9,7,1,1027.6,8.32,196,82.3,HIGH
Tamil Nadu,Industrial Park,Section 30 (Physical Possession Taken),98.7,116,64,13,4,2,67.8,4,5,2,403.4,3.53,163,68.5,HIGH
Rajasthan,Railway Dedicated Freight,Section 19 (Declaration of Acquisition),58.8,69,38,140,5,0,76.1,4,3,1,240.3,2.98,201,84.4,HIGH
Andhra Pradesh,Highway Expansion,R&R Scheme Implementation,63.0,74,41,1,2,1,50.3,8,1,0,257.5,2.78,92,38.6,MEDIUM
Uttar Pradesh,Metro Rail Corridor,Section 19 (Declaration of Acquisition),68.1,80,44,10,2,0,60.7,5,1,1,278.4,3.15,84,35.3,MEDIUM
Madhya Pradesh,Metro Rail Corridor,Section 23 (Award Enquiry & Valuation),145.0,171,95,12,2,2,66.5,9,6,1,592.7,5.3,141,59.2,MEDIUM
Gujarat,Industrial Park,Section 11 (Preliminary Notification),75.1,88,48,24,2,0,55.2,6,4,2,307.0,3.35,108,45.4,MEDIUM
Madhya Pradesh,Highway Expansion,R&R Scheme Implementation,209.3,248,137,12,6,2,54.8,9,7,1,855.5,6.78,209,87.8,HIGH
Bihar,Highway Expansion,R&R Scheme Implementation,303.4,359,199,30,2,3,83.8,4,1,0,1240.1,9.5,127,53.3,MEDIUM
Madhya Pradesh,Solar Energy Park,Section 19 (Declaration of Acquisition),55.9,66,36,93,1,2,74.7,1,6,1,228.5,3.05,149,62.6,HIGH
Tamil Nadu,Industrial Park,Section 23 (Award Enquiry & Valuation),97.3,115,63,56,1,1,39.8,4,7,3,397.7,3.48,141,59.2,MEDIUM
Rajasthan,Solar Energy Park,Section 30 (Physical Possession Taken),25.0,29,16,39,3,1,30.8,9,1,0,102.2,1.5,146,61.3,HIGH
Uttar Pradesh,Industrial Park,Section 23 (Award Enquiry & Valuation),37.4,44,24,4,4,1,31.0,7,2,6,152.9,2.08,149,62.6,HIGH
Andhra Pradesh,Metro Rail Corridor,R&R Scheme Implementation,68.4,81,45,53,1,2,86.6,6,9,2,279.6,2.97,158,66.4,HIGH
Andhra Pradesh,Metro Rail Corridor,Section 30 (Physical Possession Taken),38.1,45,25,8,6,2,87.0,2,9,1,155.7,1.98,191,80.2,HIGH
Odisha,Solar Energy Park,Section 23 (Award Enquiry & Valuation),224.2,265,147,69,2,1,33.3,4,6,0,916.4,7.54,152,63.8,HIGH
Gujarat,Metro Rail Corridor,Section 11 (Preliminary Notification),32.2,38,21,13,3,1,51.2,1,4,0,131.6,2.1,95,39.9,MEDIUM
Maharashtra,Metro Rail Corridor,Section 19 (Declaration of Acquisition),75.8,89,49,24,5,3,63.3,3,7,3,309.8,3.16,212,89.0,HIGH
Rajasthan,Highway Expansion,Section 23 (Award Enquiry & Valuation),108.1,128,71,19,0,0,52.9,2,5,1,441.9,4.04,57,23.9,LOW
Maharashtra,Railway Dedicated Freight,Section 23 (Award Enquiry & Valuation),132.7,157,87,88,5,1,65.2,4,3,2,542.4,4.79,188,79.0,HIGH
Uttar Pradesh,Industrial Park,Section 11 (Preliminary Notification),63.3,75,41,6,4,2,53.3,4,4,2,258.7,2.71,161,67.6,HIGH
Madhya Pradesh,Highway Expansion,R&R Scheme Implementation,218.3,258,143,38,2,0,44.1,9,2,2,892.3,6.91,125,52.5,MEDIUM
Andhra Pradesh,Highway Expansion,Section 19 (Declaration of Acquisition),99.0,117,65,7,3,2,37.6,7,6,0,404.7,3.89,165,69.3,HIGH
Uttar Pradesh,Railway Dedicated Freight,Section 23 (Award Enquiry & Valuation),72.9,86,47,55,2,2,66.9,3,3,1,298.0,3.24,137,57.5,MEDIUM
Madhya Pradesh,Highway Expansion,Section 30 (Physical Possession Taken),22.0,26,14,106,3,2,64.2,7,7,1,89.9,1.6,209,87.8,HIGH
Andhra Pradesh,Highway Expansion,Section 23 (Award Enquiry & Valuation),77.5,91,50,26,5,0,32.2,8,4,0,316.8,2.76,162,68.0,HIGH
Madhya Pradesh,Railway Dedicated Freight,Section 19 (Declaration of Acquisition),186.9,221,122,30,1,1,28.2,7,8,0,764.0,6.23,135,56.7,MEDIUM
Gujarat,Solar Energy Park,Section 23 (Award Enquiry & Valuation),110.3,130,72,118,3,1,58.3,8,1,2,450.8,4.34,178,74.8,HIGH
Rajasthan,Railway Dedicated Freight,Section 11 (Preliminary Notification),193.5,229,127,33,2,1,72.6,9,9,4,790.9,6.25,165,69.3,HIGH
Bihar,Highway Expansion,Section 23 (Award Enquiry & Valuation),83.1,98,54,30,3,3,50.3,1,3,6,339.7,3.52,171,71.8,HIGH
Uttar Pradesh,Highway Expansion,Section 23 (Award Enquiry & Valuation),27.6,32,17,39,2,2,60.8,6,3,1,112.8,1.7,139,58.4,MEDIUM
Uttar Pradesh,Metro Rail Corridor,Section 30 (Physical Possession Taken),16.4,20,11,53,3,1,43.3,4,5,4,67.0,1.5,156,65.5,HIGH
Karnataka,Railway Dedicated Freight,Section 11 (Preliminary Notification),51.1,60,33,5,2,3,51.9,1,1,1,208.9,2.33,114,47.9,MEDIUM
Tamil Nadu,Industrial Park,Section 11 (Preliminary Notification),134.7,159,88,77,3,2,62.2,2,3,0,550.6,4.63,152,63.8,HIGH
Gujarat,Metro Rail Corridor,Section 23 (Award Enquiry & Valuation),171.2,202,112,26,2,1,32.7,4,4,2,699.8,6.19,122,51.2,MEDIUM
Gujarat,Industrial Park,Section 30 (Physical Possession Taken),50.1,59,32,3,1,1,72.0,1,2,1,204.8,2.6,71,29.8,LOW
Maharashtra,Highway Expansion,Section 23 (Award Enquiry & Valuation),83.4,98,54,69,2,1,51.9,6,6,2,340.9,3.52,167,70.1,HIGH
Madhya Pradesh,Metro Rail Corridor,Section 23 (Award Enquiry & Valuation),69.7,82,45,21,0,3,92.3,1,4,1,284.9,3.18,104,43.7,MEDIUM
Tamil Nadu,Highway Expansion,Section 19 (Declaration of Acquisition),67.9,80,44,5,5,1,39.6,9,1,1,277.5,3.04,154,64.7,HIGH
Rajasthan,Solar Energy Park,Section 19 (Declaration of Acquisition),41.3,48,26,45,5,3,79.0,3,3,1,168.8,2.37,181,76.0,HIGH
Rajasthan,Metro Rail Corridor,Section 30 (Physical Possession Taken),29.7,35,19,95,4,1,98.4,1,7,2,121.4,1.72,175,73.5,HIGH
Gujarat,Railway Dedicated Freight,R&R Scheme Implementation,36.9,43,23,98,2,2,70.2,6,3,0,150.8,2.33,164,68.9,HIGH
Rajasthan,Highway Expansion,Section 19 (Declaration of Acquisition),20.7,24,13,142,4,0,45.6,6,6,2,84.6,1.85,213,89.5,HIGH
Karnataka,Highway Expansion,R&R Scheme Implementation,37.1,43,23,91,3,3,62.4,7,6,2,151.6,2.14,199,83.6,HIGH
Uttar Pradesh,Metro Rail Corridor,Section 11 (Preliminary Notification),15.9,20,11,0,0,3,92.7,7,1,0,65.0,1.5,90,37.8,MEDIUM
Odisha,Highway Expansion,Section 19 (Declaration of Acquisition),113.7,134,74,22,0,1,80.6,4,2,2,464.7,4.01,75,31.5,MEDIUM
Bihar,Metro Rail Corridor,Section 19 (Declaration of Acquisition),53.0,62,34,77,1,2,33.1,5,6,1,216.6,2.56,167,70.1,HIGH
Maharashtra,Highway Expansion,Section 30 (Physical Possession Taken),376.7,446,247,21,3,2,40.7,3,2,1,1539.8,12.12,145,60.9,MEDIUM
Madhya Pradesh,Metro Rail Corridor,R&R Scheme Implementation,36.5,43,23,41,3,3,85.8,6,2,3,149.2,1.81,172,72.2,HIGH
Bihar,Industrial Park,Section 19 (Declaration of Acquisition),57.4,68,37,42,3,1,18.3,7,4,2,234.6,2.85,163,68.5,HIGH
Madhya Pradesh,Industrial Park,Section 19 (Declaration of Acquisition),59.3,70,38,20,3,1,55.3,9,8,1,242.4,2.6,155,65.1,HIGH
Andhra Pradesh,Industrial Park,Section 30 (Physical Possession Taken),15.8,20,11,106,4,2,87.9,9,6,1,64.6,1.5,205,86.1,HIGH
Bihar,Highway Expansion,Section 30 (Physical Possession Taken),197.8,234,130,31,1,2,75.6,5,8,2,808.5,6.42,148,62.2,HIGH
Odisha,Highway Expansion,R&R Scheme Implementation,18.3,21,11,28,3,1,88.8,4,4,0,74.8,1.5,117,49.1,MEDIUM
Gujarat,Metro Rail Corridor,Section 11 (Preliminary Notification),296.6,351,195,270,6,2,70.1,7,3,3,1212.3,9.62,325,99.0,HIGH
Karnataka,Railway Dedicated Freight,Section 11 (Preliminary Notification),237.6,281,156,31,1,0,54.6,3,7,1,971.2,7.95,99,41.6,MEDIUM
Uttar Pradesh,Railway Dedicated Freight,Section 23 (Award Enquiry & Valuation),91.7,108,60,9,3,2,70.1,4,7,2,374.8,3.67,149,62.6,HIGH
Uttar Pradesh,Highway Expansion,Section 19 (Declaration of Acquisition),93.4,110,61,32,5,1,52.0,9,2,1,381.8,3.57,164,68.9,HIGH
Karnataka,Highway Expansion,R&R Scheme Implementation,121.1,143,79,76,2,1,69.5,5,1,0,495.0,4.24,123,51.7,MEDIUM
Tamil Nadu,Highway Expansion,Section 19 (Declaration of Acquisition),63.9,75,41,67,4,1,66.8,7,8,2,261.2,2.84,197,82.7,HIGH
Andhra Pradesh,Solar Energy Park,R&R Scheme Implementation,119.2,141,78,70,1,1,12.7,2,3,2,487.2,4.34,146,61.3,HIGH
Madhya Pradesh,Highway Expansion,R&R Scheme Implementation,19.6,23,12,55,1,1,40.8,9,6,1,80.1,1.6,165,69.3,HIGH
Odisha,Metro Rail Corridor,R&R Scheme Implementation,20.6,24,13,13,0,1,20.8,5,7,0,84.2,1.53,106,44.5,MEDIUM
Rajasthan,Highway Expansion,Section 19 (Declaration of Acquisition),76.1,90,50,89,1,1,74.9,5,8,1,311.1,3.12,143,60.1,MEDIUM
Bihar,Metro Rail Corridor,Section 30 (Physical Possession Taken),94.8,112,62,101,3,0,85.4,4,6,0,387.5,3.74,145,60.9,MEDIUM
Andhra Pradesh,Railway Dedicated Freight,Section 19 (Declaration of Acquisition),233.8,277,153,10,3,2,35.5,8,7,2,955.7,7.76,175,73.5,HIGH
Bihar,Solar Energy Park,R&R Scheme Implementation,26.1,30,16,6,3,1,13.1,4,5,3,106.7,1.99,146,61.3,HIGH
Odisha,Solar Energy Park,Section 23 (Award Enquiry & Valuation),188.0,222,123,167,2,1,74.3,2,3,0,768.4,6.31,160,67.2,HIGH
Maharashtra,Railway Dedicated Freight,Section 11 (Preliminary Notification),38.6,45,25,91,1,2,53.4,5,2,1,157.8,2.21,123,51.7,MEDIUM
Maharashtra,Solar Energy Park,R&R Scheme Implementation,65.1,77,42,101,3,3,85.9,3,7,0,266.1,3.22,201,84.4,HIGH
Andhra Pradesh,Port Connectivity Highway,Section 23 (Award Enquiry & Valuation),53.1,62,34,98,1,2,41.4,4,8,1,217.0,2.63,167,70.1,HIGH
Gujarat,Industrial Park,Section 30 (Physical Possession Taken),66.1,78,43,35,1,0,65.0,3,8,4,270.2,3.12,104,43.7,MEDIUM
Odisha,Industrial Park,R&R Scheme Implementation,31.3,37,20,47,2,2,40.8,7,3,2,127.9,1.77,163,68.5,HIGH
Odisha,Highway Expansion,Section 23 (Award Enquiry & Valuation),85.0,100,55,35,4,4,95.4,6,2,5,347.4,3.29,199,83.6,HIGH
Karnataka,Metro Rail Corridor,R&R Scheme Implementation,176.8,209,116,2,0,1,88.8,2,9,0,722.7,6.03,84,35.3,MEDIUM
Gujarat,Highway Expansion,Section 19 (Declaration of Acquisition),73.3,86,47,62,2,3,81.7,8,6,0,299.6,3.09,162,68.0,HIGH
Madhya Pradesh,Highway Expansion,Section 23 (Award Enquiry & Valuation),82.5,97,53,32,1,1,56.7,5,3,0,337.2,3.57,115,48.3,MEDIUM
Madhya Pradesh,Port Connectivity Highway,Section 19 (Declaration of Acquisition),203.9,241,133,47,2,1,69.2,6,5,2,833.4,6.69,146,61.3,HIGH
Rajasthan,Railway Dedicated Freight,Section 19 (Declaration of Acquisition),137.4,162,90,31,3,1,17.0,8,1,1,561.6,4.91,156,65.5,HIGH
Uttar Pradesh,Industrial Park,Section 23 (Award Enquiry & Valuation),82.4,97,53,30,5,2,44.9,7,2,3,336.8,3.57,204,85.7,HIGH
Maharashtra,Industrial Park,Section 11 (Preliminary Notification),44.8,53,29,8,2,1,51.2,3,9,2,183.1,2.32,131,55.0,MEDIUM
Madhya Pradesh,Solar Energy Park,Section 23 (Award Enquiry & Valuation),231.2,273,151,15,4,0,77.3,2,3,1,945.0,7.61,84,35.3,MEDIUM
Gujarat,Port Connectivity Highway,Section 11 (Preliminary Notification),101.0,119,66,8,5,0,74.5,3,8,1,412.8,3.94,137,57.5,MEDIUM
Odisha,Highway Expansion,R&R Scheme Implementation,40.0,47,26,10,2,1,76.4,8,8,2,163.5,1.92,118,49.6,MEDIUM
Madhya Pradesh,Highway Expansion,R&R Scheme Implementation,46.4,54,30,162,3,1,62.5,4,5,1,189.7,2.1,200,84.0,HIGH
Odisha,Railway Dedicated Freight,Section 23 (Award Enquiry & Valuation),177.5,210,116,7,2,1,67.9,8,8,2,725.5,5.76,131,55.0,MEDIUM
Madhya Pradesh,Highway Expansion,R&R Scheme Implementation,19.5,23,12,14,4,1,64.3,4,2,1,79.7,1.6,116,48.7,MEDIUM
Maharashtra,Highway Expansion,Section 30 (Physical Possession Taken),499.0,591,328,40,4,3,70.7,7,2,2,2039.7,15.46,193,81.1,HIGH
Bihar,Railway Dedicated Freight,Section 19 (Declaration of Acquisition),29.0,34,18,42,2,1,49.0,6,4,1,118.5,1.98,131,55.0,MEDIUM
Madhya Pradesh,Industrial Park,Section 19 (Declaration of Acquisition),174.0,206,114,8,2,1,52.1,1,8,3,711.2,6.21,125,52.5,MEDIUM
Gujarat,Metro Rail Corridor,Section 11 (Preliminary Notification),65.2,77,42,71,6,0,61.7,8,2,2,266.5,3.16,184,77.3,HIGH
Madhya Pradesh,Railway Dedicated Freight,R&R Scheme Implementation,82.8,98,54,69,0,1,19.5,6,4,2,338.4,3.4,138,58.0,MEDIUM
Uttar Pradesh,Metro Rail Corridor,Section 11 (Preliminary Notification),227.6,269,149,12,1,0,69.9,2,8,4,930.3,7.5,85,35.7,MEDIUM
Maharashtra,Highway Expansion,Section 19 (Declaration of Acquisition),68.3,80,44,15,5,1,82.2,5,3,1,279.2,3.25,128,53.8,MEDIUM
Gujarat,Highway Expansion,Section 19 (Declaration of Acquisition),92.1,109,60,125,3,2,51.8,2,8,4,376.5,3.5,226,94.9,HIGH
Karnataka,Industrial Park,R&R Scheme Implementation,20.1,23,12,79,0,1,75.4,7,2,0,82.2,1.5,95,39.9,MEDIUM
Gujarat,Metro Rail Corridor,Section 30 (Physical Possession Taken),15.2,20,11,54,1,1,82.0,6,1,3,62.1,1.5,119,50.0,MEDIUM
Uttar Pradesh,Industrial Park,Section 30 (Physical Possession Taken),43.1,51,28,4,2,0,28.5,7,6,0,176.2,2.14,98,41.2,MEDIUM
Bihar,Highway Expansion,R&R Scheme Implementation,129.1,152,84,24,2,2,43.5,6,8,3,527.7,4.7,188,79.0,HIGH
Maharashtra,Industrial Park,R&R Scheme Implementation,27.9,33,18,37,2,2,40.2,1,9,4,114.0,1.63,173,72.7,HIGH
Karnataka,Metro Rail Corridor,Section 11 (Preliminary Notification),27.1,32,17,9,2,0,47.5,3,8,0,110.8,1.85,99,41.6,MEDIUM
Uttar Pradesh,Metro Rail Corridor,R&R Scheme Implementation,67.9,80,44,27,2,1,77.3,2,2,3,277.5,2.83,96,40.3,MEDIUM
Uttar Pradesh,Metro Rail Corridor,Section 30 (Physical Possession Taken),119.4,141,78,41,4,3,83.4,1,1,2,488.0,4.66,162,68.0,HIGH
Andhra Pradesh,Solar Energy Park,R&R Scheme Implementation,139.5,165,91,18,2,1,36.7,1,7,0,570.2,4.75,114,47.9,MEDIUM
Maharashtra,Metro Rail Corridor,Section 11 (Preliminary Notification),34.7,41,22,68,1,1,48.0,4,7,3,141.8,1.96,151,63.4,HIGH
Gujarat,Metro Rail Corridor,Section 11 (Preliminary Notification),23.3,27,15,83,1,1,21.3,1,3,2,95.2,1.6,145,60.9,MEDIUM
Odisha,Port Connectivity Highway,Section 11 (Preliminary Notification),297.0,351,195,18,2,2,91.0,2,6,0,1214.0,9.54,114,47.9,MEDIUM
Bihar,Industrial Park,Section 11 (Preliminary Notification),45.2,53,29,82,2,3,91.9,1,7,3,184.8,2.48,187,78.5,HIGH
Odisha,Railway Dedicated Freight,Section 23 (Award Enquiry & Valuation),207.0,245,136,5,3,4,52.7,6,9,1,846.1,6.98,203,85.3,HIGH
Gujarat,Industrial Park,R&R Scheme Implementation,214.1,253,140,82,2,2,24.7,4,1,2,875.1,7.1,162,68.0,HIGH
Gujarat,Railway Dedicated Freight,Section 19 (Declaration of Acquisition),163.1,193,107,7,1,1,46.8,8,3,2,666.7,5.81,91,38.2,MEDIUM
Maharashtra,Highway Expansion,R&R Scheme Implementation,33.5,39,21,4,5,1,19.9,5,5,1,136.9,2.13,169,71.0,HIGH
Gujarat,Metro Rail Corridor,Section 23 (Award Enquiry & Valuation),187.5,222,123,46,3,1,60.5,5,3,2,766.4,6.42,143,60.1,MEDIUM
Andhra Pradesh,Solar Energy Park,Section 11 (Preliminary Notification),161.6,191,106,29,3,4,58.3,8,8,2,660.5,5.7,232,97.4,HIGH
Karnataka,Solar Energy Park,Section 23 (Award Enquiry & Valuation),105.8,125,69,107,4,2,76.4,6,6,3,432.5,4.16,219,92.0,HIGH
Gujarat,Railway Dedicated Freight,Section 30 (Physical Possession Taken),56.1,66,36,20,4,1,67.5,6,2,0,229.3,2.28,130,54.6,MEDIUM
Odisha,Railway Dedicated Freight,Section 30 (Physical Possession Taken),45.5,53,29,15,3,0,36.1,3,1,1,186.0,2.23,104,43.7,MEDIUM
Gujarat,Highway Expansion,R&R Scheme Implementation,28.0,33,18,31,2,1,39.7,6,5,1,114.4,1.88,138,58.0,MEDIUM
Andhra Pradesh,Port Connectivity Highway,R&R Scheme Implementation,86.3,102,56,27,4,3,35.9,7,9,2,352.7,3.41,229,96.2,HIGH
Madhya Pradesh,Port Connectivity Highway,Section 19 (Declaration of Acquisition),103.0,122,67,19,1,1,62.6,2,9,1,421.0,3.89,100,42.0,MEDIUM
Madhya Pradesh,Metro Rail Corridor,Section 19 (Declaration of Acquisition),59.5,70,38,53,1,1,67.8,3,1,1,243.2,2.78,86,36.1,MEDIUM
Uttar Pradesh,Industrial Park,Section 30 (Physical Possession Taken),79.5,94,52,64,1,0,69.5,6,3,4,325.0,3.35,112,47.0,MEDIUM
Bihar,Industrial Park,Section 11 (Preliminary Notification),60.2,71,39,86,3,1,85.8,9,6,2,246.1,2.82,159,66.8,HIGH
Rajasthan,Metro Rail Corridor,Section 23 (Award Enquiry & Valuation),117.4,139,77,162,4,3,57.0,9,5,1,479.9,4.2,272,99.0,HIGH
Karnataka,Highway Expansion,Section 19 (Declaration of Acquisition),246.5,292,162,14,6,4,57.8,8,4,2,1007.6,7.77,229,96.2,HIGH
Tamil Nadu,Railway Dedicated Freight,Section 19 (Declaration of Acquisition),32.9,38,21,57,3,3,84.3,8,2,4,134.5,2.1,191,80.2,HIGH
Uttar Pradesh,Metro Rail Corridor,Section 11 (Preliminary Notification),63.0,74,41,23,2,2,67.8,9,4,2,257.5,2.65,144,60.5,MEDIUM
Bihar,Metro Rail Corridor,Section 11 (Preliminary Notification),30.2,35,19,51,3,1,27.8,9,5,0,123.4,1.7,161,67.6,HIGH
Madhya Pradesh,Railway Dedicated Freight,R&R Scheme Implementation,113.1,134,74,29,5,2,19.9,9,2,0,462.3,4.06,205,86.1,HIGH
Odisha,Solar Energy Park,Section 23 (Award Enquiry & Valuation),145.5,172,95,229,2,1,80.5,5,1,1,594.7,5.39,206,86.5,HIGH
Tamil Nadu,Highway Expansion,Section 11 (Preliminary Notification),283.7,336,186,59,0,2,91.2,6,7,1,1159.6,9.16,132,55.4,MEDIUM
Bihar,Railway Dedicated Freight,Section 19 (Declaration of Acquisition),47.7,56,31,137,3,1,14.9,5,7,1,195.0,2.43,224,94.1,HIGH
Bihar,Metro Rail Corridor,Section 19 (Declaration of Acquisition),315.0,373,207,81,2,2,73.2,1,8,4,1287.6,10.15,180,75.6,HIGH
Uttar Pradesh,Metro Rail Corridor,Section 30 (Physical Possession Taken),21.5,25,13,105,2,0,82.7,4,6,2,87.9,1.61,129,54.2,MEDIUM
Tamil Nadu,Metro Rail Corridor,Section 11 (Preliminary Notification),107.4,127,70,76,5,1,82.7,1,1,0,439.0,4.28,155,65.1,HIGH
Maharashtra,Highway Expansion,R&R Scheme Implementation,20.9,24,13,28,3,2,28.1,1,8,1,85.4,1.5,173,72.7,HIGH
Rajasthan,Highway Expansion,Section 23 (Award Enquiry & Valuation),239.2,283,157,13,3,3,66.5,3,2,3,977.7,7.63,151,63.4,HIGH
Maharashtra,Metro Rail Corridor,R&R Scheme Implementation,90.5,107,59,21,0,1,77.6,7,3,1,369.9,3.36,81,34.0,MEDIUM
Tamil Nadu,Metro Rail Corridor,Section 19 (Declaration of Acquisition),125.7,148,82,1,2,0,31.2,1,8,1,513.8,4.68,108,45.4,MEDIUM
Maharashtra,Highway Expansion,R&R Scheme Implementation,193.1,228,126,33,1,3,17.7,7,4,1,789.3,6.63,164,68.9,HIGH
Andhra Pradesh,Industrial Park,Section 19 (Declaration of Acquisition),31.3,37,20,32,6,2,96.1,1,5,1,127.9,1.8,155,65.1,HIGH
Madhya Pradesh,Railway Dedicated Freight,Section 19 (Declaration of Acquisition),18.9,22,12,34,3,1,30.9,9,9,2,77.3,1.5,182,76.4,HIGH
Andhra Pradesh,Metro Rail Corridor,Section 19 (Declaration of Acquisition),226.1,267,148,164,2,2,20.7,5,7,1,924.2,7.72,240,99.0,HIGH
Gujarat,Industrial Park,Section 19 (Declaration of Acquisition),52.8,62,34,109,1,1,28.6,6,7,2,215.8,2.37,181,76.0,HIGH
Maharashtra,Highway Expansion,Section 19 (Declaration of Acquisition),28.8,34,18,8,2,1,50.8,9,1,0,117.7,1.88,116,48.7,MEDIUM
Gujarat,Highway Expansion,Section 30 (Physical Possession Taken),78.2,92,51,21,3,3,62.8,3,1,0,319.6,3.1,130,54.6,MEDIUM
Odisha,Industrial Park,R&R Scheme Implementation,106.2,125,69,25,5,0,47.9,3,8,3,434.1,4.26,157,65.9,HIGH
Karnataka,Metro Rail Corridor,Section 30 (Physical Possession Taken),18.1,21,11,20,1,0,20.1,5,1,2,74.0,1.64,82,34.4,MEDIUM
Odisha,Metro Rail Corridor,Section 30 (Physical Possession Taken),47.1,55,30,72,0,0,45.3,7,2,0,192.5,2.07,98,41.2,MEDIUM
Tamil Nadu,Industrial Park,Section 11 (Preliminary Notification),18.3,21,11,33,0,1,72.0,3,4,1,74.8,1.5,67,28.1,LOW
Bihar,Industrial Park,Section 11 (Preliminary Notification),69.5,82,45,38,5,0,54.4,4,9,2,284.1,2.57,176,73.9,HIGH
Madhya Pradesh,Port Connectivity Highway,Section 11 (Preliminary Notification),240.5,284,157,86,1,1,62.3,2,7,0,983.0,8.06,123,51.7,MEDIUM
Maharashtra,Railway Dedicated Freight,Section 23 (Award Enquiry & Valuation),420.4,498,276,74,3,0,71.7,9,7,2,1718.4,13.44,156,65.5,HIGH
Uttar Pradesh,Railway Dedicated Freight,Section 11 (Preliminary Notification),116.3,137,76,6,1,1,50.9,9,7,2,475.4,3.89,138,58.0,MEDIUM
Karnataka,Railway Dedicated Freight,R&R Scheme Implementation,32.6,38,21,56,5,1,58.1,2,5,2,133.3,1.65,184,77.3,HIGH
Rajasthan,Highway Expansion,Section 30 (Physical Possession Taken),251.3,297,165,26,5,0,52.5,5,1,3,1027.2,8.22,142,59.6,MEDIUM
Rajasthan,Metro Rail Corridor,R&R Scheme Implementation,87.6,103,57,16,0,2,43.2,1,5,1,358.1,3.5,88,37.0,MEDIUM
Rajasthan,Highway Expansion,Section 11 (Preliminary Notification),31.7,37,20,2,3,2,68.6,8,8,2,129.6,1.83,177,74.3,HIGH
Maharashtra,Solar Energy Park,Section 23 (Award Enquiry & Valuation),269.8,319,177,30,2,0,35.5,6,7,0,1102.8,8.37,119,50.0,MEDIUM
Rajasthan,Metro Rail Corridor,Section 23 (Award Enquiry & Valuation),156.7,185,102,20,3,2,43.0,2,7,1,640.5,5.55,156,65.5,HIGH
Andhra Pradesh,Metro Rail Corridor,Section 30 (Physical Possession Taken),146.6,173,96,13,3,4,80.2,2,2,3,599.2,5.37,167,70.1,HIGH
Karnataka,Railway Dedicated Freight,R&R Scheme Implementation,138.5,164,91,53,5,3,43.6,5,1,2,566.1,5.53,193,81.1,HIGH
Andhra Pradesh,Highway Expansion,Section 19 (Declaration of Acquisition),37.4,44,24,66,1,0,26.8,7,4,1,152.9,2.33,122,51.2,MEDIUM
Bihar,Highway Expansion,R&R Scheme Implementation,38.7,45,25,13,2,2,72.8,9,8,0,158.2,1.85,144,60.5,MEDIUM
Karnataka,Railway Dedicated Freight,Section 11 (Preliminary Notification),131.6,155,86,2,0,1,59.6,9,1,1,537.9,4.76,76,31.9,MEDIUM
Andhra Pradesh,Highway Expansion,Section 19 (Declaration of Acquisition),39.8,47,26,85,5,0,90.1,6,2,0,162.7,2.26,138,58.0,MEDIUM
Karnataka,Metro Rail Corridor,Section 23 (Award Enquiry & Valuation),72.7,86,47,0,5,1,61.5,2,7,0,297.2,2.94,142,59.6,MEDIUM
Bihar,Solar Energy Park,Section 30 (Physical Possession Taken),167.3,198,110,124,2,1,70.0,6,5,0,683.8,5.94,167,70.1,HIGH
Gujarat,Solar Energy Park,Section 30 (Physical Possession Taken),168.2,199,110,44,5,1,57.2,1,6,0,687.5,5.95,172,72.2,HIGH
Maharashtra,Metro Rail Corridor,Section 23 (Award Enquiry & Valuation),75.4,89,49,17,0,2,29.8,2,8,1,308.2,3.4,128,53.8,MEDIUM
Maharashtra,Highway Expansion,Section 11 (Preliminary Notification),172.1,203,112,13,3,2,86.4,3,9,1,703.5,6.08,140,58.8,MEDIUM
Rajasthan,Solar Energy Park,Section 23 (Award Enquiry & Valuation),197.4,233,129,0,4,1,52.5,5,8,1,806.9,6.71,147,61.7,HIGH
Odisha,Solar Energy Park,Section 11 (Preliminary Notification),121.4,143,79,12,6,1,72.2,1,1,1,496.2,4.35,141,59.2,MEDIUM
Rajasthan,Highway Expansion,Section 19 (Declaration of Acquisition),40.9,48,26,7,3,1,64.6,5,4,1,167.2,1.91,119,50.0,MEDIUM
Tamil Nadu,Industrial Park,Section 23 (Award Enquiry & Valuation),47.0,55,30,43,3,1,82.6,5,5,1,192.1,2.39,122,51.2,MEDIUM
Andhra Pradesh,Highway Expansion,Section 11 (Preliminary Notification),52.8,62,34,8,2,4,69.8,4,9,1,215.8,2.43,189,79.4,HIGH
Karnataka,Industrial Park,Section 19 (Declaration of Acquisition),27.4,32,17,34,4,2,85.2,3,6,4,112.0,1.72,163,68.5,HIGH
Odisha,Port Connectivity Highway,Section 23 (Award Enquiry & Valuation),46.9,55,30,40,0,3,65.1,7,6,2,191.7,2.57,168,70.6,HIGH
Bihar,Highway Expansion,Section 30 (Physical Possession Taken),38.5,45,25,16,3,2,66.1,7,3,2,157.4,2.38,150,63.0,HIGH
Tamil Nadu,Solar Energy Park,Section 23 (Award Enquiry & Valuation),75.8,89,49,2,2,1,30.8,1,2,3,309.8,2.92,99,41.6,MEDIUM
Bihar,Metro Rail Corridor,R&R Scheme Implementation,254.1,301,167,2,7,1,33.4,7,2,1,1038.6,8.23,164,68.9,HIGH
Maharashtra,Port Connectivity Highway,Section 23 (Award Enquiry & Valuation),26.0,30,16,1,3,1,55.8,3,7,2,106.3,1.66,134,56.3,MEDIUM
Maharashtra,Railway Dedicated Freight,R&R Scheme Implementation,142.4,168,93,60,2,1,35.3,3,5,1,582.1,5.14,130,54.6,MEDIUM
Rajasthan,Industrial Park,Section 19 (Declaration of Acquisition),131.2,155,86,17,3,2,79.0,6,1,1,536.3,4.3,128,53.8,MEDIUM
Andhra Pradesh,Highway Expansion,Section 23 (Award Enquiry & Valuation),25.1,29,16,72,4,1,45.4,6,5,3,102.6,1.5,208,87.4,HIGH
Odisha,Railway Dedicated Freight,Section 19 (Declaration of Acquisition),270.8,320,177,25,3,1,90.0,4,1,4,1106.9,8.72,106,44.5,MEDIUM
Madhya Pradesh,Highway Expansion,Section 19 (Declaration of Acquisition),99.0,117,65,27,1,2,51.1,5,9,1,404.7,3.99,150,63.0,HIGH
Tamil Nadu,Port Connectivity Highway,Section 11 (Preliminary Notification),60.2,71,39,32,0,2,62.9,3,8,1,246.1,2.74,110,46.2,MEDIUM
Tamil Nadu,Industrial Park,Section 19 (Declaration of Acquisition),156.3,185,102,56,8,1,26.0,3,4,2,638.9,5.61,239,99.0,HIGH
Rajasthan,Solar Energy Park,Section 19 (Declaration of Acquisition),44.8,53,29,14,1,2,70.0,9,1,2,183.1,2.32,115,48.3,MEDIUM
Maharashtra,Solar Energy Park,Section 23 (Award Enquiry & Valuation),133.3,157,87,6,5,0,50.3,5,8,1,544.9,5.07,149,62.6,HIGH
Rajasthan,Highway Expansion,Section 23 (Award Enquiry & Valuation),19.1,22,12,37,1,1,57.9,1,5,0,78.1,1.84,104,43.7,MEDIUM
Karnataka,Railway Dedicated Freight,Section 30 (Physical Possession Taken),197.9,234,130,18,3,0,29.0,9,1,0,808.9,6.51,122,51.2,MEDIUM
Odisha,Highway Expansion,Section 11 (Preliminary Notification),74.5,88,48,26,1,0,50.4,6,2,2,304.5,3.31,81,34.0,MEDIUM
Andhra Pradesh,Highway Expansion,Section 19 (Declaration of Acquisition),116.3,137,76,47,1,2,76.3,9,5,1,475.4,4.43,155,65.1,HIGH
Gujarat,Highway Expansion,Section 11 (Preliminary Notification),40.0,47,26,31,1,1,60.6,7,9,2,163.5,2.65,123,51.7,MEDIUM
Uttar Pradesh,Railway Dedicated Freight,R&R Scheme Implementation,128.0,151,83,44,1,2,25.0,7,8,1,523.2,4.5,170,71.4,HIGH
Uttar Pradesh,Highway Expansion,Section 19 (Declaration of Acquisition),162.9,193,107,35,1,3,65.2,5,8,5,665.9,5.64,169,71.0,HIGH
Rajasthan,Highway Expansion,Section 11 (Preliminary Notification),79.1,93,51,61,3,0,63.8,7,9,1,323.3,3.06,143,60.1,MEDIUM
Karnataka,Highway Expansion,Section 30 (Physical Possession Taken),111.2,131,72,55,2,2,42.5,4,2,3,454.5,3.99,147,61.7,HIGH
Odisha,Highway Expansion,Section 30 (Physical Possession Taken),75.9,89,49,34,9,1,66.1,6,7,1,310.2,3.25,230,96.6,HIGH
Madhya Pradesh,Port Connectivity Highway,Section 19 (Declaration of Acquisition),239.5,283,157,51,2,0,65.1,2,5,2,979.0,7.89,111,46.6,MEDIUM
Uttar Pradesh,Industrial Park,R&R Scheme Implementation,83.9,99,55,93,5,2,83.5,3,3,1,342.9,3.51,200,84.0,HIGH
Odisha,Port Connectivity Highway,Section 30 (Physical Possession Taken),199.4,236,131,25,3,2,47.7,2,8,5,815.0,6.81,190,79.8,HIGH
Andhra Pradesh,Railway Dedicated Freight,Section 30 (Physical Possession Taken),176.6,209,116,24,2,1,69.8,2,2,2,721.8,6.01,99,41.6,MEDIUM
Bihar,Highway Expansion,R&R Scheme Implementation,67.8,80,44,65,3,3,68.8,7,4,2,277.1,2.89,191,80.2,HIGH
Karnataka,Industrial Park,Section 11 (Preliminary Notification),41.1,48,26,39,3,1,35.3,5,5,4,168.0,1.98,175,73.5,HIGH
Maharashtra,Railway Dedicated Freight,Section 30 (Physical Possession Taken),67.1,79,43,3,3,4,75.2,6,5,1,274.3,2.78,166,69.7,HIGH
Odisha,Highway Expansion,Section 23 (Award Enquiry & Valuation),190.0,225,125,100,2,1,59.5,3,4,3,776.6,6.42,147,61.7,HIGH
Andhra Pradesh,Highway Expansion,Section 30 (Physical Possession Taken),40.8,48,26,1,5,0,21.0,5,3,4,166.8,2.21,162,68.0,HIGH
Madhya Pradesh,Highway Expansion,Section 11 (Preliminary Notification),89.3,105,58,62,3,1,24.1,5,3,1,365.0,3.7,172,72.2,HIGH
Gujarat,Highway Expansion,Section 11 (Preliminary Notification),179.0,212,117,64,2,1,61.8,4,5,0,731.7,6.24,125,52.5,MEDIUM
Maharashtra,Railway Dedicated Freight,Section 19 (Declaration of Acquisition),58.6,69,38,138,3,2,70.4,4,6,0,239.5,2.99,220,92.4,HIGH
Gujarat,Metro Rail Corridor,Section 23 (Award Enquiry & Valuation),117.8,139,77,3,4,2,70.6,8,1,1,481.5,4.18,146,61.3,HIGH
Madhya Pradesh,Highway Expansion,Section 11 (Preliminary Notification),43.2,51,28,41,4,1,79.7,6,4,3,176.6,2.19,159,66.8,HIGH
Andhra Pradesh,Highway Expansion,R&R Scheme Implementation,26.6,31,17,25,0,0,60.1,2,6,3,108.7,1.58,73,30.7,LOW
Uttar Pradesh,Industrial Park,Section 23 (Award Enquiry & Valuation),173.2,205,113,18,1,1,48.0,2,2,1,708.0,6.21,93,39.1,MEDIUM
Gujarat,Highway Expansion,Section 23 (Award Enquiry & Valuation),25.4,30,16,4,4,0,82.1,2,5,7,103.8,1.63,115,48.3,MEDIUM
Maharashtra,Railway Dedicated Freight,R&R Scheme Implementation,46.7,55,30,37,2,2,87.7,6,9,2,190.9,2.57,152,63.8,HIGH
Rajasthan,Solar Energy Park,Section 30 (Physical Possession Taken),208.2,246,136,29,4,2,65.6,1,3,1,851.0,7.25,138,58.0,MEDIUM
Tamil Nadu,Highway Expansion,R&R Scheme Implementation,57.5,68,37,5,3,3,78.3,3,3,2,235.0,2.73,130,54.6,MEDIUM
Odisha,Highway Expansion,R&R Scheme Implementation,376.4,446,247,43,1,0,78.8,1,9,2,1538.5,11.83,103,43.3,MEDIUM
Uttar Pradesh,Railway Dedicated Freight,Section 30 (Physical Possession Taken),404.9,479,266,60,3,1,76.2,4,3,3,1655.0,12.59,146,61.3,HIGH
Gujarat,Railway Dedicated Freight,Section 30 (Physical Possession Taken),46.2,54,30,66,0,2,89.3,1,4,3,188.8,2.26,118,49.6,MEDIUM
Bihar,Metro Rail Corridor,Section 30 (Physical Possession Taken),19.2,22,12,106,1,3,56.5,9,9,2,78.5,1.5,218,91.6,HIGH
Odisha,Industrial Park,Section 30 (Physical Possession Taken),137.1,162,90,24,1,2,45.0,6,4,0,560.4,4.89,131,55.0,MEDIUM
Rajasthan,Highway Expansion,Section 30 (Physical Possession Taken),75.0,88,48,138,3,0,80.6,8,5,2,306.6,3.51,183,76.9,HIGH
Madhya Pradesh,Metro Rail Corridor,R&R Scheme Implementation,25.6,30,16,90,2,1,47.4,2,2,1,104.6,1.52,135,56.7,MEDIUM
Tamil Nadu,Railway Dedicated Freight,Section 19 (Declaration of Acquisition),137.9,163,90,16,3,2,69.6,6,8,5,563.7,4.99,172,72.2,HIGH
Andhra Pradesh,Highway Expansion,Section 19 (Declaration of Acquisition),18.2,21,11,8,2,2,25.8,4,9,1,74.4,1.66,140,58.8,MEDIUM
Rajasthan,Metro Rail Corridor,Section 11 (Preliminary Notification),219.2,259,143,26,4,2,81.2,7,4,3,896.0,7.22,177,74.3,HIGH
Rajasthan,Highway Expansion,Section 19 (Declaration of Acquisition),29.9,35,19,23,4,1,24.9,8,3,3,122.2,1.94,181,76.0,HIGH
Madhya Pradesh,Railway Dedicated Freight,Section 19 (Declaration of Acquisition),28.6,33,18,39,5,3,88.5,6,4,3,116.9,1.52,224,94.1,HIGH
Karnataka,Highway Expansion,R&R Scheme Implementation,34.3,40,22,39,4,0,81.0,1,7,0,140.2,2.25,115,48.3,MEDIUM
Madhya Pradesh,Railway Dedicated Freight,Section 30 (Physical Possession Taken),337.6,400,222,62,3,3,45.1,8,1,2,1379.9,10.89,189,79.4,HIGH
Karnataka,Railway Dedicated Freight,Section 30 (Physical Possession Taken),133.1,157,87,32,2,2,49.0,1,2,2,544.0,4.79,112,47.0,MEDIUM
Karnataka,Industrial Park,R&R Scheme Implementation,176.6,209,116,5,4,2,92.4,9,5,2,721.8,5.88,165,69.3,HIGH
Uttar Pradesh,Highway Expansion,Section 19 (Declaration of Acquisition),65.7,77,42,88,0,2,69.1,2,9,2,268.5,3.04,157,65.9,HIGH
Uttar Pradesh,Railway Dedicated Freight,R&R Scheme Implementation,56.0,66,36,17,2,0,65.9,6,6,4,228.9,2.37,128,53.8,MEDIUM
Maharashtra,Railway Dedicated Freight,Section 11 (Preliminary Notification),41.7,49,27,160,1,0,71.7,8,3,3,170.4,1.99,160,67.2,HIGH
Gujarat,Industrial Park,Section 30 (Physical Possession Taken),80.5,95,52,6,2,0,52.8,5,3,1,329.0,3.29,91,38.2,MEDIUM
Gujarat,Metro Rail Corridor,Section 23 (Award Enquiry & Valuation),95.3,112,62,143,2,0,68.5,2,7,2,389.5,4.03,161,67.6,HIGH
Andhra Pradesh,Metro Rail Corridor,Section 11 (Preliminary Notification),114.9,136,75,4,2,1,80.2,5,3,0,469.7,4.42,96,40.3,MEDIUM
Gujarat,Industrial Park,Section 11 (Preliminary Notification),44.7,52,28,12,6,1,26.0,1,3,0,182.7,2.15,161,67.6,HIGH
Uttar Pradesh,Solar Energy Park,R&R Scheme Implementation,311.9,369,205,2,6,2,31.7,8,7,2,1274.9,9.59,203,85.3,HIGH
Maharashtra,Railway Dedicated Freight,Section 19 (Declaration of Acquisition),33.6,39,21,55,3,1,45.8,8,9,0,137.3,1.97,175,73.5,HIGH
Maharashtra,Railway Dedicated Freight,Section 30 (Physical Possession Taken),352.1,417,231,85,3,2,54.1,2,9,2,1439.2,11.12,182,76.4,HIGH
Karnataka,Industrial Park,Section 23 (Award Enquiry & Valuation),16.5,20,11,26,1,2,52.2,6,3,2,67.4,1.5,118,49.6,MEDIUM
Madhya Pradesh,Port Connectivity Highway,Section 11 (Preliminary Notification),80.6,95,52,119,5,1,35.1,8,8,1,329.5,3.67,236,99.0,HIGH
Andhra Pradesh,Solar Energy Park,Section 23 (Award Enquiry & Valuation),55.6,65,36,40,2,1,40.4,8,1,1,227.3,2.56,124,52.1,MEDIUM
Karnataka,Railway Dedicated Freight,Section 19 (Declaration of Acquisition),74.6,88,48,45,3,1,47.9,7,8,1,304.9,2.68,165,69.3,HIGH
Madhya Pradesh,Highway Expansion,Section 19 (Declaration of Acquisition),99.6,118,65,84,2,2,79.5,3,2,0,407.1,3.77,138,58.0,MEDIUM
Gujarat,Railway Dedicated Freight,Section 23 (Award Enquiry & Valuation),72.2,85,47,16,2,2,64.8,4,4,2,295.1,3.16,128,53.8,MEDIUM
Karnataka,Industrial Park,Section 30 (Physical Possession Taken),68.6,81,45,20,1,1,59.9,1,7,0,280.4,3.04,92,38.6,MEDIUM
Odisha,Railway Dedicated Freight,Section 19 (Declaration of Acquisition),146.9,174,96,106,4,2,46.4,9,6,4,600.5,5.17,250,99.0,HIGH
Gujarat,Railway Dedicated Freight,Section 23 (Award Enquiry & Valuation),130.8,154,85,104,1,0,52.2,2,9,1,534.6,4.67,130,54.6,MEDIUM
Madhya Pradesh,Industrial Park,Section 11 (Preliminary Notification),194.1,230,127,169,1,2,47.3,7,8,0,793.4,6.15,222,93.2,HIGH
Andhra Pradesh,Railway Dedicated Freight,Section 23 (Award Enquiry & Valuation),43.8,51,28,104,1,1,85.2,8,2,1,179.0,2.27,146,61.3,HIGH
Madhya Pradesh,Solar Energy Park,Section 23 (Award Enquiry & Valuation),109.0,129,71,6,3,2,57.5,4,4,0,445.5,4.05,128,53.8,MEDIUM
Karnataka,Railway Dedicated Freight,R&R Scheme Implementation,103.0,122,67,78,3,3,63.1,1,1,1,421.0,4.0,172,72.2,HIGH
Karnataka,Railway Dedicated Freight,Section 19 (Declaration of Acquisition),61.2,72,40,24,6,2,59.2,5,7,0,250.2,2.85,199,83.6,HIGH
Rajasthan,Railway Dedicated Freight,Section 30 (Physical Possession Taken),81.6,96,53,211,3,1,86.5,6,4,1,333.5,3.58,229,96.2,HIGH
Andhra Pradesh,Industrial Park,Section 30 (Physical Possession Taken),52.7,62,34,29,1,0,66.9,7,8,1,215.4,2.32,107,44.9,MEDIUM
Bihar,Highway Expansion,R&R Scheme Implementation,30.3,35,19,36,4,2,37.1,1,2,0,123.9,1.61,158,66.4,HIGH
Gujarat,Highway Expansion,Section 30 (Physical Possession Taken),39.1,46,25,34,2,1,21.6,4,8,2,159.8,2.0,159,66.8,HIGH
Maharashtra,Port Connectivity Highway,Section 23 (Award Enquiry & Valuation),26.2,31,17,17,4,0,87.8,5,2,2,107.1,1.6,110,46.2,MEDIUM
Andhra Pradesh,Highway Expansion,R&R Scheme Implementation,129.9,153,85,4,1,2,17.2,5,8,2,531.0,4.55,151,63.4,HIGH
Maharashtra,Metro Rail Corridor,Section 11 (Preliminary Notification),123.1,145,80,102,5,1,47.7,7,1,3,503.2,4.81,201,84.4,HIGH
Andhra Pradesh,Metro Rail Corridor,Section 19 (Declaration of Acquisition),315.8,374,207,73,1,0,67.6,4,2,0,1290.8,10.07,80,33.6,MEDIUM
Andhra Pradesh,Railway Dedicated Freight,Section 19 (Declaration of Acquisition),145.8,172,95,7,4,3,78.2,7,5,1,596.0,5.57,168,70.6,HIGH
Madhya Pradesh,Metro Rail Corridor,Section 19 (Declaration of Acquisition),20.3,24,13,67,7,1,44.7,8,1,2,83.0,1.58,230,96.6,HIGH
Andhra Pradesh,Highway Expansion,Section 23 (Award Enquiry & Valuation),230.6,273,151,44,3,1,66.5,2,5,0,942.6,7.36,124,52.1,MEDIUM
Rajasthan,Metro Rail Corridor,Section 11 (Preliminary Notification),213.5,252,140,24,2,2,38.3,1,5,3,872.7,6.95,146,61.3,HIGH
Bihar,Railway Dedicated Freight,R&R Scheme Implementation,73.6,87,48,13,2,3,52.1,1,7,1,300.8,3.31,131,55.0,MEDIUM
Karnataka,Metro Rail Corridor,R&R Scheme Implementation,103.2,122,67,88,3,0,64.4,1,2,0,421.8,3.73,119,50.0,MEDIUM
Tamil Nadu,Highway Expansion,Section 19 (Declaration of Acquisition),388.3,460,255,54,4,2,26.9,9,2,0,1587.2,12.22,192,80.6,HIGH
Maharashtra,Metro Rail Corridor,Section 11 (Preliminary Notification),91.0,107,59,36,4,2,38.6,4,6,2,372.0,3.53,165,69.3,HIGH
Karnataka,Highway Expansion,Section 11 (Preliminary Notification),250.7,297,165,42,8,1,50.0,9,3,1,1024.7,7.99,224,94.1,HIGH
Tamil Nadu,Highway Expansion,Section 11 (Preliminary Notification),23.7,28,15,4,2,1,53.3,7,8,0,96.9,1.96,110,46.2,MEDIUM
Bihar,Highway Expansion,Section 30 (Physical Possession Taken),36.2,42,23,29,1,0,46.2,7,3,2,148.0,1.92,93,39.1,MEDIUM
Bihar,Highway Expansion,Section 30 (Physical Possession Taken),73.1,86,47,10,4,2,46.4,2,4,2,298.8,2.93,162,68.0,HIGH
Maharashtra,Industrial Park,Section 19 (Declaration of Acquisition),102.9,121,67,11,4,2,48.9,2,7,1,420.6,3.93,162,68.0,HIGH
Maharashtra,Highway Expansion,Section 11 (Preliminary Notification),184.4,218,121,49,8,0,70.2,5,1,1,753.7,6.17,174,73.1,HIGH
Bihar,Solar Energy Park,Section 11 (Preliminary Notification),459.5,544,302,109,2,2,21.7,1,1,1,1878.2,14.59,167,70.1,HIGH
Tamil Nadu,Port Connectivity Highway,R&R Scheme Implementation,64.2,76,42,23,1,2,75.3,7,9,0,262.4,3.05,129,54.2,MEDIUM
Andhra Pradesh,Metro Rail Corridor,R&R Scheme Implementation,19.9,23,12,10,3,1,80.0,7,6,2,81.3,1.5,132,55.4,MEDIUM
Gujarat,Highway Expansion,Section 19 (Declaration of Acquisition),176.5,209,116,47,4,2,66.5,8,5,4,721.4,5.95,189,79.4,HIGH
Odisha,Railway Dedicated Freight,Section 11 (Preliminary Notification),107.7,127,70,92,1,0,60.5,7,2,3,440.2,3.68,137,57.5,MEDIUM
Karnataka,Industrial Park,Section 19 (Declaration of Acquisition),37.1,43,23,62,2,3,88.7,8,2,0,151.6,2.09,146,61.3,HIGH
Madhya Pradesh,Railway Dedicated Freight,R&R Scheme Implementation,83.3,98,54,91,1,1,79.2,3,7,1,340.5,3.23,120,50.4,MEDIUM
Karnataka,Highway Expansion,R&R Scheme Implementation,150.6,178,98,35,3,2,76.5,3,6,2,615.6,5.33,159,66.8,HIGH
Madhya Pradesh,Metro Rail Corridor,Section 30 (Physical Possession Taken),162.1,192,106,63,1,2,80.8,8,8,2,662.6,5.24,157,65.9,HIGH
Tamil Nadu,Industrial Park,Section 19 (Declaration of Acquisition),84.2,99,55,7,1,1,48.0,9,3,2,344.2,3.4,111,46.6,MEDIUM
Madhya Pradesh,Industrial Park,Section 19 (Declaration of Acquisition),51.4,60,33,19,4,2,81.0,4,3,2,210.1,2.81,151,63.4,HIGH
Maharashtra,Highway Expansion,Section 11 (Preliminary Notification),379.0,449,249,22,1,2,47.8,8,5,2,1549.2,11.86,135,56.7,MEDIUM
Gujarat,Metro Rail Corridor,Section 11 (Preliminary Notification),123.9,146,81,32,5,3,68.9,1,4,2,506.4,4.39,186,78.1,HIGH
Gujarat,Highway Expansion,Section 30 (Physical Possession Taken),67.5,79,43,119,1,2,37.5,2,8,1,275.9,2.93,192,80.6,HIGH
Maharashtra,Highway Expansion,Section 23 (Award Enquiry & Valuation),47.9,56,31,93,2,0,55.9,9,6,2,195.8,2.36,175,73.5,HIGH
Rajasthan,Solar Energy Park,Section 23 (Award Enquiry & Valuation),146.3,173,96,7,3,3,67.0,2,8,3,598.0,5.62,164,68.9,HIGH
Tamil Nadu,Highway Expansion,Section 23 (Award Enquiry & Valuation),42.7,50,27,9,4,2,55.5,2,7,2,174.5,2.15,158,66.4,HIGH
Rajasthan,Highway Expansion,Section 19 (Declaration of Acquisition),33.8,40,22,20,3,2,29.2,8,2,1,138.2,1.73,164,68.9,HIGH
Rajasthan,Highway Expansion,Section 19 (Declaration of Acquisition),90.5,107,59,15,6,4,37.9,5,9,0,369.9,3.59,246,99.0,HIGH
Karnataka,Solar Energy Park,R&R Scheme Implementation,49.2,58,32,43,3,0,91.5,5,6,4,201.1,2.45,128,53.8,MEDIUM
Bihar,Industrial Park,Section 19 (Declaration of Acquisition),114.1,135,75,105,2,1,33.4,6,6,1,466.4,4.38,195,81.9,HIGH
Karnataka,Metro Rail Corridor,Section 19 (Declaration of Acquisition),27.5,32,17,148,2,1,54.1,8,2,1,112.4,1.94,173,72.7,HIGH
Bihar,Industrial Park,Section 19 (Declaration of Acquisition),121.4,143,79,48,4,2,86.5,8,9,1,496.2,4.86,180,75.6,HIGH
Odisha,Highway Expansion,Section 30 (Physical Possession Taken),48.3,57,31,82,2,2,74.6,9,1,3,197.4,2.26,155,65.1,HIGH
Madhya Pradesh,Railway Dedicated Freight,Section 19 (Declaration of Acquisition),15.0,20,11,34,1,3,82.2,3,6,2,61.3,1.5,148,62.2,HIGH
Bihar,Railway Dedicated Freight,Section 11 (Preliminary Notification),28.6,33,18,11,6,1,46.0,9,8,2,116.9,1.5,207,86.9,HIGH
Maharashtra,Highway Expansion,Section 11 (Preliminary Notification),286.2,339,188,33,2,2,67.5,3,2,2,1169.8,9.32,113,47.5,MEDIUM
Karnataka,Railway Dedicated Freight,R&R Scheme Implementation,217.0,257,142,36,2,3,64.9,1,3,3,887.0,7.03,147,61.7,HIGH
Tamil Nadu,Solar Energy Park,Section 30 (Physical Possession Taken),41.6,49,27,61,3,2,79.5,5,7,1,170.0,2.37,170,71.4,HIGH
Madhya Pradesh,Highway Expansion,Section 11 (Preliminary Notification),165.7,196,108,11,2,1,33.8,7,1,0,677.3,5.64,91,38.2,MEDIUM
Odisha,Highway Expansion,Section 30 (Physical Possession Taken),108.8,128,71,21,2,2,47.2,3,5,1,444.7,4.46,135,56.7,MEDIUM
Bihar,Highway Expansion,Section 30 (Physical Possession Taken),368.7,436,242,20,2,3,55.7,9,6,3,1507.1,11.26,171,71.8,HIGH
Odisha,Highway Expansion,R&R Scheme Implementation,61.8,73,40,144,3,4,76.3,1,7,1,252.6,2.97,246,99.0,HIGH
Tamil Nadu,Solar Energy Park,Section 30 (Physical Possession Taken),129.4,153,85,26,3,2,69.4,6,7,3,528.9,4.88,159,66.8,HIGH
Rajasthan,Railway Dedicated Freight,Section 19 (Declaration of Acquisition),21.6,25,13,63,4,3,32.2,6,3,2,88.3,1.72,218,91.6,HIGH
Gujarat,Railway Dedicated Freight,Section 30 (Physical Possession Taken),65.5,77,42,63,5,1,72.6,8,7,3,267.7,2.65,214,89.9,HIGH
Tamil Nadu,Industrial Park,R&R Scheme Implementation,346.9,411,228,14,0,1,60.6,3,1,4,1417.9,11.03,85,35.7,MEDIUM
Uttar Pradesh,Highway Expansion,R&R Scheme Implementation,92.4,109,60,38,1,3,80.5,5,4,0,377.7,3.67,134,56.3,MEDIUM
Tamil Nadu,Railway Dedicated Freight,R&R Scheme Implementation,49.0,58,32,101,0,0,52.0,5,7,1,200.3,2.04,125,52.5,MEDIUM
Odisha,Railway Dedicated Freight,Section 11 (Preliminary Notification),27.8,32,17,29,2,1,29.6,8,7,1,113.6,2.11,140,58.8,MEDIUM
Maharashtra,Metro Rail Corridor,Section 19 (Declaration of Acquisition),136.6,161,89,131,3,1,84.0,7,4,2,558.4,4.84,184,77.3,HIGH
Karnataka,Port Connectivity Highway,Section 11 (Preliminary Notification),118.5,140,77,11,4,2,64.8,3,1,1,484.4,4.69,131,55.0,MEDIUM
Maharashtra,Industrial Park,Section 23 (Award Enquiry & Valuation),61.8,73,40,3,3,2,93.0,7,8,1,252.6,2.75,140,58.8,MEDIUM
Odisha,Railway Dedicated Freight,Section 19 (Declaration of Acquisition),316.5,375,208,100,1,1,51.6,8,4,4,1293.7,10.25,158,66.4,HIGH
Karnataka,Industrial Park,Section 30 (Physical Possession Taken),17.2,20,11,85,3,3,63.6,5,2,0,70.3,1.5,187,78.5,HIGH
Uttar Pradesh,Highway Expansion,R&R Scheme Implementation,51.2,60,33,221,4,3,46.7,5,4,4,209.3,2.51,298,99.0,HIGH
Gujarat,Highway Expansion,Section 23 (Award Enquiry & Valuation),268.9,318,176,51,3,1,91.8,1,8,1,1099.1,8.72,144,60.5,MEDIUM
Madhya Pradesh,Highway Expansion,Section 19 (Declaration of Acquisition),53.7,63,35,124,1,1,44.9,8,8,1,219.5,2.47,189,79.4,HIGH
Odisha,Railway Dedicated Freight,Section 11 (Preliminary Notification),44.1,52,28,79,0,2,50.5,6,5,0,180.3,2.09,149,62.6,HIGH
Bihar,Railway Dedicated Freight,R&R Scheme Implementation,91.4,108,60,84,4,2,41.2,6,2,1,373.6,3.0,205,86.1,HIGH
Odisha,Metro Rail Corridor,Section 11 (Preliminary Notification),188.6,223,123,38,4,1,49.1,5,7,3,770.9,6.23,193,81.1,HIGH
Odisha,Solar Energy Park,Section 19 (Declaration of Acquisition),25.9,30,16,22,3,1,68.1,5,3,0,105.9,1.88,116,48.7,MEDIUM
Karnataka,Railway Dedicated Freight,Section 19 (Declaration of Acquisition),301.5,357,198,123,2,1,65.1,3,6,2,1232.4,9.35,170,71.4,HIGH
Andhra Pradesh,Railway Dedicated Freight,Section 23 (Award Enquiry & Valuation),173.5,205,113,25,3,1,89.4,3,9,0,709.2,5.73,121,50.8,MEDIUM
Tamil Nadu,Highway Expansion,Section 30 (Physical Possession Taken),35.0,41,22,35,2,1,45.5,2,5,1,143.1,1.71,133,55.9,MEDIUM
Andhra Pradesh,Highway Expansion,Section 11 (Preliminary Notification),139.5,165,91,27,5,2,56.1,9,9,4,570.2,5.03,215,90.3,HIGH
Uttar Pradesh,Metro Rail Corridor,Section 23 (Award Enquiry & Valuation),63.6,75,41,37,1,2,19.0,8,4,2,260.0,2.64,151,63.4,HIGH
Bihar,Railway Dedicated Freight,R&R Scheme Implementation,66.5,78,43,29,0,2,75.5,3,9,1,271.8,3.15,115,48.3,MEDIUM
Gujarat,Industrial Park,Section 30 (Physical Possession Taken),167.9,198,110,2,3,1,21.8,5,1,1,686.3,5.95,120,50.4,MEDIUM
Rajasthan,Highway Expansion,Section 23 (Award Enquiry & Valuation),344.1,407,226,96,3,2,35.5,5,4,2,1406.5,10.89,210,88.2,HIGH
Uttar Pradesh,Highway Expansion,Section 11 (Preliminary Notification),28.5,33,18,26,3,0,90.8,8,1,0,116.5,1.88,79,33.2,MEDIUM
Rajasthan,Railway Dedicated Freight,Section 19 (Declaration of Acquisition),69.6,82,45,40,4,1,83.9,6,9,1,284.5,2.84,163,68.5,HIGH
Rajasthan,Highway Expansion,R&R Scheme Implementation,80.6,95,52,7,6,2,54.1,7,8,3,329.5,3.15,212,89.0,HIGH
Gujarat,Highway Expansion,Section 11 (Preliminary Notification),62.2,73,40,0,3,2,36.5,5,8,1,254.2,2.92,151,63.4,HIGH
Maharashtra,Industrial Park,Section 30 (Physical Possession Taken),60.1,71,39,13,1,1,64.8,1,7,2,245.7,2.9,103,43.3,MEDIUM
Andhra Pradesh,Highway Expansion,Section 30 (Physical Possession Taken),20.4,24,13,55,4,2,65.9,8,9,1,83.4,1.72,203,85.3,HIGH
Odisha,Metro Rail Corridor,Section 19 (Declaration of Acquisition),130.7,154,85,5,1,3,79.6,4,3,1,534.2,4.65,109,45.8,MEDIUM
Madhya Pradesh,Highway Expansion,Section 19 (Declaration of Acquisition),72.3,85,47,108,2,2,80.2,5,7,1,295.5,2.99,175,73.5,HIGH
Rajasthan,Highway Expansion,R&R Scheme Implementation,36.7,43,23,11,1,2,70.4,1,6,0,150.0,1.86,94,39.5,MEDIUM
Bihar,Railway Dedicated Freight,R&R Scheme Implementation,184.3,218,121,10,4,3,57.5,3,5,2,753.3,6.43,166,69.7,HIGH
Uttar Pradesh,Industrial Park,Section 19 (Declaration of Acquisition),177.2,209,116,9,2,2,55.0,2,9,1,724.3,5.68,144,60.5,MEDIUM
Maharashtra,Railway Dedicated Freight,Section 19 (Declaration of Acquisition),81.6,96,53,1,2,2,47.5,2,4,2,333.5,2.89,129,54.2,MEDIUM
Rajasthan,Industrial Park,Section 30 (Physical Possession Taken),50.4,59,32,66,1,0,58.9,1,3,0,206.0,2.04,97,40.7,MEDIUM
Maharashtra,Highway Expansion,Section 19 (Declaration of Acquisition),116.6,138,76,94,5,1,80.1,6,3,0,476.6,3.91,183,76.9,HIGH
Maharashtra,Industrial Park,Section 23 (Award Enquiry & Valuation),49.0,58,32,43,0,2,71.3,8,2,1,200.3,2.67,108,45.4,MEDIUM
Rajasthan,Highway Expansion,Section 11 (Preliminary Notification),41.9,49,27,9,3,2,72.9,3,1,1,171.3,2.36,110,46.2,MEDIUM
Karnataka,Metro Rail Corridor,Section 19 (Declaration of Acquisition),146.1,173,96,15,4,1,74.3,1,3,2,597.2,4.94,123,51.7,MEDIUM
Tamil Nadu,Metro Rail Corridor,R&R Scheme Implementation,19.1,22,12,29,1,3,48.5,2,8,4,78.1,1.53,167,70.1,HIGH
Bihar,Solar Energy Park,Section 23 (Award Enquiry & Valuation),25.0,29,16,139,1,1,78.5,3,6,2,102.2,2.01,160,67.2,HIGH
Odisha,Railway Dedicated Freight,R&R Scheme Implementation,15.7,20,11,13,3,2,20.9,6,2,1,64.2,1.55,151,63.4,HIGH
Odisha,Highway Expansion,Section 23 (Award Enquiry & Valuation),31.6,37,20,59,1,1,37.5,3,8,1,129.2,2.33,149,62.6,HIGH
Bihar,Highway Expansion,Section 19 (Declaration of Acquisition),22.1,26,14,26,3,1,40.2,9,5,2,90.3,1.61,157,65.9,HIGH
Karnataka,Industrial Park,Section 11 (Preliminary Notification),562.3,666,370,16,0,2,41.4,1,4,1,2298.4,16.96,106,44.5,MEDIUM
Odisha,Railway Dedicated Freight,R&R Scheme Implementation,49.1,58,32,27,1,1,80.6,7,1,4,200.7,2.19,103,43.3,MEDIUM
Maharashtra,Industrial Park,Section 23 (Award Enquiry & Valuation),31.2,36,20,3,2,0,67.2,8,1,1,127.5,1.9,76,31.9,MEDIUM
Gujarat,Highway Expansion,Section 30 (Physical Possession Taken),42.6,50,27,72,3,1,49.8,9,4,1,174.1,2.41,166,69.7,HIGH
Uttar Pradesh,Railway Dedicated Freight,Section 19 (Declaration of Acquisition),290.1,343,190,13,4,1,84.0,8,9,2,1185.8,9.32,159,66.8,HIGH
Andhra Pradesh,Highway Expansion,Section 11 (Preliminary Notification),88.4,104,57,58,2,2,78.3,5,6,0,361.3,3.46,150,63.0,HIGH
Odisha,Port Connectivity Highway,Section 19 (Declaration of Acquisition),60.4,71,39,3,3,3,57.7,1,1,0,246.9,2.98,121,50.8,MEDIUM
Bihar,Metro Rail Corridor,Section 30 (Physical Possession Taken),221.7,262,145,140,3,0,43.1,1,8,2,906.2,7.45,197,82.7,HIGH
Gujarat,Solar Energy Park,Section 11 (Preliminary Notification),65.3,77,42,10,3,2,65.0,8,9,1,266.9,2.85,162,68.0,HIGH
Rajasthan,Highway Expansion,Section 30 (Physical Possession Taken),55.8,66,36,96,3,2,64.9,7,2,2,228.1,2.44,186,78.1,HIGH
Tamil Nadu,Metro Rail Corridor,Section 19 (Declaration of Acquisition),38.2,45,25,75,1,4,66.4,5,6,1,156.1,2.04,177,74.3,HIGH
Bihar,Metro Rail Corridor,Section 23 (Award Enquiry & Valuation),62.4,73,40,155,2,3,55.6,3,7,0,255.1,2.88,229,96.2,HIGH
Maharashtra,Railway Dedicated Freight,Section 19 (Declaration of Acquisition),53.1,62,34,29,3,2,51.0,9,1,1,217.0,2.36,152,63.8,HIGH
Tamil Nadu,Industrial Park,Section 19 (Declaration of Acquisition),128.1,151,83,58,2,1,54.3,4,5,2,523.6,4.42,154,64.7,HIGH
Uttar Pradesh,Solar Energy Park,Section 19 (Declaration of Acquisition),49.2,58,32,21,4,0,78.7,6,5,2,201.1,2.31,132,55.4,MEDIUM
Uttar Pradesh,Solar Energy Park,R&R Scheme Implementation,101.1,119,66,9,2,1,31.9,4,3,2,413.2,3.88,117,49.1,MEDIUM
Karnataka,Industrial Park,Section 30 (Physical Possession Taken),21.8,25,13,26,0,2,74.3,9,2,1,89.1,1.9,113,47.5,MEDIUM
Madhya Pradesh,Highway Expansion,Section 30 (Physical Possession Taken),36.2,42,23,8,6,2,39.2,4,1,1,148.0,1.8,177,74.3,HIGH
Karnataka,Highway Expansion,Section 30 (Physical Possession Taken),67.3,79,43,181,4,2,84.9,8,6,0,275.1,2.97,256,99.0,HIGH
Gujarat,Port Connectivity Highway,R&R Scheme Implementation,291.4,345,191,5,6,2,31.6,3,7,0,1191.1,9.28,184,77.3,HIGH
Tamil Nadu,Highway Expansion,Section 23 (Award Enquiry & Valuation),62.4,73,40,40,4,1,81.1,8,2,0,255.1,2.74,142,59.6,MEDIUM
Madhya Pradesh,Industrial Park,Section 19 (Declaration of Acquisition),124.1,147,81,44,5,2,29.9,3,2,2,507.3,4.86,193,81.1,HIGH
Rajasthan,Industrial Park,Section 23 (Award Enquiry & Valuation),44.4,52,28,35,6,0,40.4,5,5,2,181.5,2.29,164,68.9,HIGH
Maharashtra,Metro Rail Corridor,R&R Scheme Implementation,28.6,33,18,49,1,0,69.7,1,5,2,116.9,1.64,100,42.0,MEDIUM
Tamil Nadu,Port Connectivity Highway,Section 30 (Physical Possession Taken),21.0,24,13,6,3,0,34.0,6,3,3,85.8,1.78,112,47.0,MEDIUM
Karnataka,Railway Dedicated Freight,Section 19 (Declaration of Acquisition),51.4,60,33,36,1,3,28.9,2,3,3,210.1,2.63,143,60.1,MEDIUM
Andhra Pradesh,Railway Dedicated Freight,Section 11 (Preliminary Notification),32.2,38,21,15,5,0,77.0,3,1,0,131.6,1.72,79,33.2,MEDIUM
Madhya Pradesh,Highway Expansion,Section 11 (Preliminary Notification),34.1,40,22,127,9,2,66.1,1,3,0,139.4,1.74,266,99.0,HIGH
Madhya Pradesh,Railway Dedicated Freight,Section 23 (Award Enquiry & Valuation),158.0,187,103,65,2,1,66.2,6,9,0,645.8,5.6,139,58.4,MEDIUM
Maharashtra,Highway Expansion,Section 30 (Physical Possession Taken),16.6,20,11,162,0,1,72.1,5,2,1,67.9,1.5,145,60.9,MEDIUM
Odisha,Railway Dedicated Freight,Section 11 (Preliminary Notification),96.6,114,63,2,0,3,48.3,2,1,1,394.9,3.67,100,42.0,MEDIUM
Uttar Pradesh,Industrial Park,Section 23 (Award Enquiry & Valuation),62.7,74,41,15,3,2,49.2,8,9,1,256.3,3.01,177,74.3,HIGH
Uttar Pradesh,Solar Energy Park,R&R Scheme Implementation,85.6,101,56,10,2,1,83.5,9,5,4,349.9,3.33,123,51.7,MEDIUM
Andhra Pradesh,Highway Expansion,Section 23 (Award Enquiry & Valuation),97.7,115,63,1,4,1,97.6,3,8,2,399.3,3.88,115,48.3,MEDIUM
Gujarat,Railway Dedicated Freight,Section 23 (Award Enquiry & Valuation),52.6,62,34,12,2,3,45.3,6,4,0,215.0,2.74,148,62.2,HIGH
Gujarat,Solar Energy Park,Section 23 (Award Enquiry & Valuation),50.0,59,32,51,3,1,27.9,6,8,0,204.4,2.36,179,75.2,HIGH
Rajasthan,Highway Expansion,Section 19 (Declaration of Acquisition),147.2,174,96,12,4,2,73.5,6,5,2,601.7,4.85,165,69.3,HIGH
Tamil Nadu,Highway Expansion,Section 23 (Award Enquiry & Valuation),220.0,260,144,32,1,1,47.8,8,6,1,899.2,7.21,142,59.6,MEDIUM
Bihar,Highway Expansion,Section 23 (Award Enquiry & Valuation),36.4,43,23,98,1,1,80.6,5,6,0,148.8,2.08,129,54.2,MEDIUM
Odisha,Metro Rail Corridor,Section 19 (Declaration of Acquisition),25.3,29,16,53,3,1,83.8,8,6,2,103.4,1.92,146,61.3,HIGH
Karnataka,Highway Expansion,Section 19 (Declaration of Acquisition),243.1,288,160,23,3,2,47.2,3,2,2,993.7,7.85,144,60.5,MEDIUM
Bihar,Port Connectivity Highway,R&R Scheme Implementation,58.1,68,37,21,4,2,67.8,7,9,1,237.5,3.01,183,76.9,HIGH
Bihar,Railway Dedicated Freight,Section 30 (Physical Possession Taken),95.1,112,62,27,0,1,58.7,1,7,1,388.7,3.46,88,37.0,MEDIUM
Madhya Pradesh,Railway Dedicated Freight,Section 11 (Preliminary Notification),59.6,70,38,9,6,2,86.5,4,3,4,243.6,2.74,170,71.4,HIGH
Andhra Pradesh,Highway Expansion,Section 11 (Preliminary Notification),28.4,33,18,45,5,2,18.9,5,2,0,116.1,1.76,170,71.4,HIGH
Uttar Pradesh,Railway Dedicated Freight,Section 23 (Award Enquiry & Valuation),104.0,123,68,20,2,3,74.2,7,4,1,425.1,4.25,140,58.8,MEDIUM
Rajasthan,Metro Rail Corridor,R&R Scheme Implementation,89.5,106,58,86,2,0,82.0,6,8,0,365.8,3.27,139,58.4,MEDIUM
Gujarat,Industrial Park,Section 23 (Award Enquiry & Valuation),37.7,44,24,64,2,1,42.1,6,9,0,154.1,2.16,165,69.3,HIGH
Andhra Pradesh,Industrial Park,Section 11 (Preliminary Notification),75.1,88,48,42,3,2,82.0,2,2,1,307.0,3.1,136,57.1,MEDIUM
Madhya Pradesh,Metro Rail Corridor,Section 19 (Declaration of Acquisition),174.4,206,114,20,3,1,67.2,2,6,1,712.9,6.3,124,52.1,MEDIUM
Karnataka,Solar Energy Park,Section 30 (Physical Possession Taken),104.3,123,68,11,3,0,67.4,2,8,2,426.3,3.82,117,49.1,MEDIUM
Rajasthan,Industrial Park,R&R Scheme Implementation,25.2,29,16,67,1,2,93.7,8,3,3,103.0,1.8,148,62.2,HIGH
Madhya Pradesh,Industrial Park,Section 19 (Declaration of Acquisition),94.4,111,61,30,1,1,95.5,7,9,2,385.9,3.53,119,50.0,MEDIUM
Uttar Pradesh,Highway Expansion,Section 30 (Physical Possession Taken),136.3,161,89,11,6,1,92.9,1,4,1,557.1,4.94,136,57.1,MEDIUM
Uttar Pradesh,Highway Expansion,R&R Scheme Implementation,172.4,204,113,10,3,1,66.1,9,5,2,704.7,5.86,116,48.7,MEDIUM
Uttar Pradesh,Highway Expansion,R&R Scheme Implementation,114.2,135,75,8,0,2,94.1,8,7,0,466.8,4.19,91,38.2,MEDIUM
Andhra Pradesh,Metro Rail Corridor,Section 11 (Preliminary Notification),31.6,37,20,68,2,1,91.2,9,5,4,129.2,1.51,151,63.4,HIGH
Andhra Pradesh,Railway Dedicated Freight,Section 19 (Declaration of Acquisition),138.8,164,91,12,3,3,86.6,4,4,0,567.3,5.05,137,57.5,MEDIUM
Gujarat,Railway Dedicated Freight,R&R Scheme Implementation,128.1,151,83,34,3,2,37.0,5,4,1,523.6,4.45,155,65.1,HIGH
Gujarat,Solar Energy Park,R&R Scheme Implementation,17.5,20,11,27,2,1,61.1,5,5,1,71.5,1.5,127,53.3,MEDIUM
Karnataka,Solar Energy Park,Section 30 (Physical Possession Taken),68.1,80,44,39,4,1,82.3,9,3,1,278.4,2.64,142,59.6,MEDIUM
Rajasthan,Solar Energy Park,Section 11 (Preliminary Notification),55.5,65,36,94,1,1,48.9,8,9,0,226.9,2.38,177,74.3,HIGH
Maharashtra,Railway Dedicated Freight,Section 23 (Award Enquiry & Valuation),125.7,148,82,91,2,2,69.7,6,2,4,513.8,4.7,167,70.1,HIGH
Maharashtra,Metro Rail Corridor,Section 11 (Preliminary Notification),39.4,46,25,27,1,1,52.0,1,7,2,161.0,2.22,105,44.1,MEDIUM
Madhya Pradesh,Highway Expansion,Section 23 (Award Enquiry & Valuation),104.4,123,68,1,4,3,63.0,7,4,1,426.7,4.12,165,69.3,HIGH
Uttar Pradesh,Highway Expansion,Section 19 (Declaration of Acquisition),259.4,307,170,25,5,1,77.7,9,8,0,1060.3,8.22,169,71.0,HIGH
Rajasthan,Highway Expansion,Section 19 (Declaration of Acquisition),174.9,207,115,42,2,1,30.3,4,7,5,714.9,6.05,176,73.9,HIGH
Bihar,Railway Dedicated Freight,R&R Scheme Implementation,269.4,319,177,37,4,1,98.0,4,8,1,1101.2,8.59,142,59.6,MEDIUM
Andhra Pradesh,Railway Dedicated Freight,Section 19 (Declaration of Acquisition),399.0,472,262,47,2,2,94.3,5,4,4,1630.9,12.61,142,59.6,MEDIUM
Tamil Nadu,Industrial Park,R&R Scheme Implementation,16.1,20,11,8,3,1,42.4,8,2,0,65.8,1.55,118,49.6,MEDIUM
Odisha,Highway Expansion,Section 11 (Preliminary Notification),112.5,133,73,47,4,1,74.2,5,7,1,459.8,4.09,158,66.4,HIGH
Karnataka,Industrial Park,Section 19 (Declaration of Acquisition),68.2,80,44,9,4,2,75.6,4,9,2,278.8,3.16,168,70.6,HIGH
Uttar Pradesh,Railway Dedicated Freight,Section 11 (Preliminary Notification),211.5,250,138,62,4,2,55.6,8,6,0,864.5,7.15,194,81.5,HIGH
Uttar Pradesh,Highway Expansion,Section 11 (Preliminary Notification),44.0,52,28,19,2,2,54.0,5,7,3,179.8,1.98,153,64.3,HIGH
Uttar Pradesh,Railway Dedicated Freight,Section 19 (Declaration of Acquisition),411.5,487,270,56,0,2,60.5,8,6,1,1682.0,12.44,147,61.7,HIGH
Andhra Pradesh,Highway Expansion,Section 11 (Preliminary Notification),110.1,130,72,2,3,2,48.9,1,2,3,450.0,3.88,130,54.6,MEDIUM
Andhra Pradesh,Metro Rail Corridor,Section 19 (Declaration of Acquisition),172.8,204,113,24,2,1,68.3,3,9,0,706.3,6.27,110,46.2,MEDIUM
Odisha,Railway Dedicated Freight,Section 19 (Declaration of Acquisition),23.9,28,15,55,2,0,41.3,7,5,2,97.7,1.5,136,57.1,MEDIUM
Bihar,Highway Expansion,Section 19 (Declaration of Acquisition),35.3,41,22,12,2,2,69.3,1,3,1,144.3,2.39,100,42.0,MEDIUM
Rajasthan,Highway Expansion,Section 23 (Award Enquiry & Valuation),157.0,186,103,71,3,0,83.2,5,4,1,641.7,5.28,130,54.6,MEDIUM
Uttar Pradesh,Railway Dedicated Freight,Section 11 (Preliminary Notification),17.2,20,11,45,3,2,84.7,6,4,1,70.3,1.5,151,63.4,HIGH
Maharashtra,Solar Energy Park,Section 30 (Physical Possession Taken),184.8,218,121,40,2,0,52.1,1,9,3,755.4,6.46,135,56.7,MEDIUM
Gujarat,Railway Dedicated Freight,Section 19 (Declaration of Acquisition),16.4,20,11,20,0,1,28.3,7,5,4,67.0,1.65,118,49.6,MEDIUM
Maharashtra,Industrial Park,Section 11 (Preliminary Notification),122.0,144,80,30,5,0,43.3,9,2,2,498.7,4.6,157,65.9,HIGH
Madhya Pradesh,Metro Rail Corridor,R&R Scheme Implementation,60.4,71,39,41,4,1,60.7,9,6,2,246.9,2.86,169,71.0,HIGH
Maharashtra,Solar Energy Park,Section 19 (Declaration of Acquisition),109.5,129,71,29,2,2,37.2,3,7,0,447.6,3.97,145,60.9,MEDIUM
Madhya Pradesh,Industrial Park,Section 19 (Declaration of Acquisition),134.1,158,87,54,2,0,87.1,4,8,3,548.1,5.0,111,46.6,MEDIUM
Tamil Nadu,Metro Rail Corridor,Section 30 (Physical Possession Taken),56.9,67,37,26,1,1,86.0,1,5,0,232.6,2.68,78,32.8,MEDIUM
Gujarat,Metro Rail Corridor,Section 23 (Award Enquiry & Valuation),26.4,31,17,10,1,3,61.0,4,8,3,107.9,1.68,150,63.0,HIGH
Maharashtra,Solar Energy Park,Section 23 (Award Enquiry & Valuation),22.2,26,14,11,1,1,17.3,5,8,2,90.7,1.65,135,56.7,MEDIUM
Tamil Nadu,Railway Dedicated Freight,Section 19 (Declaration of Acquisition),103.9,123,68,0,5,2,77.9,7,4,1,424.7,4.19,166,69.7,HIGH
Karnataka,Railway Dedicated Freight,Section 11 (Preliminary Notification),88.5,104,57,16,3,3,46.3,5,7,2,361.7,3.61,185,77.7,HIGH
Rajasthan,Highway Expansion,R&R Scheme Implementation,150.6,178,98,62,3,3,33.9,8,9,3,615.6,4.88,226,94.9,HIGH
Tamil Nadu,Industrial Park,R&R Scheme Implementation,86.3,102,56,71,3,3,37.6,7,4,0,352.7,3.65,197,82.7,HIGH
Rajasthan,Industrial Park,Section 11 (Preliminary Notification),69.9,82,45,10,1,1,26.9,1,9,4,285.7,3.16,129,54.2,MEDIUM
Maharashtra,Highway Expansion,Section 19 (Declaration of Acquisition),65.8,77,42,144,2,3,33.6,2,4,0,269.0,2.81,211,88.6,HIGH
Bihar,Metro Rail Corridor,R&R Scheme Implementation,17.7,20,11,31,2,2,59.5,7,1,1,72.3,1.53,129,54.2,MEDIUM
Tamil Nadu,Railway Dedicated Freight,Section 23 (Award Enquiry & Valuation),55.9,66,36,112,3,2,62.9,3,4,2,228.5,2.62,205,86.1,HIGH
Gujarat,Highway Expansion,Section 11 (Preliminary Notification),388.1,459,255,55,3,0,89.3,2,2,4,1586.4,11.71,112,47.0,MEDIUM
Maharashtra,Port Connectivity Highway,Section 30 (Physical Possession Taken),221.8,262,145,58,1,3,44.9,9,6,0,906.6,7.27,181,76.0,HIGH
Uttar Pradesh,Highway Expansion,Section 19 (Declaration of Acquisition),55.0,65,36,4,1,2,64.8,8,8,1,224.8,2.5,115,48.3,MEDIUM
Andhra Pradesh,Highway Expansion,Section 11 (Preliminary Notification),103.6,122,67,11,2,2,45.9,8,6,1,423.5,3.93,155,65.1,HIGH
Tamil Nadu,Metro Rail Corridor,R&R Scheme Implementation,202.9,240,133,0,1,0,39.6,3,9,1,829.4,6.7,115,48.3,MEDIUM
Gujarat,Industrial Park,Section 19 (Declaration of Acquisition),73.2,86,47,57,2,1,43.3,9,6,3,299.2,3.23,181,76.0,HIGH
Karnataka,Highway Expansion,Section 23 (Award Enquiry & Valuation),16.8,20,11,19,0,3,39.9,8,7,3,68.7,1.5,157,65.9,HIGH
Uttar Pradesh,Metro Rail Corridor,Section 19 (Declaration of Acquisition),22.7,26,14,70,4,1,54.1,2,5,0,92.8,1.83,178,74.8,HIGH
Karnataka,Railway Dedicated Freight,Section 19 (Declaration of Acquisition),86.4,102,56,19,4,1,32.5,7,8,3,353.2,3.6,184,77.3,HIGH
Maharashtra,Highway Expansion,Section 23 (Award Enquiry & Valuation),363.8,431,239,77,3,2,71.8,8,2,1,1487.0,11.68,174,73.1,HIGH
Andhra Pradesh,Highway Expansion,Section 23 (Award Enquiry & Valuation),133.2,157,87,6,3,0,40.3,7,2,1,544.5,5.16,105,44.1,MEDIUM
Tamil Nadu,Metro Rail Corridor,Section 19 (Declaration of Acquisition),22.4,26,14,9,5,1,41.9,9,8,0,91.6,1.99,178,74.8,HIGH
Tamil Nadu,Highway Expansion,Section 23 (Award Enquiry & Valuation),36.0,42,23,19,1,1,69.6,7,6,2,147.1,1.79,95,39.9,MEDIUM
Bihar,Solar Energy Park,Section 11 (Preliminary Notification),162.5,192,106,24,2,1,77.2,7,2,2,664.2,5.72,116,48.7,MEDIUM
Bihar,Industrial Park,Section 23 (Award Enquiry & Valuation),199.2,236,131,19,0,1,89.2,1,6,4,814.2,6.56,78,32.8,MEDIUM
Maharashtra,Port Connectivity Highway,Section 23 (Award Enquiry & Valuation),111.2,131,72,65,2,1,42.0,2,8,1,454.5,4.84,150,63.0,HIGH
Maharashtra,Highway Expansion,Section 19 (Declaration of Acquisition),118.4,140,77,5,0,0,85.8,5,6,1,484.0,4.51,56,23.5,LOW
Andhra Pradesh,Port Connectivity Highway,Section 11 (Preliminary Notification),17.9,21,11,19,5,2,70.9,1,9,1,73.2,1.8,170,71.4,HIGH
Bihar,Railway Dedicated Freight,Section 30 (Physical Possession Taken),191.3,226,125,82,2,3,76.0,7,6,0,781.9,6.56,186,78.1,HIGH
Gujarat,Railway Dedicated Freight,Section 30 (Physical Possession Taken),170.2,201,111,3,3,1,93.8,5,3,2,695.7,5.34,112,47.0,MEDIUM
Gujarat,Highway Expansion,R&R Scheme Implementation,45.0,53,29,128,2,1,87.5,5,9,0,183.9,2.13,177,74.3,HIGH
Andhra Pradesh,Highway Expansion,Section 23 (Award Enquiry & Valuation),138.3,163,90,193,4,0,30.8,8,5,3,565.3,4.82,253,99.0,HIGH
Gujarat,Metro Rail Corridor,Section 23 (Award Enquiry & Valuation),39.2,46,25,4,3,2,38.1,9,6,3,160.2,2.04,175,73.5,HIGH
Madhya Pradesh,Railway Dedicated Freight,Section 11 (Preliminary Notification),19.1,22,12,15,2,3,69.9,1,4,2,78.1,1.62,135,56.7,MEDIUM
Rajasthan,Highway Expansion,Section 30 (Physical Possession Taken),37.5,44,24,21,1,1,61.1,4,3,1,153.3,2.17,84,35.3,MEDIUM
Andhra Pradesh,Metro Rail Corridor,R&R Scheme Implementation,34.7,41,22,67,2,1,24.7,2,5,1,141.8,1.5,150,63.0,HIGH
Andhra Pradesh,Highway Expansion,Section 11 (Preliminary Notification),56.2,66,36,41,3,2,71.5,9,3,0,229.7,2.56,160,67.2,HIGH
Odisha,Metro Rail Corridor,Section 23 (Award Enquiry & Valuation),69.2,81,45,47,2,2,85.9,9,2,2,282.9,2.88,144,60.5,MEDIUM
Uttar Pradesh,Railway Dedicated Freight,Section 30 (Physical Possession Taken),86.0,101,56,64,0,1,42.7,1,6,0,351.5,3.74,103,43.3,MEDIUM
Uttar Pradesh,Industrial Park,R&R Scheme Implementation,79.8,94,52,6,2,2,48.3,3,8,2,326.2,3.4,140,58.8,MEDIUM
Madhya Pradesh,Industrial Park,Section 19 (Declaration of Acquisition),46.6,55,30,81,1,2,78.8,8,3,4,190.5,2.3,167,70.1,HIGH
Bihar,Railway Dedicated Freight,Section 30 (Physical Possession Taken),18.0,21,11,55,3,3,40.2,2,6,1,73.6,1.56,180,75.6,HIGH
Maharashtra,Railway Dedicated Freight,R&R Scheme Implementation,107.9,127,70,39,5,0,47.8,2,9,1,441.0,3.75,156,65.5,HIGH
Maharashtra,Railway Dedicated Freight,Section 11 (Preliminary Notification),65.4,77,42,99,0,4,58.2,2,1,4,267.3,3.0,163,68.5,HIGH
Karnataka,Industrial Park,Section 19 (Declaration of Acquisition),50.5,59,32,54,4,1,78.2,5,3,3,206.4,2.37,157,65.9,HIGH
Madhya Pradesh,Railway Dedicated Freight,R&R Scheme Implementation,216.7,256,142,10,3,2,84.0,9,2,2,885.8,7.04,144,60.5,MEDIUM
Andhra Pradesh,Highway Expansion,R&R Scheme Implementation,152.3,180,100,25,5,2,61.1,7,8,0,622.5,5.62,202,84.8,HIGH
Madhya Pradesh,Highway Expansion,Section 23 (Award Enquiry & Valuation),210.0,248,137,31,2,1,50.7,7,9,3,858.4,7.06,171,71.8,HIGH
Madhya Pradesh,Railway Dedicated Freight,Section 30 (Physical Possession Taken),83.3,98,54,3,3,2,55.7,2,6,0,340.5,3.25,124,52.1,MEDIUM
Madhya Pradesh,Railway Dedicated Freight,Section 23 (Award Enquiry & Valuation),29.0,34,18,139,2,1,56.7,2,3,0,118.5,1.71,162,68.0,HIGH
Uttar Pradesh,Industrial Park,Section 19 (Declaration of Acquisition),134.1,158,87,6,3,0,6.5,5,8,2,548.1,4.91,142,59.6,MEDIUM
Madhya Pradesh,Highway Expansion,R&R Scheme Implementation,38.1,45,25,54,1,1,20.4,7,7,2,155.7,2.15,171,71.8,HIGH
Rajasthan,Railway Dedicated Freight,Section 23 (Award Enquiry & Valuation),73.2,86,47,32,2,1,79.7,7,2,0,299.2,3.1,114,47.9,MEDIUM
Maharashtra,Industrial Park,Section 30 (Physical Possession Taken),21.7,25,13,1,3,1,85.5,9,7,0,88.7,1.5,125,52.5,MEDIUM
Karnataka,Industrial Park,Section 19 (Declaration of Acquisition),189.5,224,124,116,3,3,60.6,3,1,1,774.6,6.21,191,80.2,HIGH
Rajasthan,Railway Dedicated Freight,Section 11 (Preliminary Notification),28.5,33,18,86,0,1,44.5,1,8,1,116.5,1.67,103,43.3,MEDIUM
Karnataka,Railway Dedicated Freight,Section 23 (Award Enquiry & Valuation),248.4,294,163,33,1,1,58.8,9,5,0,1015.3,8.07,106,44.5,MEDIUM
Odisha,Railway Dedicated Freight,Section 19 (Declaration of Acquisition),214.7,254,141,12,2,0,68.9,1,9,1,877.6,7.13,78,32.8,MEDIUM
Karnataka,Solar Energy Park,Section 11 (Preliminary Notification),77.5,91,50,6,2,1,88.2,8,3,2,316.8,3.19,91,38.2,MEDIUM
Maharashtra,Highway Expansion,Section 23 (Award Enquiry & Valuation),151.4,179,99,20,2,1,36.2,5,7,3,618.8,5.31,160,67.2,HIGH
Maharashtra,Solar Energy Park,Section 19 (Declaration of Acquisition),111.6,132,73,13,3,1,65.7,8,8,1,456.2,4.57,135,56.7,MEDIUM
Madhya Pradesh,Metro Rail Corridor,Section 19 (Declaration of Acquisition),177.5,210,116,32,3,1,62.1,7,1,1,725.5,6.25,118,49.6,MEDIUM
Tamil Nadu,Railway Dedicated Freight,Section 23 (Award Enquiry & Valuation),71.5,84,46,153,2,0,46.6,9,6,4,292.3,3.28,202,84.8,HIGH
Odisha,Highway Expansion,Section 19 (Declaration of Acquisition),169.1,200,111,39,6,2,41.4,2,2,2,691.2,5.93,213,89.5,HIGH
Andhra Pradesh,Railway Dedicated Freight,R&R Scheme Implementation,77.1,91,50,99,4,2,38.7,9,8,2,315.1,3.22,244,99.0,HIGH
Gujarat,Railway Dedicated Freight,Section 23 (Award Enquiry & Valuation),298.0,353,196,47,3,1,86.6,5,6,1,1218.1,9.61,145,60.9,MEDIUM
Karnataka,Highway Expansion,Section 19 (Declaration of Acquisition),81.6,96,53,29,4,0,73.9,5,3,1,333.5,3.38,118,49.6,MEDIUM
Tamil Nadu,Metro Rail Corridor,Section 11 (Preliminary Notification),77.1,91,50,87,4,2,72.5,1,4,0,315.1,3.37,156,65.5,HIGH
Madhya Pradesh,Port Connectivity Highway,Section 11 (Preliminary Notification),168.7,199,110,29,0,0,62.3,6,7,2,689.6,5.63,102,42.8,MEDIUM
Uttar Pradesh,Metro Rail Corridor,R&R Scheme Implementation,187.4,222,123,91,4,3,64.7,3,9,2,766.0,6.51,235,98.7,HIGH
Andhra Pradesh,Industrial Park,Section 23 (Award Enquiry & Valuation),95.9,113,62,16,6,1,34.7,3,2,1,392.0,3.78,162,68.0,HIGH
Bihar,Highway Expansion,Section 19 (Declaration of Acquisition),34.8,41,22,6,4,1,83.9,3,9,2,142.2,1.63,154,64.7,HIGH
Tamil Nadu,Railway Dedicated Freight,Section 19 (Declaration of Acquisition),78.1,92,51,87,5,2,67.0,4,6,3,319.2,3.25,218,91.6,HIGH
Uttar Pradesh,Highway Expansion,Section 11 (Preliminary Notification),359.4,425,236,40,0,3,76.4,9,2,0,1469.0,11.02,122,51.2,MEDIUM
Odisha,Metro Rail Corridor,R&R Scheme Implementation,154.8,183,101,99,3,1,85.3,8,8,3,632.7,5.32,191,80.2,HIGH
Madhya Pradesh,Solar Energy Park,Section 11 (Preliminary Notification),181.7,215,119,125,0,1,49.2,6,4,1,742.7,6.17,158,66.4,HIGH
Andhra Pradesh,Metro Rail Corridor,Section 11 (Preliminary Notification),18.3,21,11,2,4,1,60.6,8,8,1,74.8,1.5,162,68.0,HIGH
Andhra Pradesh,Highway Expansion,R&R Scheme Implementation,78.1,92,51,31,2,3,45.6,8,7,4,319.2,3.22,199,83.6,HIGH
Andhra Pradesh,Railway Dedicated Freight,Section 23 (Award Enquiry & Valuation),119.0,141,78,21,2,2,63.6,1,7,0,486.4,4.42,115,48.3,MEDIUM
Odisha,Metro Rail Corridor,Section 19 (Declaration of Acquisition),192.2,227,126,44,1,1,56.9,9,7,2,785.6,6.65,139,58.4,MEDIUM
Karnataka,Railway Dedicated Freight,Section 23 (Award Enquiry & Valuation),20.1,23,12,71,4,1,43.8,1,2,0,82.2,1.5,141,59.2,MEDIUM
Bihar,Industrial Park,Section 30 (Physical Possession Taken),206.4,244,135,15,7,1,43.4,2,8,1,843.7,6.96,202,84.8,HIGH
Odisha,Industrial Park,Section 30 (Physical Possession Taken),94.5,111,61,37,3,1,45.5,9,2,0,386.3,3.69,129,54.2,MEDIUM
Gujarat,Metro Rail Corridor,Section 30 (Physical Possession Taken),37.0,43,23,56,3,1,73.2,7,3,0,151.2,1.97,150,63.0,HIGH
Bihar,Railway Dedicated Freight,R&R Scheme Implementation,53.2,63,35,6,4,2,36.0,1,7,0,217.5,2.19,166,69.7,HIGH
Maharashtra,Highway Expansion,Section 11 (Preliminary Notification),48.1,56,31,76,1,0,84.0,3,7,1,196.6,2.35,98,41.2,MEDIUM
Madhya Pradesh,Highway Expansion,Section 23 (Award Enquiry & Valuation),90.7,107,59,42,2,1,35.2,1,7,0,370.7,3.74,126,52.9,MEDIUM
Odisha,Railway Dedicated Freight,Section 19 (Declaration of Acquisition),20.3,24,13,134,3,2,24.2,5,4,1,83.0,1.5,217,91.1,HIGH
Uttar Pradesh,Railway Dedicated Freight,Section 30 (Physical Possession Taken),32.3,38,21,19,2,1,55.5,4,5,1,132.0,1.88,118,49.6,MEDIUM
Bihar,Metro Rail Corridor,Section 23 (Award Enquiry & Valuation),182.5,216,120,5,0,0,73.6,8,7,1,746.0,6.21,85,35.7,MEDIUM
Gujarat,Metro Rail Corridor,Section 30 (Physical Possession Taken),29.2,34,18,32,1,0,29.8,9,8,1,119.4,2.06,138,58.0,MEDIUM
Maharashtra,Highway Expansion,Section 30 (Physical Possession Taken),41.6,49,27,4,0,0,85.7,4,3,1,170.0,2.2,35,14.7,LOW
Karnataka,Railway Dedicated Freight,Section 19 (Declaration of Acquisition),75.4,89,49,157,2,2,46.4,3,6,2,308.2,3.22,228,95.8,HIGH
Uttar Pradesh,Highway Expansion,R&R Scheme Implementation,87.8,104,57,2,2,2,27.8,4,9,2,358.9,3.51,166,69.7,HIGH
Bihar,Highway Expansion,Section 11 (Preliminary Notification),159.2,188,104,63,1,0,76.7,3,5,1,650.7,5.46,92,38.6,MEDIUM
Madhya Pradesh,Industrial Park,R&R Scheme Implementation,74.3,88,48,34,0,1,29.8,6,4,4,303.7,2.9,123,51.7,MEDIUM
Uttar Pradesh,Highway Expansion,Section 23 (Award Enquiry & Valuation),171.0,202,112,21,2,1,65.9,1,9,2,699.0,5.84,134,56.3,MEDIUM
Maharashtra,Railway Dedicated Freight,R&R Scheme Implementation,111.3,131,72,3,8,2,38.4,2,4,0,454.9,4.26,208,87.4,HIGH
Uttar Pradesh,Highway Expansion,Section 23 (Award Enquiry & Valuation),27.0,31,17,44,3,1,88.7,8,3,3,110.4,1.8,152,63.8,HIGH
Rajasthan,Solar Energy Park,Section 23 (Award Enquiry & Valuation),32.0,37,20,40,3,1,69.7,3,7,1,130.8,2.21,159,66.8,HIGH
Tamil Nadu,Metro Rail Corridor,Section 11 (Preliminary Notification),72.5,85,47,15,5,1,35.9,4,5,2,296.3,3.26,172,72.2,HIGH
Karnataka,Highway Expansion,Section 19 (Declaration of Acquisition),65.6,77,42,108,3,0,57.3,1,1,2,268.1,3.12,140,58.8,MEDIUM
Maharashtra,Railway Dedicated Freight,Section 11 (Preliminary Notification),151.1,179,99,16,1,2,83.0,3,8,1,617.6,4.92,124,52.1,MEDIUM
Uttar Pradesh,Industrial Park,R&R Scheme Implementation,101.9,120,66,27,3,3,42.4,1,1,4,416.5,4.23,180,75.6,HIGH
Tamil Nadu,Port Connectivity Highway,Section 23 (Award Enquiry & Valuation),64.1,75,41,35,4,3,55.6,5,9,3,262.0,2.89,211,88.6,HIGH
Tamil Nadu,Highway Expansion,Section 30 (Physical Possession Taken),33.7,39,21,5,3,0,93.4,1,1,5,137.7,2.05,78,32.8,MEDIUM
Uttar Pradesh,Solar Energy Park,Section 30 (Physical Possession Taken),40.7,48,26,121,5,2,44.4,9,4,1,166.4,2.34,239,99.0,HIGH
Madhya Pradesh,Solar Energy Park,Section 23 (Award Enquiry & Valuation),100.7,119,66,21,4,2,48.4,7,4,2,411.6,3.89,178,74.8,HIGH
Rajasthan,Solar Energy Park,Section 11 (Preliminary Notification),70.1,83,46,4,3,3,46.2,8,9,1,286.5,2.79,196,82.3,HIGH
Odisha,Metro Rail Corridor,Section 19 (Declaration of Acquisition),87.3,103,57,22,1,1,86.5,9,1,1,356.8,3.79,80,33.6,MEDIUM
Rajasthan,Metro Rail Corridor,Section 11 (Preliminary Notification),33.7,39,21,41,3,2,41.3,8,9,1,137.7,1.81,203,85.3,HIGH
Uttar Pradesh,Railway Dedicated Freight,Section 23 (Award Enquiry & Valuation),123.7,146,81,32,2,0,26.8,3,4,1,505.6,4.34,106,44.5,MEDIUM
Karnataka,Industrial Park,Section 23 (Award Enquiry & Valuation),206.4,244,135,53,0,2,60.3,7,7,3,843.7,6.86,144,60.5,MEDIUM
Odisha,Railway Dedicated Freight,Section 19 (Declaration of Acquisition),44.8,53,29,3,1,1,59.1,7,9,2,183.1,2.2,129,54.2,MEDIUM
Maharashtra,Metro Rail Corridor,R&R Scheme Implementation,82.6,97,53,15,1,2,50.7,7,7,0,337.6,3.36,126,52.9,MEDIUM
Rajasthan,Railway Dedicated Freight,R&R Scheme Implementation,386.0,457,253,77,3,2,39.5,8,2,2,1577.8,12.02,180,75.6,HIGH
Uttar Pradesh,Industrial Park,Section 19 (Declaration of Acquisition),55.5,65,36,4,2,1,76.0,4,6,3,226.9,2.86,117,49.1,MEDIUM
Rajasthan,Industrial Park,R&R Scheme Implementation,105.4,124,68,87,5,1,45.0,6,6,0,430.8,4.11,203,85.3,HIGH
Odisha,Highway Expansion,Section 30 (Physical Possession Taken),24.5,29,16,4,4,0,41.4,2,3,0,100.1,1.53,113,47.5,MEDIUM
Gujarat,Industrial Park,R&R Scheme Implementation,108.1,128,71,81,3,1,38.1,7,4,0,441.9,3.95,177,74.3,HIGH
Bihar,Railway Dedicated Freight,R&R Scheme Implementation,24.4,28,15,20,2,1,60.2,9,6,1,99.7,1.62,119,50.0,MEDIUM
Rajasthan,Industrial Park,R&R Scheme Implementation,335.0,396,220,43,0,1,63.0,5,6,1,1369.3,10.51,114,47.9,MEDIUM
Maharashtra,Railway Dedicated Freight,Section 30 (Physical Possession Taken),140.8,166,92,7,3,3,38.2,4,1,2,575.5,4.93,170,71.4,HIGH
Maharashtra,Railway Dedicated Freight,R&R Scheme Implementation,170.2,201,111,3,0,0,50.6,2,8,1,695.7,5.65,76,31.9,MEDIUM
Andhra Pradesh,Solar Energy Park,Section 30 (Physical Possession Taken),136.8,162,90,11,1,2,80.7,7,9,3,559.2,4.97,147,61.7,HIGH
Rajasthan,Highway Expansion,Section 19 (Declaration of Acquisition),104.1,123,68,6,4,3,63.3,2,2,2,425.5,3.89,152,63.8,HIGH
Bihar,Industrial Park,Section 11 (Preliminary Notification),74.8,88,48,17,4,3,93.2,2,4,1,305.7,2.95,146,61.3,HIGH
Madhya Pradesh,Railway Dedicated Freight,Section 19 (Declaration of Acquisition),210.5,249,138,33,3,2,28.9,9,6,2,860.4,7.12,193,81.1,HIGH
Tamil Nadu,Railway Dedicated Freight,Section 11 (Preliminary Notification),329.3,390,216,40,1,0,78.3,2,2,1,1346.0,10.59,73,30.7,LOW
Bihar,Railway Dedicated Freight,Section 19 (Declaration of Acquisition),84.1,99,55,70,1,2,55.5,3,7,1,343.8,3.36,158,66.4,HIGH
Tamil Nadu,Metro Rail Corridor,Section 11 (Preliminary Notification),283.1,335,186,48,1,1,71.1,3,6,0,1157.2,9.46,102,42.8,MEDIUM
Tamil Nadu,Railway Dedicated Freight,Section 11 (Preliminary Notification),102.5,121,67,42,2,3,43.9,2,8,2,419.0,4.38,174,73.1,HIGH
Gujarat,Highway Expansion,Section 23 (Award Enquiry & Valuation),92.3,109,60,24,1,2,25.0,3,7,1,377.3,3.74,128,53.8,MEDIUM
Andhra Pradesh,Highway Expansion,Section 11 (Preliminary Notification),75.6,89,49,29,1,2,70.0,9,1,1,309.0,3.07,122,51.2,MEDIUM
Bihar,Highway Expansion,Section 11 (Preliminary Notification),38.5,45,25,24,1,0,38.8,3,5,2,157.4,2.16,91,38.2,MEDIUM
Bihar,Port Connectivity Highway,Section 23 (Award Enquiry & Valuation),15.4,20,11,83,1,2,40.8,5,6,0,62.9,1.5,160,67.2,HIGH
Gujarat,Port Connectivity Highway,R&R Scheme Implementation,42.6,50,27,12,0,2,69.7,7,7,2,174.1,2.04,130,54.6,MEDIUM
Rajasthan,Railway Dedicated Freight,R&R Scheme Implementation,86.3,102,56,0,3,2,52.8,1,4,0,352.7,3.13,123,51.7,MEDIUM
Rajasthan,Industrial Park,Section 23 (Award Enquiry & Valuation),62.8,74,41,47,1,0,71.1,1,9,2,256.7,2.67,105,44.1,MEDIUM
Rajasthan,Railway Dedicated Freight,Section 30 (Physical Possession Taken),74.5,88,48,10,3,3,37.0,2,1,2,304.5,2.88,157,65.9,HIGH
Karnataka,Metro Rail Corridor,Section 11 (Preliminary Notification),409.5,485,269,99,0,0,57.6,1,3,1,1673.8,12.84,105,44.1,MEDIUM
Tamil Nadu,Industrial Park,Section 11 (Preliminary Notification),58.1,68,37,88,5,2,36.0,1,2,0,237.5,2.51,181,76.0,HIGH
Karnataka,Solar Energy Park,Section 23 (Award Enquiry & Valuation),75.2,89,49,4,2,2,48.3,4,2,2,307.4,3.21,116,48.7,MEDIUM
Andhra Pradesh,Railway Dedicated Freight,Section 23 (Award Enquiry & Valuation),29.3,34,18,5,4,0,60.9,3,1,1,119.8,1.99,93,39.1,MEDIUM
Gujarat,Industrial Park,Section 30 (Physical Possession Taken),19.9,23,12,31,1,0,40.7,1,3,3,81.3,1.8,80,33.6,MEDIUM
Bihar,Highway Expansion,R&R Scheme Implementation,164.3,194,107,42,3,2,69.9,3,5,2,671.6,5.63,152,63.8,HIGH
Tamil Nadu,Port Connectivity Highway,Section 19 (Declaration of Acquisition),99.6,118,65,14,3,1,23.8,1,6,0,407.1,3.91,117,49.1,MEDIUM
Karnataka,Highway Expansion,R&R Scheme Implementation,158.0,187,103,57,4,0,41.3,3,8,2,645.8,5.59,173,72.7,HIGH
Karnataka,Metro Rail Corridor,Section 11 (Preliminary Notification),31.2,36,20,41,4,2,28.6,4,4,1,127.5,2.15,176,73.9,HIGH
Uttar Pradesh,Metro Rail Corridor,Section 23 (Award Enquiry & Valuation),99.8,118,65,18,3,2,76.5,8,1,2,407.9,4.01,140,58.8,MEDIUM
Karnataka,Metro Rail Corridor,Section 30 (Physical Possession Taken),44.3,52,28,1,1,2,62.3,3,9,1,181.1,2.53,119,50.0,MEDIUM
Madhya Pradesh,Highway Expansion,R&R Scheme Implementation,40.9,48,26,62,5,0,42.7,3,3,1,167.2,1.84,161,67.6,HIGH
Bihar,Solar Energy Park,Section 30 (Physical Possession Taken),16.2,20,11,11,3,0,80.4,9,8,0,66.2,1.5,98,41.2,MEDIUM
Madhya Pradesh,Highway Expansion,R&R Scheme Implementation,29.0,34,18,81,3,2,77.6,9,4,1,118.5,2.04,186,78.1,HIGH
Bihar,Metro Rail Corridor,Section 11 (Preliminary Notification),52.0,61,33,25,3,1,58.8,6,3,1,212.5,2.6,126,52.9,MEDIUM
Gujarat,Highway Expansion,Section 19 (Declaration of Acquisition),27.4,32,17,39,3,2,73.3,4,3,1,112.0,1.76,145,60.9,MEDIUM
Bihar,Railway Dedicated Freight,Section 30 (Physical Possession Taken),440.9,522,290,93,2,2,64.2,5,4,1,1802.2,13.52,159,66.8,HIGH
Madhya Pradesh,Railway Dedicated Freight,Section 30 (Physical Possession Taken),51.9,61,33,90,1,1,72.6,9,4,3,212.1,2.64,157,65.9,HIGH
Bihar,Railway Dedicated Freight,Section 19 (Declaration of Acquisition),29.0,34,18,21,3,0,65.5,1,7,0,118.5,1.5,111,46.6,MEDIUM
Gujarat,Highway Expansion,Section 30 (Physical Possession Taken),37.2,44,24,11,3,3,71.8,7,2,1,152.1,2.22,152,63.8,HIGH
Gujarat,Highway Expansion,Section 30 (Physical Possession Taken),103.6,122,67,67,3,1,92.1,7,8,2,423.5,3.98,159,66.8,HIGH
Andhra Pradesh,Railway Dedicated Freight,R&R Scheme Implementation,21.6,25,13,26,7,2,76.4,1,2,2,88.3,1.52,175,73.5,HIGH
Bihar,Industrial Park,R&R Scheme Implementation,213.4,252,140,10,4,3,58.8,1,1,4,872.3,7.21,166,69.7,HIGH
Uttar Pradesh,Solar Energy Park,Section 19 (Declaration of Acquisition),340.7,403,223,106,2,3,76.7,9,8,2,1392.6,10.67,226,94.9,HIGH
Rajasthan,Highway Expansion,Section 11 (Preliminary Notification),43.3,51,28,10,1,2,69.3,7,4,2,177.0,2.24,121,50.8,MEDIUM
Maharashtra,Railway Dedicated Freight,Section 30 (Physical Possession Taken),74.8,88,48,1,0,1,77.5,4,6,2,305.7,3.13,75,31.5,MEDIUM
Gujarat,Highway Expansion,Section 11 (Preliminary Notification),17.2,20,11,1,2,4,93.9,9,1,1,70.3,1.64,143,60.1,MEDIUM
Odisha,Highway Expansion,Section 19 (Declaration of Acquisition),117.4,139,77,44,1,2,44.0,5,3,1,479.9,4.39,132,55.4,MEDIUM
Rajasthan,Metro Rail Corridor,Section 19 (Declaration of Acquisition),68.4,81,45,49,4,1,35.8,3,7,0,279.6,2.58,164,68.9,HIGH
Tamil Nadu,Metro Rail Corridor,R&R Scheme Implementation,46.5,55,30,17,5,1,87.5,2,7,0,190.1,2.05,143,60.1,MEDIUM
Bihar,Highway Expansion,Section 30 (Physical Possession Taken),38.2,45,25,17,3,1,33.2,9,8,1,156.1,1.88,168,70.6,HIGH
Madhya Pradesh,Highway Expansion,Section 23 (Award Enquiry & Valuation),121.1,143,79,19,3,3,68.9,4,2,0,495.0,4.56,152,63.8,HIGH
Maharashtra,Highway Expansion,Section 19 (Declaration of Acquisition),68.8,81,45,51,2,1,78.1,7,7,2,281.2,3.08,153,64.3,HIGH
Odisha,Industrial Park,Section 30 (Physical Possession Taken),34.8,41,22,3,4,2,29.1,1,4,1,142.2,2.33,152,63.8,HIGH
Rajasthan,Port Connectivity Highway,Section 11 (Preliminary Notification),131.8,156,86,119,1,2,43.1,9,6,1,538.7,4.57,204,85.7,HIGH
Bihar,Highway Expansion,R&R Scheme Implementation,98.3,116,64,11,2,2,75.1,9,4,0,401.8,4.07,118,49.6,MEDIUM
Andhra Pradesh,Highway Expansion,Section 11 (Preliminary Notification),210.7,249,138,361,1,2,82.7,6,9,2,861.2,6.64,321,99.0,HIGH
Tamil Nadu,Solar Energy Park,Section 19 (Declaration of Acquisition),27.5,32,17,8,4,2,73.8,6,1,0,112.4,1.79,134,56.3,MEDIUM
Maharashtra,Solar Energy Park,Section 19 (Declaration of Acquisition),169.0,200,111,66,0,1,44.6,6,1,0,690.8,5.88,90,37.8,MEDIUM
Uttar Pradesh,Railway Dedicated Freight,Section 11 (Preliminary Notification),126.9,150,83,11,4,0,92.4,5,5,0,518.7,4.68,105,44.1,MEDIUM
Andhra Pradesh,Highway Expansion,Section 19 (Declaration of Acquisition),27.2,32,17,4,9,2,77.7,1,5,2,111.2,1.72,200,84.0,HIGH
Odisha,Highway Expansion,Section 30 (Physical Possession Taken),133.7,158,87,94,1,1,50.3,4,8,1,546.5,4.85,149,62.6,HIGH
Maharashtra,Metro Rail Corridor,Section 19 (Declaration of Acquisition),73.3,86,47,88,2,0,70.6,1,7,1,299.6,2.85,122,51.2,MEDIUM
Andhra Pradesh,Railway Dedicated Freight,R&R Scheme Implementation,305.0,361,200,23,3,0,52.5,5,3,1,1246.7,9.9,109,45.8,MEDIUM
Tamil Nadu,Highway Expansion,Section 30 (Physical Possession Taken),30.3,35,19,55,2,0,95.0,4,8,1,123.9,1.92,100,42.0,MEDIUM
Uttar Pradesh,Metro Rail Corridor,Section 23 (Award Enquiry & Valuation),118.0,139,77,37,2,2,71.2,8,4,1,482.3,4.45,151,63.4,HIGH
Andhra Pradesh,Highway Expansion,Section 19 (Declaration of Acquisition),63.1,74,41,86,3,2,39.4,1,3,0,257.9,2.75,169,71.0,HIGH
Karnataka,Industrial Park,Section 19 (Declaration of Acquisition),329.2,390,216,17,1,1,35.7,8,2,2,1345.6,10.35,129,54.2,MEDIUM
Uttar Pradesh,Railway Dedicated Freight,R&R Scheme Implementation,55.0,65,36,33,3,2,54.2,8,9,2,224.8,2.68,191,80.2,HIGH
Odisha,Highway Expansion,R&R Scheme Implementation,342.5,405,225,30,2,1,44.3,1,7,3,1400.0,11.12,138,58.0,MEDIUM
Tamil Nadu,Metro Rail Corridor,Section 11 (Preliminary Notification),246.8,292,162,20,1,2,56.9,9,5,3,1008.8,7.78,137,57.5,MEDIUM
Bihar,Railway Dedicated Freight,Section 11 (Preliminary Notification),46.5,55,30,100,2,1,77.0,9,9,2,190.1,2.04,177,74.3,HIGH
Madhya Pradesh,Port Connectivity Highway,Section 11 (Preliminary Notification),177.7,210,116,8,2,2,70.0,6,3,3,726.3,6.14,133,55.9,MEDIUM
Madhya Pradesh,Railway Dedicated Freight,R&R Scheme Implementation,557.7,660,366,7,3,1,77.3,1,6,1,2279.6,16.89,98,41.2,MEDIUM
Madhya Pradesh,Highway Expansion,Section 11 (Preliminary Notification),44.1,52,28,39,2,1,46.4,7,8,0,180.3,2.29,151,63.4,HIGH
Maharashtra,Industrial Park,Section 11 (Preliminary Notification),72.4,85,47,48,3,2,84.7,7,9,1,295.9,3.07,188,79.0,HIGH
Odisha,Highway Expansion,Section 23 (Award Enquiry & Valuation),88.4,104,57,10,2,0,67.6,9,4,1,361.3,3.65,105,44.1,MEDIUM
Tamil Nadu,Solar Energy Park,Section 11 (Preliminary Notification),49.9,59,32,22,5,3,92.0,1,1,2,204.0,2.37,161,67.6,HIGH
Uttar Pradesh,Railway Dedicated Freight,Section 19 (Declaration of Acquisition),16.5,20,11,132,3,2,16.1,8,8,1,67.4,1.5,253,99.0,HIGH
Maharashtra,Railway Dedicated Freight,R&R Scheme Implementation,39.9,47,26,13,5,1,41.6,8,3,0,163.1,1.98,156,65.5,HIGH
Odisha,Highway Expansion,Section 30 (Physical Possession Taken),48.1,56,31,50,4,2,88.8,7,6,2,196.6,2.34,180,75.6,HIGH
Bihar,Railway Dedicated Freight,Section 23 (Award Enquiry & Valuation),73.6,87,48,61,5,0,44.4,6,4,1,300.8,2.85,164,68.9,HIGH
Karnataka,Industrial Park,R&R Scheme Implementation,33.8,40,22,27,1,1,32.8,1,6,0,138.2,1.96,94,39.5,MEDIUM
Tamil Nadu,Industrial Park,R&R Scheme Implementation,221.6,262,145,125,3,4,63.1,8,3,1,905.8,7.35,242,99.0,HIGH
Madhya Pradesh,Highway Expansion,Section 19 (Declaration of Acquisition),137.0,162,90,60,4,1,79.6,5,7,0,560.0,4.85,169,71.0,HIGH
Andhra Pradesh,Highway Expansion,Section 11 (Preliminary Notification),23.9,28,15,28,5,2,47.6,4,2,3,97.7,1.73,170,71.4,HIGH
Tamil Nadu,Industrial Park,Section 19 (Declaration of Acquisition),120.0,142,78,38,3,1,28.1,5,5,0,490.5,4.11,160,67.2,HIGH
Gujarat,Solar Energy Park,Section 11 (Preliminary Notification),121.0,143,79,53,1,2,52.2,5,3,0,494.6,4.27,138,58.0,MEDIUM
Odisha,Highway Expansion,Section 11 (Preliminary Notification),327.9,388,215,40,3,1,16.2,3,5,2,1340.3,10.15,162,68.0,HIGH
Rajasthan,Railway Dedicated Freight,R&R Scheme Implementation,15.3,20,11,95,2,1,19.7,4,3,0,62.5,1.61,162,68.0,HIGH
Bihar,Railway Dedicated Freight,Section 11 (Preliminary Notification),43.5,51,28,20,2,3,57.6,4,9,0,177.8,2.71,159,66.8,HIGH
Karnataka,Solar Energy Park,Section 23 (Award Enquiry & Valuation),277.8,329,182,16,2,1,79.8,8,8,5,1135.5,8.77,147,61.7,HIGH
Bihar,Highway Expansion,Section 23 (Award Enquiry & Valuation),284.0,336,186,11,2,2,73.1,5,2,1,1160.8,9.08,107,44.9,MEDIUM
Tamil Nadu,Highway Expansion,Section 23 (Award Enquiry & Valuation),142.5,168,93,2,5,2,72.7,6,8,4,582.5,4.94,191,80.2,HIGH
Rajasthan,Industrial Park,R&R Scheme Implementation,160.1,189,105,2,3,2,40.0,2,8,1,654.4,5.63,151,63.4,HIGH
Gujarat,Highway Expansion,Section 19 (Declaration of Acquisition),24.6,29,16,92,2,2,69.2,9,3,0,100.6,1.58,184,77.3,HIGH
Uttar Pradesh,Railway Dedicated Freight,Section 30 (Physical Possession Taken),87.1,103,57,51,4,1,68.5,8,5,3,356.0,3.55,181,76.0,HIGH
Andhra Pradesh,Railway Dedicated Freight,Section 11 (Preliminary Notification),41.3,48,26,49,2,0,35.8,8,2,1,168.8,2.31,121,50.8,MEDIUM
Rajasthan,Railway Dedicated Freight,Section 30 (Physical Possession Taken),35.0,41,22,43,4,3,50.7,5,6,1,143.1,1.76,200,84.0,HIGH
Odisha,Railway Dedicated Freight,Section 19 (Declaration of Acquisition),181.2,214,118,85,1,2,22.8,5,2,3,740.7,6.24,165,69.3,HIGH
Madhya Pradesh,Railway Dedicated Freight,Section 19 (Declaration of Acquisition),29.5,34,18,29,5,0,63.9,3,4,1,120.6,1.5,128,53.8,MEDIUM
Gujarat,Highway Expansion,R&R Scheme Implementation,78.2,92,51,92,1,1,23.3,2,3,1,319.6,3.19,148,62.2,HIGH
Andhra Pradesh,Metro Rail Corridor,Section 23 (Award Enquiry & Valuation),294.0,348,193,20,2,2,42.8,9,1,0,1201.7,9.35,130,54.6,MEDIUM
Karnataka,Industrial Park,Section 23 (Award Enquiry & Valuation),35.6,42,23,118,2,3,84.4,6,8,0,145.5,1.97,200,84.0,HIGH
Madhya Pradesh,Industrial Park,Section 19 (Declaration of Acquisition),396.6,469,260,54,2,3,74.6,8,8,3,1621.1,12.29,191,80.2,HIGH
Tamil Nadu,Highway Expansion,R&R Scheme Implementation,531.5,629,349,13,2,3,91.1,4,1,1,2172.5,16.11,109,45.8,MEDIUM
Rajasthan,Highway Expansion,R&R Scheme Implementation,96.1,113,62,37,3,0,68.7,5,6,2,392.8,3.7,135,56.7,MEDIUM
Andhra Pradesh,Highway Expansion,Section 11 (Preliminary Notification),33.7,39,21,34,1,3,75.6,5,1,0,137.7,2.01,119,50.0,MEDIUM
Maharashtra,Railway Dedicated Freight,Section 23 (Award Enquiry & Valuation),53.0,62,34,7,2,3,24.5,4,9,1,216.6,2.57,171,71.8,HIGH
Uttar Pradesh,Railway Dedicated Freight,Section 19 (Declaration of Acquisition),70.3,83,46,40,2,1,69.1,2,1,0,287.4,3.03,93,39.1,MEDIUM
Uttar Pradesh,Metro Rail Corridor,Section 30 (Physical Possession Taken),52.0,61,33,17,0,1,63.6,6,3,1,212.5,2.37,82,34.4,MEDIUM
Gujarat,Highway Expansion,Section 23 (Award Enquiry & Valuation),47.9,56,31,2,2,1,35.8,4,9,2,195.8,2.59,129,54.2,MEDIUM
Karnataka,Highway Expansion,Section 11 (Preliminary Notification),373.4,442,245,134,1,2,41.0,4,1,2,1526.3,11.99,166,69.7,HIGH
Gujarat,Railway Dedicated Freight,R&R Scheme Implementation,31.6,37,20,46,4,1,52.3,3,2,2,129.2,1.65,159,66.8,HIGH
Maharashtra,Metro Rail Corridor,Section 19 (Declaration of Acquisition),147.2,174,96,94,4,0,60.2,8,4,1,601.7,5.24,180,75.6,HIGH
Odisha,Highway Expansion,Section 23 (Award Enquiry & Valuation),15.0,20,11,51,5,0,35.3,6,7,2,61.3,1.5,187,78.5,HIGH
Karnataka,Metro Rail Corridor,Section 30 (Physical Possession Taken),105.7,125,69,20,3,1,87.8,9,8,0,432.0,4.21,145,60.9,MEDIUM
Bihar,Highway Expansion,Section 11 (Preliminary Notification),262.6,311,172,32,3,1,78.1,5,1,0,1073.4,8.51,123,51.7,MEDIUM
Odisha,Solar Energy Park,Section 11 (Preliminary Notification),49.0,58,32,51,4,2,61.1,6,1,0,200.3,2.41,156,65.5,HIGH
Karnataka,Solar Energy Park,Section 23 (Award Enquiry & Valuation),35.5,42,23,145,4,0,73.9,9,5,0,145.1,2.11,187,78.5,HIGH
Karnataka,Highway Expansion,Section 30 (Physical Possession Taken),120.5,142,78,13,6,3,59.9,4,8,1,492.5,4.39,218,91.6,HIGH
Maharashtra,Highway Expansion,Section 11 (Preliminary Notification),139.7,165,91,94,3,3,56.2,7,1,0,571.0,5.33,182,76.4,HIGH
Tamil Nadu,Railway Dedicated Freight,Section 19 (Declaration of Acquisition),131.5,155,86,116,2,3,85.1,6,3,3,537.5,4.86,199,83.6,HIGH
Maharashtra,Highway Expansion,Section 11 (Preliminary Notification),53.5,63,35,50,5,2,80.7,6,6,5,218.7,2.72,208,87.4,HIGH
Karnataka,Metro Rail Corridor,Section 30 (Physical Possession Taken),44.1,52,28,120,4,0,68.4,6,1,0,180.3,2.22,165,69.3,HIGH
Andhra Pradesh,Industrial Park,R&R Scheme Implementation,327.2,387,215,23,2,1,80.6,4,3,1,1337.4,10.34,93,39.1,MEDIUM
Odisha,Metro Rail Corridor,R&R Scheme Implementation,271.8,322,178,138,7,0,98.3,6,1,4,1111.0,8.94,227,95.3,HIGH
Maharashtra,Industrial Park,Section 23 (Award Enquiry & Valuation),76.1,90,50,55,5,4,83.7,7,4,0,311.1,3.32,212,89.0,HIGH
Tamil Nadu,Railway Dedicated Freight,Section 30 (Physical Possession Taken),202.2,239,132,2,3,1,67.3,2,9,1,826.5,6.54,129,54.2,MEDIUM
Rajasthan,Highway Expansion,Section 11 (Preliminary Notification),75.2,89,49,107,1,2,20.7,9,5,2,307.4,3.18,198,83.2,HIGH
Gujarat,Industrial Park,Section 11 (Preliminary Notification),70.2,83,46,30,1,2,87.1,7,3,0,286.9,3.1,111,46.6,MEDIUM
Karnataka,Railway Dedicated Freight,R&R Scheme Implementation,32.1,38,21,28,1,3,36.0,3,7,0,131.2,1.89,142,59.6,MEDIUM
Bihar,Metro Rail Corridor,R&R Scheme Implementation,70.6,83,46,38,4,2,72.8,7,6,1,288.6,3.1,176,73.9,HIGH
Rajasthan,Highway Expansion,Section 19 (Declaration of Acquisition),92.1,109,60,7,3,2,54.3,5,9,0,376.5,3.62,165,69.3,HIGH
Uttar Pradesh,Highway Expansion,R&R Scheme Implementation,17.3,20,11,28,2,1,64.2,9,4,2,70.7,1.5,133,55.9,MEDIUM
Madhya Pradesh,Port Connectivity Highway,Section 19 (Declaration of Acquisition),73.7,87,48,80,3,2,81.4,6,4,2,301.2,2.85,185,77.7,HIGH
Tamil Nadu,Highway Expansion,Section 11 (Preliminary Notification),167.0,197,109,1,4,0,55.4,7,9,1,682.6,5.97,140,58.8,MEDIUM
Bihar,Port Connectivity Highway,Section 19 (Declaration of Acquisition),129.0,152,84,14,4,3,54.6,4,2,3,527.3,4.64,170,71.4,HIGH
Madhya Pradesh,Port Connectivity Highway,Section 19 (Declaration of Acquisition),115.8,137,76,0,2,1,83.8,2,2,2,473.3,4.35,79,33.2,MEDIUM
Tamil Nadu,Industrial Park,Section 23 (Award Enquiry & Valuation),255.3,302,167,24,6,0,69.8,4,9,3,1043.5,8.3,180,75.6,HIGH
Andhra Pradesh,Metro Rail Corridor,R&R Scheme Implementation,16.8,20,11,59,1,3,54.1,9,7,2,68.7,1.5,173,72.7,HIGH
Gujarat,Metro Rail Corridor,Section 19 (Declaration of Acquisition),96.4,114,63,72,1,1,27.2,3,5,1,394.0,3.66,143,60.1,MEDIUM
Rajasthan,Solar Energy Park,Section 11 (Preliminary Notification),169.8,201,111,131,7,2,27.6,7,5,0,694.1,5.92,274,99.0,HIGH
Odisha,Highway Expansion,Section 30 (Physical Possession Taken),92.9,110,61,42,3,2,46.4,4,9,0,379.7,3.74,165,69.3,HIGH
Tamil Nadu,Railway Dedicated Freight,Section 19 (Declaration of Acquisition),54.1,64,35,13,3,2,63.4,3,5,1,221.1,2.99,141,59.2,MEDIUM
Odisha,Metro Rail Corridor,R&R Scheme Implementation,29.6,35,19,116,1,0,47.6,5,9,1,121.0,1.75,169,71.0,HIGH
Gujarat,Railway Dedicated Freight,Section 23 (Award Enquiry & Valuation),233.5,276,153,67,1,1,59.8,2,8,1,954.4,8.01,132,55.4,MEDIUM
Karnataka,Railway Dedicated Freight,Section 11 (Preliminary Notification),78.6,93,51,38,1,3,22.7,4,6,0,321.3,3.08,150,63.0,HIGH
Uttar Pradesh,Railway Dedicated Freight,Section 23 (Award Enquiry & Valuation),225.5,267,148,54,2,3,80.8,7,5,0,921.7,7.55,157,65.9,HIGH
Rajasthan,Metro Rail Corridor,Section 30 (Physical Possession Taken),103.2,122,67,116,2,1,83.8,2,5,1,421.8,3.99,145,60.9,MEDIUM
Gujarat,Solar Energy Park,Section 19 (Declaration of Acquisition),127.1,150,83,56,3,1,67.1,6,5,1,519.5,4.61,151,63.4,HIGH
Gujarat,Highway Expansion,Section 19 (Declaration of Acquisition),178.1,211,117,21,2,0,66.0,5,1,0,728.0,6.09,74,31.1,LOW
Andhra Pradesh,Solar Energy Park,R&R Scheme Implementation,122.6,145,80,56,6,3,77.5,3,5,1,501.1,4.38,217,91.1,HIGH
Madhya Pradesh,Metro Rail Corridor,Section 19 (Declaration of Acquisition),65.8,77,42,2,4,1,87.4,5,3,4,269.0,3.06,137,57.5,MEDIUM
Uttar Pradesh,Industrial Park,Section 11 (Preliminary Notification),87.1,103,57,22,4,1,40.9,7,6,2,356.0,3.32,172,72.2,HIGH
Rajasthan,Metro Rail Corridor,Section 30 (Physical Possession Taken),177.5,210,116,23,1,2,50.4,3,9,1,725.5,6.14,143,60.1,MEDIUM
Karnataka,Industrial Park,Section 23 (Award Enquiry & Valuation),61.8,73,40,8,3,1,94.7,8,3,0,252.6,2.92,102,42.8,MEDIUM
Karnataka,Highway Expansion,Section 30 (Physical Possession Taken),64.1,75,41,1,7,3,79.4,7,1,2,262.0,3.11,225,94.5,HIGH
Maharashtra,Industrial Park,Section 19 (Declaration of Acquisition),25.1,29,16,6,7,0,45.2,4,8,1,102.6,1.91,180,75.6,HIGH
Gujarat,Highway Expansion,Section 23 (Award Enquiry & Valuation),261.0,309,171,48,4,0,50.9,5,9,0,1066.8,8.58,162,68.0,HIGH
Tamil Nadu,Solar Energy Park,R&R Scheme Implementation,24.5,29,16,73,0,1,63.7,4,4,1,100.1,1.57,122,51.2,MEDIUM
Andhra Pradesh,Port Connectivity Highway,Section 30 (Physical Possession Taken),119.5,141,78,200,4,1,52.1,2,5,1,488.5,4.26,238,99.0,HIGH
Uttar Pradesh,Highway Expansion,Section 23 (Award Enquiry & Valuation),68.3,80,44,19,1,0,30.0,9,3,3,279.2,2.73,107,44.9,MEDIUM
Karnataka,Highway Expansion,Section 23 (Award Enquiry & Valuation),67.0,79,43,41,1,1,61.6,1,8,0,273.9,2.67,117,49.1,MEDIUM
Rajasthan,Industrial Park,Section 23 (Award Enquiry & Valuation),128.8,152,84,125,1,1,57.5,8,3,3,526.5,4.69,183,76.9,HIGH
Maharashtra,Highway Expansion,Section 11 (Preliminary Notification),21.9,25,13,8,4,3,61.8,4,4,1,89.5,1.5,167,70.1,HIGH
Rajasthan,Solar Energy Park,Section 30 (Physical Possession Taken),105.1,124,68,57,7,0,71.6,9,7,2,429.6,4.25,223,93.7,HIGH
Andhra Pradesh,Highway Expansion,Section 23 (Award Enquiry & Valuation),162.9,193,107,63,3,3,90.0,3,2,2,665.9,5.55,162,68.0,HIGH
Tamil Nadu,Highway Expansion,Section 30 (Physical Possession Taken),191.1,226,125,4,5,2,84.5,7,1,0,781.1,6.49,149,62.6,HIGH
Maharashtra,Port Connectivity Highway,Section 23 (Award Enquiry & Valuation),33.7,39,21,89,8,0,79.1,3,4,1,137.7,1.91,213,89.5,HIGH
Maharashtra,Metro Rail Corridor,R&R Scheme Implementation,242.7,287,159,75,1,0,68.8,7,8,2,992.0,7.66,134,56.3,MEDIUM
Madhya Pradesh,Industrial Park,R&R Scheme Implementation,121.8,144,80,2,2,1,81.8,2,1,1,497.9,4.7,74,31.1,LOW
Uttar Pradesh,Railway Dedicated Freight,R&R Scheme Implementation,228.6,270,150,4,3,1,24.5,3,3,0,934.4,7.68,126,52.9,MEDIUM
Maharashtra,Metro Rail Corridor,Section 19 (Declaration of Acquisition),81.4,96,53,2,1,1,52.1,8,4,1,332.7,3.49,98,41.2,MEDIUM
Madhya Pradesh,Metro Rail Corridor,Section 23 (Award Enquiry & Valuation),93.1,110,61,18,2,1,32.9,7,4,2,380.5,3.78,128,53.8,MEDIUM
Madhya Pradesh,Metro Rail Corridor,Section 19 (Declaration of Acquisition),266.4,315,175,32,2,2,27.0,3,3,1,1088.9,8.47,152,63.8,HIGH
Andhra Pradesh,Metro Rail Corridor,Section 30 (Physical Possession Taken),245.2,290,161,34,1,1,26.1,8,3,1,1002.3,7.87,129,54.2,MEDIUM
Odisha,Metro Rail Corridor,Section 19 (Declaration of Acquisition),74.4,88,48,14,2,0,43.1,9,7,0,304.1,3.22,114,47.9,MEDIUM
Rajasthan,Railway Dedicated Freight,Section 30 (Physical Possession Taken),47.1,55,30,109,4,1,81.4,2,8,1,192.5,2.66,186,78.1,HIGH
Tamil Nadu,Highway Expansion,Section 30 (Physical Possession Taken),65.0,77,42,21,1,2,67.4,2,4,2,265.7,2.94,113,47.5,MEDIUM
Bihar,Industrial Park,Section 30 (Physical Possession Taken),64.1,75,41,2,3,0,54.5,7,8,0,262.0,3.03,105,44.1,MEDIUM
Rajasthan,Highway Expansion,Section 19 (Declaration of Acquisition),48.8,57,31,16,4,3,71.9,8,8,0,199.5,2.29,195,81.9,HIGH
Maharashtra,Metro Rail Corridor,Section 23 (Award Enquiry & Valuation),46.3,54,30,34,2,2,26.2,5,6,0,189.3,2.54,159,66.8,HIGH
Tamil Nadu,Highway Expansion,Section 19 (Declaration of Acquisition),212.4,251,139,24,3,3,67.5,2,1,2,868.2,6.99,157,65.9,HIGH
Karnataka,Metro Rail Corridor,Section 23 (Award Enquiry & Valuation),22.2,26,14,14,1,0,39.9,5,7,1,90.7,1.68,96,40.3,MEDIUM
Odisha,Industrial Park,Section 23 (Award Enquiry & Valuation),128.2,151,83,6,3,4,35.5,3,7,1,524.0,4.59,200,84.0,HIGH
Karnataka,Highway Expansion,Section 30 (Physical Possession Taken),34.0,40,22,77,1,2,65.1,9,5,3,139.0,2.15,171,71.8,HIGH
Karnataka,Highway Expansion,Section 19 (Declaration of Acquisition),57.2,67,37,250,4,2,79.9,2,6,3,233.8,2.82,285,99.0,HIGH
Uttar Pradesh,Highway Expansion,Section 23 (Award Enquiry & Valuation),21.4,25,13,18,5,1,62.5,9,9,2,87.5,1.5,192,80.6,HIGH
Rajasthan,Metro Rail Corridor,R&R Scheme Implementation,46.5,55,30,22,4,0,66.4,2,3,1,190.1,2.6,123,51.7,MEDIUM
Bihar,Industrial Park,Section 23 (Award Enquiry & Valuation),161.3,191,106,43,0,3,61.4,1,4,2,659.3,6.09,114,47.9,MEDIUM
Andhra Pradesh,Highway Expansion,R&R Scheme Implementation,231.3,274,152,57,1,2,77.1,6,9,0,945.4,7.55,151,63.4,HIGH
Bihar,Industrial Park,Section 19 (Declaration of Acquisition),40.0,47,26,22,2,0,38.7,6,2,1,163.5,2.12,100,42.0,MEDIUM
Karnataka,Railway Dedicated Freight,Section 19 (Declaration of Acquisition),77.3,91,50,106,1,0,68.9,4,9,0,316.0,3.46,135,56.7,MEDIUM
Maharashtra,Railway Dedicated Freight,Section 19 (Declaration of Acquisition),78.5,93,51,37,5,0,39.2,2,5,2,320.9,3.26,159,66.8,HIGH
Odisha,Solar Energy Park,Section 23 (Award Enquiry & Valuation),221.8,262,145,27,3,2,35.1,3,3,1,906.6,7.35,158,66.4,HIGH
Gujarat,Railway Dedicated Freight,Section 11 (Preliminary Notification),158.9,188,104,47,2,2,26.2,6,8,2,649.5,5.93,189,79.4,HIGH
Bihar,Railway Dedicated Freight,Section 23 (Award Enquiry & Valuation),87.0,103,57,137,4,1,62.0,4,9,1,355.6,3.22,230,96.6,HIGH
Karnataka,Highway Expansion,Section 23 (Award Enquiry & Valuation),126.1,149,82,71,4,1,71.2,5,1,3,515.4,4.45,159,66.8,HIGH
Odisha,Highway Expansion,Section 30 (Physical Possession Taken),203.0,240,133,2,4,1,28.2,9,5,1,829.8,6.89,161,67.6,HIGH
Tamil Nadu,Highway Expansion,Section 30 (Physical Possession Taken),16.0,20,11,18,4,1,52.6,5,9,1,65.4,1.5,154,64.7,HIGH
Rajasthan,Highway Expansion,Section 23 (Award Enquiry & Valuation),66.6,78,43,29,2,0,69.0,8,2,4,272.2,2.83,127,53.3,MEDIUM
Madhya Pradesh,Metro Rail Corridor,R&R Scheme Implementation,252.8,299,166,17,1,1,58.0,2,1,0,1033.3,8.16,69,29.0,LOW
Uttar Pradesh,Railway Dedicated Freight,Section 30 (Physical Possession Taken),149.8,177,98,54,2,0,50.3,6,8,2,612.3,5.48,139,58.4,MEDIUM
Odisha,Railway Dedicated Freight,Section 23 (Award Enquiry & Valuation),93.3,110,61,79,3,3,18.3,6,6,0,381.4,3.81,224,94.1,HIGH
Maharashtra,Highway Expansion,Section 11 (Preliminary Notification),90.4,107,59,59,4,2,58.4,5,2,0,369.5,3.25,176,73.9,HIGH
Maharashtra,Highway Expansion,R&R Scheme Implementation,57.7,68,37,204,0,4,19.2,6,3,2,235.8,2.51,256,99.0,HIGH
Odisha,Metro Rail Corridor,Section 19 (Declaration of Acquisition),88.5,104,57,14,3,1,45.4,5,5,1,361.7,3.39,143,60.1,MEDIUM
Maharashtra,Port Connectivity Highway,Section 23 (Award Enquiry & Valuation),121.5,143,79,94,3,3,39.4,2,1,0,496.6,4.43,183,76.9,HIGH
Rajasthan,Highway Expansion,Section 23 (Award Enquiry & Valuation),69.2,81,45,65,1,2,45.6,5,2,2,282.9,2.76,156,65.5,HIGH
Maharashtra,Solar Energy Park,R&R Scheme Implementation,140.2,166,92,20,1,1,33.9,1,1,1,573.1,5.1,81,34.0,MEDIUM
Bihar,Metro Rail Corridor,Section 30 (Physical Possession Taken),212.5,251,139,60,3,1,75.3,3,7,4,868.6,6.94,168,70.6,HIGH
Madhya Pradesh,Metro Rail Corridor,Section 30 (Physical Possession Taken),31.8,37,20,5,1,2,16.3,7,7,2,130.0,2.03,151,63.4,HIGH
Maharashtra,Railway Dedicated Freight,Section 30 (Physical Possession Taken),75.1,88,48,70,3,3,63.8,4,5,1,307.0,3.15,180,75.6,HIGH
Madhya Pradesh,Highway Expansion,Section 19 (Declaration of Acquisition),67.4,79,43,34,0,1,30.9,8,6,5,275.5,2.73,131,55.0,MEDIUM
Karnataka,Highway Expansion,R&R Scheme Implementation,131.3,155,86,16,0,0,86.5,3,3,2,536.7,5.03,41,17.2,LOW
Andhra Pradesh,Metro Rail Corridor,R&R Scheme Implementation,43.8,51,28,48,4,2,31.2,7,2,3,179.0,2.54,203,85.3,HIGH
Rajasthan,Railway Dedicated Freight,Section 30 (Physical Possession Taken),117.2,138,76,46,2,3,61.4,2,9,2,479.1,4.41,162,68.0,HIGH
Andhra Pradesh,Solar Energy Park,Section 30 (Physical Possession Taken),225.0,266,147,11,1,2,46.3,8,2,1,919.7,7.39,121,50.8,MEDIUM
Karnataka,Railway Dedicated Freight,Section 11 (Preliminary Notification),69.2,81,45,1,0,1,66.9,3,1,2,282.9,2.77,59,24.8,LOW
Rajasthan,Highway Expansion,Section 11 (Preliminary Notification),256.9,304,168,26,1,1,80.1,6,9,1,1050.1,8.56,102,42.8,MEDIUM
Odisha,Industrial Park,Section 23 (Award Enquiry & Valuation),513.6,608,337,38,2,1,62.6,2,8,3,2099.3,15.86,131,55.0,MEDIUM
Odisha,Highway Expansion,Section 23 (Award Enquiry & Valuation),26.2,31,17,94,2,2,25.2,7,8,1,107.1,1.59,202,84.8,HIGH
Madhya Pradesh,Railway Dedicated Freight,R&R Scheme Implementation,41.5,49,27,119,3,2,90.3,4,7,2,169.6,2.05,199,83.6,HIGH
Karnataka,Metro Rail Corridor,R&R Scheme Implementation,315.3,373,207,34,1,2,61.2,6,9,1,1288.8,10.11,158,66.4,HIGH
Madhya Pradesh,Solar Energy Park,Section 19 (Declaration of Acquisition),332.8,394,218,63,0,1,68.6,2,3,1,1360.3,10.29,99,41.6,MEDIUM
Uttar Pradesh,Industrial Park,Section 19 (Declaration of Acquisition),25.3,29,16,26,4,3,67.6,3,8,2,103.4,1.6,188,79.0,HIGH
Maharashtra,Metro Rail Corridor,Section 11 (Preliminary Notification),16.5,20,11,62,4,2,42.6,3,1,2,67.4,1.5,169,71.0,HIGH
Gujarat,Metro Rail Corridor,Section 23 (Award Enquiry & Valuation),32.6,38,21,10,2,3,18.8,4,1,0,133.3,1.73,128,53.8,MEDIUM
Uttar Pradesh,Solar Energy Park,Section 11 (Preliminary Notification),567.5,672,373,21,2,2,69.1,1,6,2,2319.6,17.09,124,52.1,MEDIUM
Maharashtra,Highway Expansion,Section 11 (Preliminary Notification),34.8,41,22,45,2,2,66.5,6,8,3,142.2,2.18,163,68.5,HIGH
Rajasthan,Highway Expansion,Section 23 (Award Enquiry & Valuation),84.8,100,55,1,1,2,62.5,6,8,1,346.6,3.08,123,51.7,MEDIUM
Madhya Pradesh,Highway Expansion,Section 19 (Declaration of Acquisition),203.7,241,133,58,0,1,56.0,4,1,3,832.6,6.91,102,42.8,MEDIUM
Rajasthan,Highway Expansion,Section 23 (Award Enquiry & Valuation),17.1,20,11,81,5,3,63.9,8,1,0,69.9,1.54,211,88.6,HIGH
Rajasthan,Metro Rail Corridor,Section 30 (Physical Possession Taken),107.8,127,70,23,2,0,92.2,5,9,1,440.6,4.28,98,41.2,MEDIUM
Maharashtra,Metro Rail Corridor,Section 30 (Physical Possession Taken),47.4,56,31,27,3,2,50.0,4,9,0,193.7,2.41,159,66.8,HIGH
Karnataka,Metro Rail Corridor,Section 30 (Physical Possession Taken),213.3,252,140,86,1,3,63.6,7,7,0,871.9,7.03,178,74.8,HIGH
Maharashtra,Highway Expansion,R&R Scheme Implementation,48.3,57,31,67,1,1,71.8,8,1,0,197.4,2.22,123,51.7,MEDIUM
Tamil Nadu,Industrial Park,Section 19 (Declaration of Acquisition),131.1,155,86,15,1,2,70.7,2,2,2,535.9,4.95,100,42.0,MEDIUM
Odisha,Railway Dedicated Freight,Section 19 (Declaration of Acquisition),127.2,150,83,18,2,1,29.3,1,8,2,519.9,4.74,137,57.5,MEDIUM
Odisha,Metro Rail Corridor,R&R Scheme Implementation,40.0,47,26,51,3,2,55.6,6,8,3,163.5,2.05,200,84.0,HIGH
Uttar Pradesh,Metro Rail Corridor,Section 11 (Preliminary Notification),18.5,21,11,37,2,2,53.5,2,5,1,75.6,1.71,144,60.5,MEDIUM
Odisha,Railway Dedicated Freight,Section 30 (Physical Possession Taken),67.6,80,44,8,4,2,76.6,8,2,3,276.3,2.84,167,70.1,HIGH
Maharashtra,Highway Expansion,Section 30 (Physical Possession Taken),49.1,58,32,17,2,2,93.5,5,3,1,200.7,2.4,114,47.9,MEDIUM
Bihar,Highway Expansion,Section 11 (Preliminary Notification),180.5,213,118,104,1,1,51.1,2,5,1,737.8,6.04,144,60.5,MEDIUM
Madhya Pradesh,Industrial Park,Section 23 (Award Enquiry & Valuation),176.1,208,115,52,2,1,83.7,5,3,2,719.8,6.15,115,48.3,MEDIUM
Maharashtra,Solar Energy Park,Section 23 (Award Enquiry & Valuation),76.1,90,50,192,3,1,57.7,2,1,1,311.1,2.98,193,81.1,HIGH
Maharashtra,Metro Rail Corridor,Section 19 (Declaration of Acquisition),108.3,128,71,66,1,2,42.9,6,6,1,442.7,4.04,167,70.1,HIGH
Gujarat,Highway Expansion,R&R Scheme Implementation,107.7,127,70,128,3,1,97.1,8,5,2,440.2,3.95,186,78.1,HIGH
Madhya Pradesh,Railway Dedicated Freight,Section 19 (Declaration of Acquisition),190.5,225,125,11,2,2,98.1,2,3,0,778.7,6.5,78,32.8,MEDIUM
Tamil Nadu,Industrial Park,Section 23 (Award Enquiry & Valuation),70.3,83,46,66,0,1,24.0,6,9,1,287.4,3.09,132,55.4,MEDIUM
Odisha,Industrial Park,Section 11 (Preliminary Notification),47.2,55,30,1,4,2,31.6,6,8,0,192.9,2.13,192,80.6,HIGH
Madhya Pradesh,Highway Expansion,Section 19 (Declaration of Acquisition),45.8,54,30,50,2,0,76.0,1,7,1,187.2,2.39,95,39.9,MEDIUM
Odisha,Highway Expansion,Section 30 (Physical Possession Taken),91.8,108,60,29,1,2,72.7,9,2,3,375.2,3.33,125,52.5,MEDIUM
Uttar Pradesh,Industrial Park,Section 30 (Physical Possession Taken),74.6,88,48,19,2,2,49.2,8,5,1,304.9,3.57,158,66.4,HIGH
Madhya Pradesh,Railway Dedicated Freight,Section 11 (Preliminary Notification),73.0,86,47,89,0,3,38.5,4,5,1,298.4,2.99,159,66.8,HIGH
Odisha,Highway Expansion,Section 23 (Award Enquiry & Valuation),24.6,29,16,87,5,2,61.2,7,6,0,100.6,1.91,222,93.2,HIGH
Tamil Nadu,Highway Expansion,Section 30 (Physical Possession Taken),141.8,168,93,1,2,2,62.6,4,6,3,579.6,5.1,148,62.2,HIGH
Andhra Pradesh,Railway Dedicated Freight,Section 30 (Physical Possession Taken),39.0,46,25,42,3,3,64.3,8,3,0,159.4,2.16,190,79.8,HIGH
Rajasthan,Solar Energy Park,R&R Scheme Implementation,36.9,43,23,21,2,2,53.7,2,4,0,150.8,1.82,115,48.3,MEDIUM
Rajasthan,Port Connectivity Highway,Section 19 (Declaration of Acquisition),68.2,80,44,24,6,1,59.1,2,1,4,278.8,3.12,164,68.9,HIGH
Tamil Nadu,Metro Rail Corridor,Section 23 (Award Enquiry & Valuation),40.8,48,26,80,1,2,60.2,3,1,2,166.8,2.18,132,55.4,MEDIUM
Gujarat,Railway Dedicated Freight,Section 19 (Declaration of Acquisition),102.7,121,67,17,3,2,37.3,4,5,1,419.8,4.03,153,64.3,HIGH
Andhra Pradesh,Highway Expansion,Section 23 (Award Enquiry & Valuation),61.4,72,40,129,1,1,82.3,6,4,1,251.0,2.74,162,68.0,HIGH
Uttar Pradesh,Railway Dedicated Freight,Section 30 (Physical Possession Taken),74.6,88,48,9,2,2,56.8,5,7,2,304.9,3.16,131,55.0,MEDIUM
Tamil Nadu,Railway Dedicated Freight,R&R Scheme Implementation,92.0,109,60,49,1,2,72.5,7,7,2,376.0,3.45,155,65.1,HIGH
Rajasthan,Metro Rail Corridor,Section 19 (Declaration of Acquisition),37.8,44,24,50,1,3,82.4,6,4,4,154.5,2.05,157,65.9,HIGH
Rajasthan,Railway Dedicated Freight,Section 30 (Physical Possession Taken),31.9,37,20,13,3,3,21.0,4,2,2,130.4,1.83,180,75.6,HIGH
Rajasthan,Highway Expansion,Section 23 (Award Enquiry & Valuation),227.4,269,149,18,2,1,50.0,9,4,0,929.5,7.37,134,56.3,MEDIUM
Karnataka,Highway Expansion,Section 19 (Declaration of Acquisition),71.9,85,47,81,1,1,61.7,7,8,1,293.9,3.08,150,63.0,HIGH
Tamil Nadu,Railway Dedicated Freight,Section 19 (Declaration of Acquisition),68.1,80,44,65,4,0,72.0,1,2,1,278.4,3.02,120,50.4,MEDIUM
Maharashtra,Highway Expansion,Section 30 (Physical Possession Taken),18.6,22,12,18,1,1,87.1,8,5,4,76.0,1.58,120,50.4,MEDIUM
Uttar Pradesh,Highway Expansion,Section 19 (Declaration of Acquisition),83.9,99,55,34,1,3,74.5,4,7,3,342.9,3.38,162,68.0,HIGH
Rajasthan,Port Connectivity Highway,R&R Scheme Implementation,95.8,113,62,3,4,1,91.3,7,6,1,391.6,3.82,111,46.6,MEDIUM
Odisha,Railway Dedicated Freight,R&R Scheme Implementation,96.8,114,63,11,5,2,75.4,2,9,3,395.7,3.82,188,79.0,HIGH
Tamil Nadu,Railway Dedicated Freight,Section 30 (Physical Possession Taken),137.8,163,90,30,4,2,28.2,3,2,0,563.3,4.96,172,72.2,HIGH
Karnataka,Solar Energy Park,Section 23 (Award Enquiry & Valuation),34.5,40,22,4,3,2,50.8,1,4,1,141.0,2.02,129,54.2,MEDIUM
Tamil Nadu,Port Connectivity Highway,Section 30 (Physical Possession Taken),44.1,52,28,83,2,1,78.1,2,7,2,180.3,2.5,154,64.7,HIGH
Uttar Pradesh,Metro Rail Corridor,R&R Scheme Implementation,181.5,215,119,57,2,1,43.0,5,8,3,741.9,5.95,176,73.9,HIGH
Karnataka,Industrial Park,Section 11 (Preliminary Notification),309.1,366,203,129,6,1,60.0,2,5,5,1263.4,9.78,244,99.0,HIGH
Uttar Pradesh,Railway Dedicated Freight,Section 11 (Preliminary Notification),29.6,35,19,53,3,1,47.8,6,5,2,121.0,1.91,168,70.6,HIGH
Tamil Nadu,Railway Dedicated Freight,Section 19 (Declaration of Acquisition),83.8,99,55,127,2,3,29.3,6,4,1,342.5,3.08,224,94.1,HIGH
Maharashtra,Railway Dedicated Freight,Section 19 (Declaration of Acquisition),39.1,46,25,36,2,2,73.8,6,9,1,159.8,2.4,155,65.1,HIGH
Uttar Pradesh,Metro Rail Corridor,Section 11 (Preliminary Notification),21.2,25,13,41,4,1,72.1,3,4,2,86.7,1.66,139,58.4,MEDIUM
Karnataka,Metro Rail Corridor,R&R Scheme Implementation,54.4,64,35,170,2,3,82.8,3,3,2,222.4,2.75,216,90.7,HIGH
Karnataka,Railway Dedicated Freight,Section 19 (Declaration of Acquisition),30.5,36,20,46,2,1,86.9,7,9,0,124.7,2.1,151,63.4,HIGH
Uttar Pradesh,Highway Expansion,Section 30 (Physical Possession Taken),138.8,164,91,1,3,2,43.7,4,7,1,567.3,5.05,142,59.6,MEDIUM
Bihar,Metro Rail Corridor,Section 30 (Physical Possession Taken),91.3,108,60,58,1,1,25.5,6,9,4,373.2,3.17,178,74.8,HIGH
Tamil Nadu,Highway Expansion,R&R Scheme Implementation,30.5,36,20,106,3,2,59.6,8,4,1,124.7,1.9,204,85.7,HIGH
Bihar,Metro Rail Corridor,Section 19 (Declaration of Acquisition),15.9,20,11,71,5,1,60.5,3,3,3,65.0,1.5,193,81.1,HIGH
Gujarat,Metro Rail Corridor,Section 30 (Physical Possession Taken),180.1,213,118,39,4,0,88.6,9,8,2,736.2,5.94,167,70.1,HIGH
Tamil Nadu,Industrial Park,Section 19 (Declaration of Acquisition),34.4,40,22,50,1,1,57.2,9,4,1,140.6,1.63,121,50.8,MEDIUM
Uttar Pradesh,Industrial Park,Section 19 (Declaration of Acquisition),108.2,128,71,208,2,1,46.9,3,3,2,442.3,4.19,211,88.6,HIGH
Andhra Pradesh,Solar Energy Park,Section 30 (Physical Possession Taken),56.1,66,36,4,1,2,75.3,6,4,1,229.3,2.36,99,41.6,MEDIUM
Uttar Pradesh,Railway Dedicated Freight,Section 11 (Preliminary Notification),103.1,122,67,50,2,0,32.4,5,2,0,421.4,4.36,106,44.5,MEDIUM
Bihar,Industrial Park,Section 30 (Physical Possession Taken),52.9,62,34,15,3,2,48.4,4,4,2,216.2,2.57,145,60.9,MEDIUM
Maharashtra,Metro Rail Corridor,R&R Scheme Implementation,24.1,28,15,46,5,2,48.3,8,7,2,98.5,1.96,221,92.8,HIGH
Uttar Pradesh,Highway Expansion,Section 23 (Award Enquiry & Valuation),40.2,47,26,42,2,2,37.3,9,3,3,164.3,2.16,164,68.9,HIGH
Uttar Pradesh,Highway Expansion,Section 30 (Physical Possession Taken),35.8,42,23,7,2,2,68.6,9,1,0,146.3,2.17,109,45.8,MEDIUM
Maharashtra,Highway Expansion,Section 19 (Declaration of Acquisition),70.9,84,46,10,4,0,53.8,5,8,2,289.8,3.04,134,56.3,MEDIUM
Uttar Pradesh,Railway Dedicated Freight,Section 19 (Declaration of Acquisition),122.4,145,80,44,4,2,36.4,5,6,1,500.3,4.7,194,81.5,HIGH
Rajasthan,Metro Rail Corridor,Section 30 (Physical Possession Taken),45.6,54,30,6,6,3,53.6,3,3,0,186.4,1.9,183,76.9,HIGH
Andhra Pradesh,Industrial Park,Section 23 (Award Enquiry & Valuation),16.2,20,11,14,3,2,62.0,9,8,0,66.2,1.64,162,68.0,HIGH
Odisha,Highway Expansion,Section 30 (Physical Possession Taken),88.2,104,57,81,5,2,44.9,1,6,2,360.5,3.66,206,86.5,HIGH
Andhra Pradesh,Highway Expansion,Section 23 (Award Enquiry & Valuation),108.1,128,71,18,1,2,54.0,3,1,1,441.9,4.06,86,36.1,MEDIUM
Uttar Pradesh,Port Connectivity Highway,Section 23 (Award Enquiry & Valuation),344.3,407,226,30,4,1,47.6,7,9,1,1407.3,10.77,191,80.2,HIGH
Rajasthan,Highway Expansion,R&R Scheme Implementation,104.0,123,68,127,3,2,88.5,7,9,3,425.1,3.92,224,94.1,HIGH
Tamil Nadu,Railway Dedicated Freight,Section 19 (Declaration of Acquisition),78.7,93,51,12,6,3,58.6,5,9,2,321.7,3.31,247,99.0,HIGH
Uttar Pradesh,Metro Rail Corridor,Section 19 (Declaration of Acquisition),100.2,118,65,22,2,0,67.9,6,6,2,409.6,4.11,114,47.9,MEDIUM
Bihar,Railway Dedicated Freight,Section 23 (Award Enquiry & Valuation),278.0,329,182,42,1,2,58.7,4,6,2,1136.3,8.85,153,64.3,HIGH
Rajasthan,Highway Expansion,Section 19 (Declaration of Acquisition),191.2,226,125,63,1,1,73.3,8,4,0,781.5,6.13,128,53.8,MEDIUM
Maharashtra,Highway Expansion,Section 11 (Preliminary Notification),54.0,63,35,104,7,1,61.3,4,8,1,220.7,3.04,242,99.0,HIGH
Rajasthan,Highway Expansion,Section 23 (Award Enquiry & Valuation),42.1,49,27,111,5,2,73.4,6,9,3,172.1,2.34,244,99.0,HIGH
Maharashtra,Metro Rail Corridor,Section 19 (Declaration of Acquisition),45.5,53,29,67,2,2,25.7,5,7,2,186.0,2.22,180,75.6,HIGH
Gujarat,Railway Dedicated Freight,Section 11 (Preliminary Notification),85.2,100,55,12,2,3,78.8,6,7,2,348.3,3.68,164,68.9,HIGH
Odisha,Highway Expansion,R&R Scheme Implementation,151.3,179,99,1,1,3,76.3,3,2,0,618.4,5.52,99,41.6,MEDIUM
Madhya Pradesh,Metro Rail Corridor,Section 19 (Declaration of Acquisition),85.0,100,55,22,5,1,60.7,3,2,3,347.4,3.53,155,65.1,HIGH
Rajasthan,Industrial Park,Section 11 (Preliminary Notification),22.0,26,14,7,1,2,29.0,7,2,2,89.9,1.53,133,55.9,MEDIUM
Karnataka,Highway Expansion,Section 30 (Physical Possession Taken),143.6,170,94,56,4,1,38.9,1,4,3,587.0,5.24,169,71.0,HIGH
Bihar,Railway Dedicated Freight,Section 30 (Physical Possession Taken),179.0,212,117,49,1,1,87.9,1,9,0,731.7,6.34,100,42.0,MEDIUM
Uttar Pradesh,Metro Rail Corridor,Section 11 (Preliminary Notification),49.2,58,32,2,2,1,22.7,1,5,4,201.1,2.06,133,55.9,MEDIUM
Bihar,Highway Expansion,Section 23 (Award Enquiry & Valuation),124.1,147,81,82,4,2,86.1,6,2,0,507.3,4.6,169,71.0,HIGH
Andhra Pradesh,Railway Dedicated Freight,Section 23 (Award Enquiry & Valuation),70.6,83,46,13,4,1,74.6,4,4,1,288.6,3.08,127,53.3,MEDIUM
Madhya Pradesh,Metro Rail Corridor,Section 19 (Declaration of Acquisition),234.9,278,154,25,0,2,32.6,6,7,0,960.2,7.77,133,55.9,MEDIUM
Andhra Pradesh,Solar Energy Park,Section 30 (Physical Possession Taken),201.6,238,132,50,6,2,95.5,1,5,4,824.0,6.78,192,80.6,HIGH
Gujarat,Industrial Park,Section 23 (Award Enquiry & Valuation),89.5,106,58,25,3,0,56.7,4,8,1,365.8,3.8,110,46.2,MEDIUM
Madhya Pradesh,Metro Rail Corridor,Section 23 (Award Enquiry & Valuation),132.6,157,87,26,5,2,90.8,4,1,0,542.0,4.75,150,63.0,HIGH
Madhya Pradesh,Industrial Park,Section 30 (Physical Possession Taken),229.9,272,151,3,3,1,58.5,2,5,1,939.7,7.58,122,51.2,MEDIUM
Andhra Pradesh,Railway Dedicated Freight,R&R Scheme Implementation,83.5,98,54,23,3,1,32.9,1,4,1,341.3,3.45,112,47.0,MEDIUM
Maharashtra,Metro Rail Corridor,Section 23 (Award Enquiry & Valuation),52.6,62,34,65,2,2,45.8,8,3,5,215.0,2.47,178,74.8,HIGH
Andhra Pradesh,Railway Dedicated Freight,Section 11 (Preliminary Notification),155.1,183,101,111,1,1,39.9,6,7,2,634.0,5.16,193,81.1,HIGH
Bihar,Highway Expansion,Section 19 (Declaration of Acquisition),39.9,47,26,24,3,3,74.9,4,1,2,163.1,2.18,149,62.6,HIGH
Maharashtra,Industrial Park,Section 23 (Award Enquiry & Valuation),64.2,76,42,25,2,2,50.2,2,6,3,262.4,2.88,146,61.3,HIGH
Bihar,Metro Rail Corridor,Section 23 (Award Enquiry & Valuation),215.8,255,141,55,4,1,36.3,5,8,1,882.1,7.1,183,76.9,HIGH
Gujarat,Railway Dedicated Freight,R&R Scheme Implementation,143.9,170,94,129,2,2,26.0,9,2,3,588.2,5.09,212,89.0,HIGH
Uttar Pradesh,Solar Energy Park,Section 11 (Preliminary Notification),66.7,79,43,14,4,0,94.7,7,6,1,272.6,2.27,116,48.7,MEDIUM
Tamil Nadu,Highway Expansion,Section 19 (Declaration of Acquisition),39.2,46,25,26,2,0,82.4,4,1,1,160.2,2.36,80,33.6,MEDIUM
Maharashtra,Railway Dedicated Freight,Section 23 (Award Enquiry & Valuation),59.0,69,38,72,2,0,43.2,5,6,1,241.2,2.87,138,58.0,MEDIUM
Gujarat,Highway Expansion,Section 19 (Declaration of Acquisition),48.4,57,31,42,4,1,55.2,8,6,1,197.8,2.12,177,74.3,HIGH
Karnataka,Industrial Park,Section 30 (Physical Possession Taken),34.4,40,22,5,1,1,42.5,5,5,2,140.6,1.85,121,50.8,MEDIUM
Gujarat,Industrial Park,Section 23 (Award Enquiry & Valuation),151.0,178,98,44,3,3,65.0,6,7,3,617.2,5.61,194,81.5,HIGH
Andhra Pradesh,Railway Dedicated Freight,Section 23 (Award Enquiry & Valuation),44.0,52,28,9,2,1,16.2,6,5,1,179.8,2.03,135,56.7,MEDIUM
Andhra Pradesh,Metro Rail Corridor,Section 30 (Physical Possession Taken),75.5,89,49,32,3,2,63.1,8,8,3,308.6,3.26,193,81.1,HIGH
Tamil Nadu,Railway Dedicated Freight,R&R Scheme Implementation,63.8,75,41,34,0,1,70.8,5,2,1,260.8,2.73,71,29.8,LOW
Gujarat,Industrial Park,Section 23 (Award Enquiry & Valuation),417.2,494,274,94,0,1,65.9,1,6,2,1705.3,13.02,124,52.1,MEDIUM
Odisha,Railway Dedicated Freight,Section 19 (Declaration of Acquisition),64.6,76,42,28,1,1,61.9,4,5,0,264.1,2.86,112,47.0,MEDIUM
Uttar Pradesh,Railway Dedicated Freight,Section 11 (Preliminary Notification),23.3,27,15,15,5,2,57.5,3,2,0,95.2,1.61,148,62.2,HIGH
Andhra Pradesh,Solar Energy Park,Section 19 (Declaration of Acquisition),24.4,28,15,12,3,1,34.0,2,7,1,99.7,1.78,144,60.5,MEDIUM
Tamil Nadu,Highway Expansion,R&R Scheme Implementation,104.3,123,68,93,2,1,58.0,7,4,2,426.3,3.89,163,68.5,HIGH
Uttar Pradesh,Highway Expansion,Section 11 (Preliminary Notification),106.5,126,70,8,2,2,84.3,7,6,2,435.3,3.69,146,61.3,HIGH
Gujarat,Metro Rail Corridor,Section 19 (Declaration of Acquisition),69.3,82,45,25,1,2,81.7,8,5,2,283.3,2.8,114,47.9,MEDIUM
Gujarat,Port Connectivity Highway,Section 19 (Declaration of Acquisition),71.5,84,46,9,3,0,23.6,5,4,0,292.3,2.84,114,47.9,MEDIUM
Madhya Pradesh,Railway Dedicated Freight,Section 30 (Physical Possession Taken),20.5,24,13,67,3,2,77.1,1,2,0,83.8,1.5,125,52.5,MEDIUM
Tamil Nadu,Highway Expansion,R&R Scheme Implementation,87.7,103,57,29,3,2,44.1,6,7,0,358.5,3.58,161,67.6,HIGH
Andhra Pradesh,Railway Dedicated Freight,Section 30 (Physical Possession Taken),85.3,101,56,19,5,2,48.1,6,5,1,348.7,3.41,178,74.8,HIGH
Odisha,Railway Dedicated Freight,Section 11 (Preliminary Notification),31.2,36,20,20,4,1,61.0,8,3,4,127.5,1.96,158,66.4,HIGH
Gujarat,Highway Expansion,Section 30 (Physical Possession Taken),26.0,30,16,86,3,1,55.4,2,6,2,106.3,1.85,158,66.4,HIGH
Odisha,Metro Rail Corridor,R&R Scheme Implementation,28.2,33,18,36,0,1,48.9,9,8,1,115.3,1.96,126,52.9,MEDIUM
Gujarat,Port Connectivity Highway,Section 23 (Award Enquiry & Valuation),25.7,30,16,57,5,3,26.4,6,2,1,105.0,1.82,224,94.1,HIGH
Andhra Pradesh,Railway Dedicated Freight,Section 23 (Award Enquiry & Valuation),109.1,129,71,102,5,1,84.2,1,4,2,445.9,3.93,168,70.6,HIGH
Uttar Pradesh,Railway Dedicated Freight,Section 11 (Preliminary Notification),36.9,43,23,104,4,4,44.7,9,3,1,150.8,2.17,251,99.0,HIGH
Rajasthan,Railway Dedicated Freight,Section 23 (Award Enquiry & Valuation),44.0,52,28,18,4,1,75.3,8,7,0,179.8,2.3,169,71.0,HIGH
Uttar Pradesh,Highway Expansion,Section 30 (Physical Possession Taken),34.1,40,22,137,4,1,67.3,1,8,1,139.4,2.41,207,86.9,HIGH
Gujarat,Solar Energy Park,Section 11 (Preliminary Notification),331.6,392,217,1,1,1,78.8,8,8,1,1355.4,10.49,90,37.8,MEDIUM
Bihar,Railway Dedicated Freight,R&R Scheme Implementation,207.8,246,136,21,3,0,43.5,7,4,0,849.4,7.02,106,44.5,MEDIUM
Rajasthan,Railway Dedicated Freight,Section 11 (Preliminary Notification),41.2,48,26,102,3,3,66.6,5,2,2,168.4,2.16,203,85.3,HIGH
Rajasthan,Metro Rail Corridor,Section 11 (Preliminary Notification),54.7,64,35,14,2,2,20.6,6,6,2,223.6,2.57,161,67.6,HIGH
Odisha,Railway Dedicated Freight,Section 19 (Declaration of Acquisition),38.6,45,25,14,5,2,67.1,4,3,0,157.8,2.1,149,62.6,HIGH
Tamil Nadu,Metro Rail Corridor,Section 19 (Declaration of Acquisition),82.7,97,53,16,5,2,30.5,9,8,1,338.0,3.28,229,96.2,HIGH
Odisha,Highway Expansion,Section 11 (Preliminary Notification),17.0,20,11,43,3,2,70.9,9,3,0,69.5,1.52,176,73.9,HIGH
Odisha,Industrial Park,Section 23 (Award Enquiry & Valuation),126.3,149,82,26,1,4,51.7,1,2,3,516.2,4.74,146,61.3,HIGH
Bihar,Solar Energy Park,Section 19 (Declaration of Acquisition),89.1,105,58,58,3,1,66.2,9,9,2,364.2,3.47,189,79.4,HIGH
Uttar Pradesh,Metro Rail Corridor,R&R Scheme Implementation,243.9,289,160,101,1,2,77.6,3,9,3,996.9,8.15,184,77.3,HIGH
Uttar Pradesh,Port Connectivity Highway,Section 30 (Physical Possession Taken),33.0,39,21,50,5,2,64.4,2,9,0,134.9,2.09,200,84.0,HIGH
Karnataka,Highway Expansion,Section 19 (Declaration of Acquisition),178.0,210,116,10,1,3,70.5,4,3,3,727.6,5.92,121,50.8,MEDIUM
Gujarat,Railway Dedicated Freight,Section 11 (Preliminary Notification),172.0,203,112,121,1,2,61.1,4,2,1,703.0,5.73,175,73.5,HIGH
Bihar,Metro Rail Corridor,Section 23 (Award Enquiry & Valuation),28.6,33,18,14,4,4,56.0,9,4,1,116.9,1.91,205,86.1,HIGH
Karnataka,Metro Rail Corridor,Section 30 (Physical Possession Taken),65.8,77,42,7,6,2,57.7,4,2,1,269.0,2.77,172,72.2,HIGH
Andhra Pradesh,Railway Dedicated Freight,Section 19 (Declaration of Acquisition),33.7,39,21,4,1,1,84.1,5,8,1,137.7,1.75,94,39.5,MEDIUM
Gujarat,Railway Dedicated Freight,Section 23 (Award Enquiry & Valuation),44.4,52,28,37,3,1,31.4,6,1,0,181.5,2.61,133,55.9,MEDIUM
Gujarat,Highway Expansion,Section 23 (Award Enquiry & Valuation),45.6,54,30,5,3,2,79.0,4,2,0,186.4,2.11,113,47.5,MEDIUM
Madhya Pradesh,Railway Dedicated Freight,Section 23 (Award Enquiry & Valuation),96.2,113,62,7,5,2,29.6,1,6,1,393.2,3.45,164,68.9,HIGH
Madhya Pradesh,Highway Expansion,Section 11 (Preliminary Notification),68.0,80,44,16,2,0,69.4,2,9,2,277.9,2.79,87,36.5,MEDIUM
Maharashtra,Industrial Park,R&R Scheme Implementation,310.1,367,203,15,0,1,53.3,3,5,1,1267.5,9.92,80,33.6,MEDIUM
Maharashtra,Highway Expansion,Section 23 (Award Enquiry & Valuation),28.5,33,18,42,0,1,21.7,4,5,0,116.5,1.83,102,42.8,MEDIUM
Odisha,Highway Expansion,Section 30 (Physical Possession Taken),378.8,448,248,76,2,3,28.4,5,3,1,1548.3,12.22,193,81.1,HIGH
Andhra Pradesh,Metro Rail Corridor,Section 19 (Declaration of Acquisition),41.2,48,26,64,5,0,40.5,3,8,1,168.4,2.03,182,76.4,HIGH
Rajasthan,Metro Rail Corridor,Section 30 (Physical Possession Taken),163.2,193,107,14,2,2,61.7,1,6,1,667.1,5.72,121,50.8,MEDIUM
Rajasthan,Solar Energy Park,Section 11 (Preliminary Notification),56.4,66,36,13,1,1,47.5,8,2,0,230.5,2.84,108,45.4,MEDIUM
Madhya Pradesh,Metro Rail Corridor,Section 11 (Preliminary Notification),30.4,36,20,152,4,1,56.9,8,5,1,124.3,1.74,228,95.8,HIGH
Madhya Pradesh,Railway Dedicated Freight,Section 30 (Physical Possession Taken),210.1,248,137,0,4,3,35.7,4,4,2,858.8,7.15,166,69.7,HIGH
Madhya Pradesh,Industrial Park,R&R Scheme Implementation,51.9,61,33,95,1,1,73.1,7,9,2,212.1,2.12,163,68.5,HIGH
Bihar,Railway Dedicated Freight,Section 11 (Preliminary Notification),122.5,145,80,10,1,0,78.7,4,4,1,500.7,4.86,72,30.2,LOW
Tamil Nadu,Highway Expansion,Section 11 (Preliminary Notification),98.6,116,64,132,5,0,84.6,3,8,3,403.0,4.02,191,80.2,HIGH
Maharashtra,Metro Rail Corridor,Section 30 (Physical Possession Taken),78.8,93,51,19,2,1,63.7,7,1,1,322.1,3.12,103,43.3,MEDIUM
Bihar,Solar Energy Park,Section 11 (Preliminary Notification),83.5,98,54,26,3,2,65.6,6,5,1,341.3,3.56,157,65.9,HIGH
Uttar Pradesh,Railway Dedicated Freight,R&R Scheme Implementation,146.8,173,96,55,5,1,73.5,1,9,0,600.0,5.46,191,80.2,HIGH
Rajasthan,Highway Expansion,R&R Scheme Implementation,24.2,28,15,40,1,2,90.6,9,3,3,98.9,1.5,142,59.6,MEDIUM
Gujarat,Highway Expansion,R&R Scheme Implementation,125.3,148,82,17,0,0,26.4,2,6,4,512.2,4.47,94,39.5,MEDIUM
Maharashtra,Highway Expansion,Section 19 (Declaration of Acquisition),241.2,285,158,36,3,2,52.6,3,6,2,985.9,8.17,167,70.1,HIGH
Karnataka,Railway Dedicated Freight,R&R Scheme Implementation,21.0,24,13,59,1,2,70.1,5,6,0,85.8,1.61,121,50.8,MEDIUM
Uttar Pradesh,Metro Rail Corridor,R&R Scheme Implementation,30.2,35,19,2,5,4,98.8,3,4,0,123.4,1.95,161,67.6,HIGH
Maharashtra,Highway Expansion,Section 19 (Declaration of Acquisition),141.1,167,92,1,3,3,49.2,3,7,1,576.7,5.05,167,70.1,HIGH
Bihar,Solar Energy Park,Section 23 (Award Enquiry & Valuation),72.5,85,47,28,5,1,24.4,8,3,0,296.3,3.25,176,73.9,HIGH
Andhra Pradesh,Industrial Park,Section 11 (Preliminary Notification),66.7,79,43,6,3,1,53.2,4,6,1,272.6,3.01,128,53.8,MEDIUM
Gujarat,Metro Rail Corridor,R&R Scheme Implementation,29.7,35,19,49,1,2,23.8,2,5,0,121.4,1.87,138,58.0,MEDIUM
Maharashtra,Industrial Park,Section 11 (Preliminary Notification),85.7,101,56,11,0,0,68.5,5,3,0,350.3,3.03,48,20.2,LOW
Tamil Nadu,Highway Expansion,Section 30 (Physical Possession Taken),28.5,33,18,26,0,1,52.0,2,2,1,116.5,1.94,74,31.1,LOW
Madhya Pradesh,Railway Dedicated Freight,Section 11 (Preliminary Notification),79.7,94,52,10,2,0,45.7,8,1,3,325.8,3.43,94,39.5,MEDIUM
Madhya Pradesh,Metro Rail Corridor,Section 19 (Declaration of Acquisition),159.2,188,104,36,3,1,62.4,3,8,2,650.7,5.31,146,61.3,HIGH
Gujarat,Industrial Park,Section 11 (Preliminary Notification),44.9,53,29,6,3,1,37.9,2,1,1,183.5,2.05,97,40.7,MEDIUM
Bihar,Industrial Park,Section 11 (Preliminary Notification),80.5,95,52,1,3,1,42.0,3,5,1,329.0,3.41,116,48.7,MEDIUM
Madhya Pradesh,Highway Expansion,Section 11 (Preliminary Notification),498.0,590,327,2,0,0,48.9,3,5,2,2035.6,15.29,73,30.7,LOW
Maharashtra,Solar Energy Park,Section 23 (Award Enquiry & Valuation),131.0,155,86,139,2,2,66.2,1,1,1,535.5,4.35,166,69.7,HIGH
Karnataka,Highway Expansion,Section 23 (Award Enquiry & Valuation),199.1,235,130,7,1,0,59.2,3,9,2,813.8,6.53,97,40.7,MEDIUM
Rajasthan,Solar Energy Park,Section 30 (Physical Possession Taken),68.6,81,45,55,1,3,51.6,3,5,3,280.4,3.03,166,69.7,HIGH
Rajasthan,Port Connectivity Highway,Section 19 (Declaration of Acquisition),161.0,190,105,3,0,1,57.6,4,9,2,658.1,5.74,94,39.5,MEDIUM
Uttar Pradesh,Highway Expansion,Section 11 (Preliminary Notification),19.1,22,12,5,4,2,65.7,8,6,1,78.1,1.5,157,65.9,HIGH
Odisha,Industrial Park,Section 11 (Preliminary Notification),28.1,33,18,32,2,1,55.8,9,7,1,114.9,1.77,142,59.6,MEDIUM
Andhra Pradesh,Highway Expansion,Section 11 (Preliminary Notification),37.7,44,24,28,2,0,74.5,1,7,4,154.1,1.9,108,45.4,MEDIUM
Gujarat,Railway Dedicated Freight,Section 11 (Preliminary Notification),66.4,78,43,136,4,1,51.8,1,2,3,271.4,3.16,201,84.4,HIGH
Uttar Pradesh,Railway Dedicated Freight,Section 23 (Award Enquiry & Valuation),201.9,239,132,130,3,1,41.1,6,5,2,825.3,6.81,208,87.4,HIGH
Odisha,Metro Rail Corridor,Section 30 (Physical Possession Taken),57.5,68,37,68,3,2,31.7,1,2,1,235.0,2.51,168,70.6,HIGH
Bihar,Solar Energy Park,R&R Scheme Implementation,121.3,143,79,41,3,2,26.0,5,4,1,495.8,4.24,159,66.8,HIGH
Tamil Nadu,Metro Rail Corridor,Section 19 (Declaration of Acquisition),138.6,164,91,27,6,0,77.2,1,3,1,566.5,4.71,136,57.1,MEDIUM
Tamil Nadu,Railway Dedicated Freight,Section 11 (Preliminary Notification),103.2,122,67,20,0,1,78.0,8,6,1,421.8,4.31,84,35.3,MEDIUM
Andhra Pradesh,Industrial Park,Section 30 (Physical Possession Taken),59.2,70,38,132,3,1,70.7,5,5,0,242.0,2.66,190,79.8,HIGH
Madhya Pradesh,Port Connectivity Highway,R&R Scheme Implementation,101.1,119,66,42,3,0,42.7,6,1,3,413.2,3.81,133,55.9,MEDIUM
Maharashtra,Highway Expansion,Section 30 (Physical Possession Taken),56.9,67,37,39,4,1,31.1,4,2,1,232.6,2.59,137,57.5,MEDIUM
Uttar Pradesh,Port Connectivity Highway,Section 23 (Award Enquiry & Valuation),23.8,28,15,12,1,3,48.3,8,7,0,97.3,1.56,157,65.9,HIGH
Uttar Pradesh,Highway Expansion,R&R Scheme Implementation,508.4,602,334,2,4,1,67.9,9,9,0,2078.1,15.53,162,68.0,HIGH
Gujarat,Industrial Park,Section 30 (Physical Possession Taken),28.6,33,18,131,4,2,84.1,9,1,0,116.9,1.83,214,89.9,HIGH
Gujarat,Highway Expansion,Section 23 (Award Enquiry & Valuation),22.5,26,14,17,2,2,82.0,1,4,1,92.0,1.65,100,42.0,MEDIUM
Tamil Nadu,Highway Expansion,Section 30 (Physical Possession Taken),225.8,267,148,26,2,2,78.3,7,3,2,923.0,7.21,134,56.3,MEDIUM
Tamil Nadu,Railway Dedicated Freight,Section 30 (Physical Possession Taken),50.9,60,33,5,3,1,46.4,4,5,5,208.1,2.64,150,63.0,HIGH
Karnataka,Metro Rail Corridor,R&R Scheme Implementation,120.1,142,78,82,2,2,61.7,8,5,1,490.9,4.33,183,76.9,HIGH
Karnataka,Railway Dedicated Freight,Section 23 (Award Enquiry & Valuation),54.9,65,36,1,2,3,58.7,7,2,1,224.4,2.44,140,58.8,MEDIUM
Madhya Pradesh,Highway Expansion,Section 11 (Preliminary Notification),64.7,76,42,81,3,0,44.0,1,5,2,264.5,2.71,142,59.6,MEDIUM
Karnataka,Metro Rail Corridor,Section 19 (Declaration of Acquisition),45.4,53,29,7,3,1,44.6,1,4,0,185.6,2.09,116,48.7,MEDIUM
Maharashtra,Solar Energy Park,R&R Scheme Implementation,57.0,67,37,98,2,3,73.4,1,1,1,233.0,2.68,168,70.6,HIGH
Maharashtra,Railway Dedicated Freight,Section 23 (Award Enquiry & Valuation),67.9,80,44,59,2,2,52.6,2,1,0,277.5,3.12,127,53.3,MEDIUM
Uttar Pradesh,Highway Expansion,Section 30 (Physical Possession Taken),142.4,168,93,8,2,1,78.9,2,1,2,582.1,4.93,74,31.1,LOW
Rajasthan,Railway Dedicated Freight,Section 23 (Award Enquiry & Valuation),86.6,102,56,38,4,2,82.0,9,8,2,354.0,3.11,186,78.1,HIGH
Maharashtra,Highway Expansion,Section 19 (Declaration of Acquisition),302.5,358,198,17,5,1,91.5,5,3,1,1236.5,9.45,145,60.9,MEDIUM
Odisha,Industrial Park,Section 19 (Declaration of Acquisition),19.3,22,12,9,4,1,48.6,1,9,2,78.9,1.5,159,66.8,HIGH
Tamil Nadu,Industrial Park,Section 11 (Preliminary Notification),84.9,100,55,88,4,1,49.4,7,2,2,347.0,3.18,185,77.7,HIGH
Gujarat,Metro Rail Corridor,Section 11 (Preliminary Notification),102.8,121,67,23,3,1,53.2,2,9,0,420.2,3.82,135,56.7,MEDIUM
Karnataka,Railway Dedicated Freight,Section 19 (Declaration of Acquisition),267.8,317,176,23,2,2,68.7,3,9,1,1094.6,8.55,127,53.3,MEDIUM
Uttar Pradesh,Industrial Park,R&R Scheme Implementation,20.0,23,12,8,6,2,33.0,4,4,3,81.7,1.57,198,83.2,HIGH
Andhra Pradesh,Metro Rail Corridor,R&R Scheme Implementation,100.2,118,65,22,1,3,88.9,3,4,1,409.6,3.58,106,44.5,MEDIUM
Gujarat,Industrial Park,Section 30 (Physical Possession Taken),207.2,245,136,92,0,0,44.8,3,4,1,846.9,7.04,107,44.9,MEDIUM
Odisha,Metro Rail Corridor,Section 11 (Preliminary Notification),42.7,50,27,20,2,2,34.0,9,1,2,174.5,2.55,157,65.9,HIGH
Karnataka,Industrial Park,Section 30 (Physical Possession Taken),224.0,265,147,136,0,1,23.7,4,5,2,915.6,7.7,162,68.0,HIGH
Odisha,Metro Rail Corridor,Section 11 (Preliminary Notification),16.9,20,11,132,3,1,80.2,8,6,0,69.1,1.5,193,81.1,HIGH
Tamil Nadu,Railway Dedicated Freight,Section 19 (Declaration of Acquisition),146.8,173,96,7,6,3,37.1,1,4,1,600.0,5.33,202,84.8,HIGH
Tamil Nadu,Port Connectivity Highway,R&R Scheme Implementation,285.5,338,187,9,4,1,45.6,6,8,3,1167.0,9.28,171,71.8,HIGH
Madhya Pradesh,Railway Dedicated Freight,R&R Scheme Implementation,122.1,144,80,89,2,1,79.3,1,3,2,499.1,4.48,125,52.5,MEDIUM
Uttar Pradesh,Metro Rail Corridor,Section 19 (Declaration of Acquisition),72.8,86,47,22,2,0,53.5,5,9,0,297.6,3.12,113,47.5,MEDIUM
Gujarat,Highway Expansion,Section 30 (Physical Possession Taken),19.6,23,12,0,1,1,59.1,7,7,3,80.1,1.7,123,51.7,MEDIUM
Bihar,Metro Rail Corridor,Section 30 (Physical Possession Taken),267.7,317,176,14,2,2,70.5,1,8,1,1094.2,8.84,127,53.3,MEDIUM
Bihar,Metro Rail Corridor,Section 23 (Award Enquiry & Valuation),78.5,93,51,41,4,4,92.0,9,7,1,320.9,3.08,216,90.7,HIGH
Gujarat,Highway Expansion,Section 11 (Preliminary Notification),17.9,21,11,72,5,2,58.5,9,9,2,73.2,1.66,248,99.0,HIGH
Andhra Pradesh,Highway Expansion,Section 30 (Physical Possession Taken),132.1,156,86,6,0,3,54.8,6,2,1,540.0,5.11,114,47.9,MEDIUM
Uttar Pradesh,Metro Rail Corridor,Section 19 (Declaration of Acquisition),80.7,95,52,5,1,2,32.2,2,4,2,329.9,3.49,106,44.5,MEDIUM
Odisha,Industrial Park,Section 30 (Physical Possession Taken),28.3,33,18,115,2,3,61.1,2,2,0,115.7,2.12,182,76.4,HIGH
Andhra Pradesh,Railway Dedicated Freight,R&R Scheme Implementation,39.1,46,25,63,3,0,21.3,9,8,1,159.8,1.6,185,77.7,HIGH
Rajasthan,Highway Expansion,Section 11 (Preliminary Notification),21.7,25,13,40,1,3,72.7,4,2,4,88.7,1.74,133,55.9,MEDIUM
Gujarat,Metro Rail Corridor,Section 23 (Award Enquiry & Valuation),100.4,118,65,66,0,1,47.7,6,8,1,410.4,3.93,116,48.7,MEDIUM
Odisha,Highway Expansion,Section 11 (Preliminary Notification),112.3,133,73,25,1,3,55.6,2,6,0,459.0,4.42,124,52.1,MEDIUM
Bihar,Railway Dedicated Freight,R&R Scheme Implementation,85.5,101,56,64,5,0,63.4,4,7,2,349.5,3.22,172,72.2,HIGH
Maharashtra,Highway Expansion,R&R Scheme Implementation,184.9,219,121,21,2,2,83.8,2,6,1,755.8,6.19,126,52.9,MEDIUM
Madhya Pradesh,Highway Expansion,R&R Scheme Implementation,212.3,251,139,13,2,2,83.1,3,9,1,867.8,7.25,122,51.2,MEDIUM
Bihar,Highway Expansion,R&R Scheme Implementation,110.6,131,72,59,4,4,16.2,2,4,2,452.1,3.95,235,98.7,HIGH
Uttar Pradesh,Railway Dedicated Freight,Section 19 (Declaration of Acquisition),16.3,20,11,24,1,2,28.6,8,1,0,66.6,1.51,102,42.8,MEDIUM
Tamil Nadu,Highway Expansion,Section 23 (Award Enquiry & Valuation),133.8,158,87,179,5,1,76.6,5,9,0,546.9,4.82,250,99.0,HIGH
Maharashtra,Railway Dedicated Freight,R&R Scheme Implementation,69.1,81,45,19,4,1,47.5,5,8,4,282.4,2.94,173,72.7,HIGH
Madhya Pradesh,Railway Dedicated Freight,R&R Scheme Implementation,98.4,116,64,115,3,1,66.8,8,1,0,402.2,3.93,185,77.7,HIGH
Madhya Pradesh,Railway Dedicated Freight,Section 30 (Physical Possession Taken),119.7,141,78,122,1,1,48.5,8,6,2,489.3,4.2,167,70.1,HIGH
Rajasthan,Railway Dedicated Freight,Section 23 (Award Enquiry & Valuation),58.1,68,37,12,4,1,68.6,7,4,4,237.5,2.51,153,64.3,HIGH
Rajasthan,Industrial Park,Section 11 (Preliminary Notification),264.0,312,173,72,1,1,74.4,5,2,0,1079.1,8.53,92,38.6,MEDIUM
Karnataka,Highway Expansion,Section 23 (Award Enquiry & Valuation),29.4,34,18,26,5,1,98.8,7,3,0,120.2,1.6,133,55.9,MEDIUM
Bihar,Railway Dedicated Freight,Section 23 (Award Enquiry & Valuation),126.3,149,82,112,5,3,36.8,1,9,0,516.2,4.86,240,99.0,HIGH
Bihar,Highway Expansion,Section 23 (Award Enquiry & Valuation),15.4,20,11,27,3,3,33.6,3,5,0,62.9,1.5,189,79.4,HIGH
Bihar,Highway Expansion,R&R Scheme Implementation,273.6,324,180,61,1,0,57.8,3,7,1,1118.3,8.99,106,44.5,MEDIUM
Karnataka,Metro Rail Corridor,R&R Scheme Implementation,26.9,31,17,28,3,0,66.2,2,2,3,110.0,1.59,100,42.0,MEDIUM
Andhra Pradesh,Metro Rail Corridor,Section 19 (Declaration of Acquisition),25.0,29,16,12,5,1,61.1,6,8,1,102.2,1.86,168,70.6,HIGH
Madhya Pradesh,Solar Energy Park,Section 11 (Preliminary Notification),55.5,65,36,10,1,1,29.1,3,3,1,226.9,2.27,87,36.5,MEDIUM
Maharashtra,Metro Rail Corridor,Section 30 (Physical Possession Taken),61.8,73,40,25,4,0,77.9,4,1,0,252.6,3.05,105,44.1,MEDIUM
Uttar Pradesh,Port Connectivity Highway,Section 23 (Award Enquiry & Valuation),39.1,46,25,63,4,1,69.1,3,8,1,159.8,2.35,174,73.1,HIGH
Madhya Pradesh,Highway Expansion,Section 11 (Preliminary Notification),103.0,122,67,42,3,2,92.2,7,9,4,421.0,3.84,190,79.8,HIGH
Rajasthan,Highway Expansion,Section 11 (Preliminary Notification),73.5,87,48,53,3,2,43.6,4,8,1,300.4,2.94,173,72.7,HIGH
Odisha,Highway Expansion,Section 19 (Declaration of Acquisition),18.5,21,11,15,2,1,51.7,5,1,4,75.6,1.62,125,52.5,MEDIUM
Tamil Nadu,Highway Expansion,Section 30 (Physical Possession Taken),53.5,63,35,30,2,1,63.0,7,7,0,218.7,2.23,138,58.0,MEDIUM
Karnataka,Railway Dedicated Freight,Section 23 (Award Enquiry & Valuation),181.3,214,118,2,4,2,47.1,4,7,2,741.1,6.19,166,69.7,HIGH
Gujarat,Metro Rail Corridor,Section 30 (Physical Possession Taken),132.0,156,86,77,2,2,76.6,6,4,2,539.5,4.61,169,71.0,HIGH
Odisha,Highway Expansion,Section 19 (Declaration of Acquisition),144.1,170,94,207,0,1,66.4,9,8,1,589.0,5.07,215,90.3,HIGH
Uttar Pradesh,Solar Energy Park,R&R Scheme Implementation,134.8,159,88,24,1,0,22.9,6,5,3,551.0,4.73,103,43.3,MEDIUM
Bihar,Industrial Park,Section 11 (Preliminary Notification),52.2,61,33,0,5,1,52.0,5,4,0,213.4,2.33,140,58.8,MEDIUM
Rajasthan,Highway Expansion,Section 23 (Award Enquiry & Valuation),25.5,30,16,8,2,0,45.5,1,5,2,104.2,2.07,86,36.1,MEDIUM
Rajasthan,Highway Expansion,R&R Scheme Implementation,46.8,55,30,48,3,1,61.3,8,2,0,191.3,2.5,138,58.0,MEDIUM
Rajasthan,Highway Expansion,Section 19 (Declaration of Acquisition),193.3,229,127,43,0,0,13.1,5,4,1,790.1,6.23,108,45.4,MEDIUM
Bihar,Highway Expansion,Section 30 (Physical Possession Taken),408.6,484,268,70,1,1,57.3,5,8,2,1670.1,12.52,135,56.7,MEDIUM
Gujarat,Highway Expansion,Section 11 (Preliminary Notification),83.1,98,54,13,2,1,42.9,3,7,1,339.7,3.55,118,49.6,MEDIUM
Karnataka,Railway Dedicated Freight,Section 23 (Award Enquiry & Valuation),16.0,20,11,65,1,2,58.8,2,8,1,65.4,1.65,141,59.2,MEDIUM
Odisha,Highway Expansion,R&R Scheme Implementation,30.1,35,19,52,4,0,69.9,1,7,3,123.0,1.58,138,58.0,MEDIUM
Bihar,Railway Dedicated Freight,R&R Scheme Implementation,53.9,63,35,18,3,1,56.2,9,7,2,220.3,2.68,150,63.0,HIGH
Uttar Pradesh,Port Connectivity Highway,Section 11 (Preliminary Notification),101.4,120,66,35,0,0,61.7,5,7,1,414.5,3.95,86,36.1,MEDIUM
Karnataka,Metro Rail Corridor,Section 30 (Physical Possession Taken),22.8,27,15,7,2,0,68.2,4,2,3,93.2,1.5,86,36.1,MEDIUM
Uttar Pradesh,Solar Energy Park,Section 19 (Declaration of Acquisition),302.1,357,198,27,2,2,57.7,7,3,2,1234.8,9.56,145,60.9,MEDIUM
Karnataka,Highway Expansion,Section 30 (Physical Possession Taken),60.4,71,39,96,5,2,53.6,4,1,1,246.9,2.7,203,85.3,HIGH
Gujarat,Railway Dedicated Freight,Section 30 (Physical Possession Taken),258.7,306,170,25,3,0,72.4,2,2,0,1057.4,8.41,88,37.0,MEDIUM
Tamil Nadu,Metro Rail Corridor,Section 30 (Physical Possession Taken),166.7,197,109,82,5,2,62.4,9,6,2,681.4,5.51,250,99.0,HIGH
Uttar Pradesh,Highway Expansion,Section 11 (Preliminary Notification),155.8,184,102,40,3,2,58.3,8,2,3,636.8,5.3,168,70.6,HIGH
Bihar,Highway Expansion,Section 11 (Preliminary Notification),108.3,128,71,10,1,1,74.0,4,1,6,442.7,3.97,104,43.7,MEDIUM
Karnataka,Metro Rail Corridor,Section 19 (Declaration of Acquisition),113.6,134,74,39,3,1,22.7,8,8,3,464.3,4.14,197,82.7,HIGH
Rajasthan,Metro Rail Corridor,Section 30 (Physical Possession Taken),116.6,138,76,32,4,3,68.5,9,9,2,476.6,4.23,231,97.0,HIGH
Madhya Pradesh,Railway Dedicated Freight,Section 11 (Preliminary Notification),114.1,135,75,23,2,1,50.8,2,7,2,466.4,4.24,130,54.6,MEDIUM
Rajasthan,Railway Dedicated Freight,Section 19 (Declaration of Acquisition),95.7,113,62,6,2,1,36.0,4,3,1,391.2,3.8,101,42.4,MEDIUM
Andhra Pradesh,Railway Dedicated Freight,Section 19 (Declaration of Acquisition),444.9,527,292,24,5,1,63.4,6,1,0,1818.5,14.08,143,60.1,MEDIUM
Tamil Nadu,Highway Expansion,Section 30 (Physical Possession Taken),146.8,173,96,3,5,2,67.1,7,4,3,600.0,5.37,178,74.8,HIGH
Tamil Nadu,Railway Dedicated Freight,Section 23 (Award Enquiry & Valuation),165.0,195,108,5,1,3,19.5,5,3,2,674.4,5.98,151,63.4,HIGH
Rajasthan,Highway Expansion,Section 30 (Physical Possession Taken),220.9,261,145,24,2,2,75.8,7,3,2,902.9,7.22,126,52.9,MEDIUM
Odisha,Highway Expansion,Section 23 (Award Enquiry & Valuation),39.3,46,25,16,3,2,26.8,4,2,1,160.6,1.92,156,65.5,HIGH
Gujarat,Port Connectivity Highway,Section 19 (Declaration of Acquisition),23.8,28,15,117,5,4,81.7,8,3,1,97.3,1.84,257,99.0,HIGH
Uttar Pradesh,Metro Rail Corridor,Section 11 (Preliminary Notification),81.0,95,52,21,3,2,21.6,3,5,2,331.1,3.31,171,71.8,HIGH
Bihar,Industrial Park,R&R Scheme Implementation,87.2,103,57,64,5,2,58.6,3,4,1,356.4,3.64,193,81.1,HIGH
Tamil Nadu,Railway Dedicated Freight,Section 19 (Declaration of Acquisition),191.7,227,126,34,2,3,59.2,5,1,1,783.6,6.31,145,60.9,MEDIUM
Rajasthan,Railway Dedicated Freight,Section 11 (Preliminary Notification),73.7,87,48,55,2,0,78.2,6,1,2,301.2,3.24,103,43.3,MEDIUM
Rajasthan,Highway Expansion,Section 19 (Declaration of Acquisition),99.6,118,65,14,0,2,67.6,3,1,0,407.1,3.81,77,32.3,MEDIUM
Gujarat,Highway Expansion,Section 30 (Physical Possession Taken),89.9,106,58,128,2,2,46.8,2,9,2,367.5,3.48,226,94.9,HIGH
Gujarat,Highway Expansion,Section 23 (Award Enquiry & Valuation),18.9,22,12,34,0,3,71.8,5,9,2,77.3,1.5,131,55.0,MEDIUM
Maharashtra,Industrial Park,Section 19 (Declaration of Acquisition),110.5,130,72,80,1,3,84.4,6,9,1,451.7,4.26,184,77.3,HIGH
Maharashtra,Metro Rail Corridor,Section 11 (Preliminary Notification),191.1,226,125,20,3,2,45.4,3,4,0,781.1,6.62,140,58.8,MEDIUM
Odisha,Railway Dedicated Freight,Section 30 (Physical Possession Taken),32.1,38,21,5,5,3,65.0,7,4,2,131.2,1.85,189,79.4,HIGH
Odisha,Railway Dedicated Freight,R&R Scheme Implementation,105.2,124,68,50,2,1,61.6,3,7,1,430.0,4.08,114,47.9,MEDIUM
Andhra Pradesh,Solar Energy Park,Section 30 (Physical Possession Taken),105.0,124,68,0,0,0,45.3,2,3,1,429.2,4.07,53,22.3,LOW
Odisha,Highway Expansion,Section 23 (Award Enquiry & Valuation),32.9,38,21,29,2,0,60.7,4,3,1,134.5,2.09,90,37.8,MEDIUM
Karnataka,Highway Expansion,Section 30 (Physical Possession Taken),28.2,33,18,10,2,1,96.6,3,4,1,115.3,2.0,77,32.3,MEDIUM
Gujarat,Railway Dedicated Freight,R&R Scheme Implementation,406.5,481,267,44,1,1,72.1,7,6,2,1661.6,12.99,125,52.5,MEDIUM
Bihar,Industrial Park,Section 11 (Preliminary Notification),65.0,77,42,175,5,1,78.9,8,1,1,265.7,2.77,226,94.9,HIGH
Karnataka,Port Connectivity Highway,Section 19 (Declaration of Acquisition),40.8,48,26,28,5,1,42.8,3,3,1,166.8,2.46,142,59.6,MEDIUM
Uttar Pradesh,Highway Expansion,Section 23 (Award Enquiry & Valuation),33.8,40,22,77,0,3,36.4,6,5,0,138.2,1.99,165,69.3,HIGH
Rajasthan,Solar Energy Park,R&R Scheme Implementation,125.1,148,82,32,1,1,61.6,1,4,1,511.3,4.36,96,40.3,MEDIUM
Odisha,Industrial Park,Section 23 (Award Enquiry & Valuation),109.0,129,71,31,2,2,86.7,5,8,1,445.5,3.99,136,57.1,MEDIUM
Rajasthan,Highway Expansion,Section 30 (Physical Possession Taken),118.2,140,77,120,1,3,59.1,2,9,2,483.1,4.47,207,86.9,HIGH
Tamil Nadu,Railway Dedicated Freight,Section 23 (Award Enquiry & Valuation),24.2,28,15,99,5,1,51.0,1,8,1,98.9,1.84,206,86.5,HIGH
Andhra Pradesh,Railway Dedicated Freight,R&R Scheme Implementation,239.0,283,157,69,1,1,40.7,7,9,1,976.9,7.64,168,70.6,HIGH
Tamil Nadu,Port Connectivity Highway,Section 19 (Declaration of Acquisition),64.3,76,42,16,1,2,39.5,4,8,1,262.8,2.69,135,56.7,MEDIUM
Andhra Pradesh,Highway Expansion,Section 19 (Declaration of Acquisition),52.6,62,34,35,0,2,75.1,5,1,1,215.0,2.4,98,41.2,MEDIUM
Maharashtra,Industrial Park,Section 23 (Award Enquiry & Valuation),77.1,91,50,11,4,1,68.8,2,7,0,315.1,3.03,126,52.9,MEDIUM
Rajasthan,Railway Dedicated Freight,Section 11 (Preliminary Notification),64.4,76,42,26,1,0,64.5,8,9,4,263.2,2.47,142,59.6,MEDIUM
Andhra Pradesh,Industrial Park,Section 23 (Award Enquiry & Valuation),214.2,253,140,30,2,1,49.2,3,1,1,875.5,6.68,100,42.0,MEDIUM
Madhya Pradesh,Railway Dedicated Freight,Section 30 (Physical Possession Taken),279.9,331,183,80,2,0,71.2,7,1,4,1144.1,8.93,126,52.9,MEDIUM
Karnataka,Metro Rail Corridor,Section 19 (Declaration of Acquisition),51.2,60,33,102,4,1,82.5,1,2,1,209.3,2.52,153,64.3,HIGH
Andhra Pradesh,Industrial Park,Section 19 (Declaration of Acquisition),214.5,254,141,24,1,1,49.0,1,5,2,876.8,7.27,96,40.3,MEDIUM
Andhra Pradesh,Industrial Park,Section 19 (Declaration of Acquisition),167.1,198,110,1,0,2,57.7,7,8,3,683.0,5.51,115,48.3,MEDIUM
Karnataka,Solar Energy Park,Section 11 (Preliminary Notification),282.1,334,185,89,2,3,69.0,1,8,3,1153.1,8.8,201,84.4,HIGH
Rajasthan,Highway Expansion,Section 11 (Preliminary Notification),43.2,51,28,9,5,2,54.4,9,4,3,176.6,2.13,167,70.1,HIGH
Rajasthan,Metro Rail Corridor,R&R Scheme Implementation,101.0,119,66,44,5,3,56.0,9,7,0,412.8,3.89,219,92.0,HIGH
Karnataka,Highway Expansion,Section 23 (Award Enquiry & Valuation),47.1,55,30,1,0,2,73.1,8,7,2,192.5,2.55,102,42.8,MEDIUM
Tamil Nadu,Railway Dedicated Freight,Section 23 (Award Enquiry & Valuation),188.8,223,123,23,5,2,45.5,8,9,0,771.7,6.55,206,86.5,HIGH
Madhya Pradesh,Railway Dedicated Freight,Section 30 (Physical Possession Taken),15.5,20,11,192,1,1,63.2,4,9,0,63.4,1.5,185,77.7,HIGH
Bihar,Railway Dedicated Freight,Section 19 (Declaration of Acquisition),98.2,116,64,5,3,1,81.9,4,3,1,401.4,3.88,105,44.1,MEDIUM
Uttar Pradesh,Railway Dedicated Freight,Section 11 (Preliminary Notification),56.4,66,36,25,5,2,34.3,5,8,2,230.5,2.44,213,89.5,HIGH
Madhya Pradesh,Port Connectivity Highway,Section 30 (Physical Possession Taken),54.0,63,35,17,3,3,45.2,9,5,1,220.7,2.56,171,71.8,HIGH
Rajasthan,Highway Expansion,Section 30 (Physical Possession Taken),118.5,140,77,106,4,1,37.3,3,5,4,484.4,4.38,212,89.0,HIGH
Bihar,Metro Rail Corridor,Section 11 (Preliminary Notification),205.7,243,135,92,1,0,65.3,4,8,1,840.8,7.17,134,56.3,MEDIUM
Maharashtra,Railway Dedicated Freight,Section 23 (Award Enquiry & Valuation),109.0,129,71,12,7,2,73.1,5,6,2,445.5,4.22,210,88.2,HIGH
Odisha,Highway Expansion,Section 19 (Declaration of Acquisition),206.9,245,136,4,1,1,46.5,7,1,0,845.7,6.77,73,30.7,LOW
Andhra Pradesh,Highway Expansion,Section 23 (Award Enquiry & Valuation),45.7,54,30,44,2,0,52.2,5,4,0,186.8,2.16,93,39.1,MEDIUM
Karnataka,Solar Energy Park,Section 30 (Physical Possession Taken),88.3,104,57,18,5,2,45.8,9,9,1,360.9,3.46,222,93.2,HIGH
Karnataka,Solar Energy Park,Section 19 (Declaration of Acquisition),74.9,88,48,50,2,1,35.6,6,5,2,306.2,2.83,145,60.9,MEDIUM
Andhra Pradesh,Solar Energy Park,R&R Scheme Implementation,16.2,20,11,1,0,2,73.0,3,4,0,66.2,1.5,70,29.4,LOW
Odisha,Port Connectivity Highway,Section 30 (Physical Possession Taken),96.4,114,63,6,3,3,44.0,6,1,0,394.0,3.73,153,64.3,HIGH
Uttar Pradesh,Highway Expansion,Section 23 (Award Enquiry & Valuation),123.3,146,81,52,3,1,68.9,6,9,3,504.0,4.62,163,68.5,HIGH
Odisha,Railway Dedicated Freight,Section 23 (Award Enquiry & Valuation),104.6,123,68,11,6,1,89.9,1,8,1,427.6,4.12,151,63.4,HIGH
Bihar,Metro Rail Corridor,Section 23 (Award Enquiry & Valuation),148.3,175,97,88,2,1,62.0,7,3,3,606.2,5.26,168,70.6,HIGH
Odisha,Railway Dedicated Freight,Section 11 (Preliminary Notification),99.7,118,65,3,1,1,69.0,3,9,2,407.5,3.53,92,38.6,MEDIUM
Bihar,Railway Dedicated Freight,Section 30 (Physical Possession Taken),21.9,25,13,11,3,2,94.6,1,1,1,89.5,1.5,95,39.9,MEDIUM
Odisha,Railway Dedicated Freight,Section 19 (Declaration of Acquisition),27.4,32,17,294,3,1,65.4,1,4,3,112.0,1.66,262,99.0,HIGH
Uttar Pradesh,Metro Rail Corridor,Section 23 (Award Enquiry & Valuation),105.8,125,69,26,3,0,28.6,5,5,3,432.5,4.16,133,55.9,MEDIUM
